sec,VQM
0,0.546883
1,0.307394
