{"NIQE":{"0":9.7331190109,"1":9.7617120743,"2":9.7960929871,"3":9.8372392654,"4":9.844666481,"5":9.9232673645,"6":9.9651136398,"7":10.0508117676,"8":9.9067144394,"9":9.9892778397,"10":9.8915662766,"11":9.9526557922,"12":9.9240570068,"13":10.0483570099,"14":9.8758049011,"15":9.9789075851,"16":10.0503816605,"17":10.1241197586,"18":10.048617363,"19":10.081911087,"20":9.9584789276,"21":10.1040840149,"22":10.0847072601,"23":10.0504350662,"24":9.9728450775,"25":12.1405563354,"26":12.179728508,"27":12.2316913605,"28":12.0593852997,"29":12.1007614136,"30":11.9432249069,"31":12.0041837692,"32":11.9973745346,"33":12.182970047,"34":12.2684907913,"35":12.2708559036,"36":12.2646818161,"37":12.170384407,"38":12.124833107,"39":12.1520414352,"40":12.1706848145,"41":12.1744279861,"42":12.2123842239,"43":12.266201973,"44":12.1895704269,"45":12.144033432,"46":12.1644277573,"47":12.1485757828,"48":11.9500551224,"49":12.038146019}}