{"base":"/tmp/ref.y4m","comparisons":[{"filename":"/tmp/dist.y4m","psnr_hvs":{"y":28.35792797087631,"u":32.05836694125993,"v":33.598793964155476,"avg":25.872950866407773}}]}
