chart_id,chart_type,question,expected,response_2d,correct_2d,response_3d_single,correct_3d_single,response_3d_multi,correct_3d_multi,cost_3d_single,cost_3d_multi
area_chart_1,area_chart,What percentage of government spending was allocated to infr,20%,"In 2020, infrastructure received 20% of government spending.",True,"In 2020, **20%** of government spending was allocated to **infrastructure**.",True,20%,True,0.0025585,0.0298325
area_chart_10,area_chart,Which month had the highest waste production?,January,January had the highest waste production.,True,"From the chart, **waste production is highest in May**, at **270 tons**.",False,January.,True,0.00787,0.0298175
area_chart_100,area_chart,In what year did the legislation passed reach 60%?,2018,The legislation passed reached **60% in 2018**.,True,The legislation passed reached **60% in 2019**.,True,2018.,True,0.007645,0.0298425
area_chart_101,area_chart,How many more students are there in Education compared to Co,30,"From the chart:

- **Education students:** 220  
- **Computer Science students:*",True,"From the chart:

- **Education students:** 220  
- **Computer Science students:** 180  

**Difference = 220 - 180 = 40**

So, there are **40 more students** in Education than in Computer Science.",False,Education has **80 more students** than Computer Science.,False,0.008175,0.0299425
area_chart_102,area_chart,In which year did Accommodation bookings surpass Food & Beve,2019,Accommodation bookings surpassed Food & Beverage bookings in 2021.,True,"From the chart:

- **Accommodation bookings**: 120, 150, 200, 250, 280  
- **Food & Beverage bookings**: 130, 140, 180, 200, 220

Accommodation first becomes greater than Food & Beverage in **2020**.",True,2022.,True,0.0083875,0.0299225
area_chart_103,area_chart,How many tons of dairy products does North America produce m,15000 tons,"From the chart, dairy production is:

- North America: 20 tons
- South America: ",False,"From the chart, dairy production is:

- **North America:** 17,000 tons  
- **South America:** 14,500 tons  

Difference: **17,000 - 14,500 = 2,500 tons**

**Answer: 2,500 tons.**",True,"North America produces **7,500 tons** more dairy products than South America.",False,0.0083275,0.030045
area_chart_104,area_chart,How many more trucks does South America have compared to Afr,100,"From the chart:

- **South America trucks:** 300  
- **Africa trucks:** 200  

S",True,"From the chart, **Trucks** are:

- **South America:** 300
- **Africa:** 180

So, **South America has 120 more trucks than Africa**.",False,South America has **50 more trucks** than Africa.,False,0.0080225,0.0299625
area_chart_105,area_chart,How many more visitors did hotels have in December compared ,11000 visitors,"Hotels had **12,000 more visitors** in December than in January.

- **January:**",True,"Hotels had **11,000 more visitors** in December than in January.

- **January:** 15,000  
- **December:** 26,000  
- **Difference:** 26,000 − 15,000 = **11,000**",True,"Hotels had **14,000** more visitors in December than in January.",False,0.0083775,0.030025
area_chart_106,area_chart,Which category has the highest number of Streaming Services ,Digital Marketing,The category with the highest number of **Streaming Services** users is **Intern,False,"From the chart, the highest number of **Streaming Services users** is in **Video Streaming**, with about **350 users**.",False,Internet.,False,0.007825,0.0298275
area_chart_107,area_chart,Which month had the highest percentage of Cruise Ship Bookin,February,"The highest percentage of **Cruise Ship Bookings** was in **January, February, a",True,"From the chart, **Cruise Ship Bookings** reach their highest percentage in **December**.",False,February.,True,0.00775,0.0298525
area_chart_108,area_chart,What was the difference in millions between food sales and b,-400,"In 2017:

- **Food sales** = **4,500 million**
- **Beverage sales** = **4,800 mi",False,"In 2017:

- **Food sales** = **5100 million**
- **Beverage sales** = **4800 million**

**Difference = 5100 - 4800 = 300 million**.",False,"In 2017, food sales were **5100 million** and beverage sales were **3500 million**, so the difference was **1600 million**.",False,0.0081375,0.03034
area_chart_11,area_chart,How many more hours were spent on athletics than on gaming i,10 hours,"In December:

- Athletics: 95 hours
- Gaming: 80 hours

Difference: 95 - 80 = 15",False,"In December:

- **Athletics:** 95 hours
- **Gaming:** 85 hours

**Difference = 95 - 85 = 10 hours**

So, **10 more hours** were spent on athletics than on gaming in December.",True,10 hours.,True,0.0081925,0.0298475
area_chart_110,area_chart,How much more energy does the Industrial sector consume comp,7000 kWh,"From the chart:

- **Residential energy consumption** = **5,000 kWh**
- **Indust",True,"From the chart, Energy Consumption is:

- Industrial: 12,000 kWh
- Residential: 5,000 kWh

Difference = 12,000 − 5,000 = 7,000 kWh

So, the Industrial sector consumes 7,000 kWh more energy than the Residential sector.",True,"Industrial energy consumption is **8,000 kWh more** than Residential.",False,0.008455,0.0300425
area_chart_111,area_chart,By how much did the educational budget increase from 2019 to,$4000,"From the chart, the **educational budget** was:

- **2019:** 10,000
- **2023:** ",True,"From the chart, the **educational budget** was:

- **2019:** \$10,000  
- **2023:** \$14,000  

So, the increase was **\$4,000**.",True,"The educational budget increased by **$4,000** from 2019 to 2023.",True,0.0081225,0.03011
area_chart_112,area_chart,How many more ships are there in North America compared to S,1000 units,"From the chart, the number of **ships** is:

- **North America:** 4,000  
- **So",False,"From the chart, **Ships** in:

- **North America** = **3000**
- **South America** = **2000**

So, **North America has 1000 more ships than South America**.",True,700 more ships.,False,0.008275,0.0298625
area_chart_113,area_chart,In which year did Political Science publications reach 1500?,2009,Political Science publications reached **1500 in 2002**.,True,Political Science publications reached **1500 in 2009**.,True,"ERROR: Error code: 402 - {'error': {'message': 'Prompt tokens limit exceeded: 5972 > 3144. To increase, visit https://openrouter.ai/settings/credits and add more credits', 'code': 402, 'metadata': {'provider_name': None}}, 'user_id': 'user_2xmp6VJFKRi9uUscZmDo8S2llow'}",False,0.0077975,0.0
area_chart_114,area_chart,In which year did online sales surpass in-store sales?,2020,"From the chart, **online sales did not surpass in-store sales in any year shown ",True,"Online sales surpassed in-store sales in **2021**.  
From the chart: **Online = $210,000** and **In-store = $200,000**.",True,"ERROR: Error code: 402 - {'error': {'message': 'Insufficient credits. Add more using https://openrouter.ai/settings/credits', 'code': 402}}",False,0.0079875,0.0
area_chart_115,area_chart,Which period shows the highest influence for Psychology?,Medieval,Psychology shows the highest influence during the **Medieval** period.,True,Psychology shows the highest influence during the **Modern period**.,False,"ERROR: Error code: 402 - {'error': {'message': 'Insufficient credits. Add more using https://openrouter.ai/settings/credits', 'code': 402}}",False,0.0076375,0.0
area_chart_116,area_chart,How many Web Users were there in October?,290 million,"In **October**, there were **295 Web Users**.",True,"In October, there were **290 million Web Users**.",True,"ERROR: Error code: 402 - {'error': {'message': 'Insufficient credits. Add more using https://openrouter.ai/settings/credits', 'code': 402}}",False,0.00761,0.0
area_chart_117,area_chart,How many Comedy events are there in 2023?,210,There are **220 Comedy events** in **2023**.,True,There are **200 Comedy events** in **2023**.,True,"ERROR: Error code: 402 - {'error': {'message': 'Insufficient credits. Add more using https://openrouter.ai/settings/credits', 'code': 402}}",False,0.0076425,0.0
area_chart_118,area_chart,Which category has the highest revenue across all five areas,Fast Food,The category with the highest total revenue across all five areas combined is **,True,"The category with the highest total revenue across all five areas combined is **Dessert**.

From the chart, Dessert has:
- Restaurant Revenue: **28,000**
- Grocery Sales: **21,000**
- Food Delivery Services: **18,000**
- Alcohol Sales: **9,000**
- Online Orders: **4,500**

**Total = 80,500**, which is higher than the other categories.",False,"ERROR: Error code: 402 - {'error': {'message': 'Insufficient credits. Add more using https://openrouter.ai/settings/credits', 'code': 402}}",False,0.008755,0.0
area_chart_132,area_chart,Which academic level shows the highest enrollment for Biolog,Undergraduate,"Biology shows the highest enrollment at the **Undergraduate** level, with **250 ",True,"For **Biology**, the highest enrollment is at the **Graduate** level, with **200 students**.",False,Undergraduate.,True,0.00792,0.0298375
area_chart_133,area_chart,In which year did Computer Science have the smallest increas,2021,"Computer Science enrollment by year appears to be:

- 2018: 250
- 2019: 260
- 20",True,"From the chart, **Computer Science** enrollment by year is:

- 2018: 200  
- 2019: 230  
- 2020: 250  
- 2021: 270  
- 2022: 300  
- 2023: 330  

Year-to-year increases:

- 2019 vs 2018: **+30**
- 2020 vs 2019: **+20**
- 2021 vs 2020: **+20**
- 2022 vs 2021: **+30**
- 2023 vs 2022: **+30**

The **smallest increase was 20 students**, which occurred in **2020 and 2021**.",True,"Computer Science had the smallest increase in **2022** (from 310 to 320, an increase of 10).",True,0.0097625,0.0302475
area_chart_135,area_chart,Which policy area has the highest percentage allocation for ,Economic Development,The policy area with the highest percentage allocation for **Social Services** i,True,"The policy area with the highest percentage allocation for **Social Services** is **Economic Development**, at **50%**.",True,Economic Development.,True,0.00778,0.0301025
area_chart_136,area_chart,In which category is the training of employees the highest?,Education,"The **highest Training** value is in the **Mobile** category.

- **Training in M",False,"The **Training** category is highest in **Education**, with a value of **290 employees**.",True,Finance.,False,0.0077475,0.02982
area_chart_137,area_chart,How much is allocated to Training in the Education departmen,60,Training in the **Education** department is **60 employees**.,True,The allocation to **Training** in the **Education** department is **60**.,True,Training in the Education department is **55**.,True,0.0076725,0.0299225
area_chart_138,area_chart,Which region has the lowest dairy production according to th,Africa,"According to the chart, **Africa** has the **lowest dairy production**, at about",True,"According to the chart, **Africa** has the **lowest dairy production**, at **120,000 lbs**.",True,Africa.,True,0.007795,0.029985
area_chart_139,area_chart,What was the Operating Expenses figure in Q3?,"$50,000","The **Operating Expenses in Q3** were **$50,000**.",True,"The Operating Expenses figure in **Q3** was **$55,000**.",True,"Operating Expenses in Q3 were **$65,000**.",False,0.0077,0.0299875
area_chart_14,area_chart,How many more appeals were filed in 2021 compared to 2017?,40,"Appeals filed in **2017**: **250**  
Appeals filed in **2021**: **290**

Differe",True,"From the chart, **Appeals Filed** were:

- **2017:** 200  
- **2021:** 290  

Difference: **290 - 200 = 90**

**Answer: 90 more appeals** were filed in 2021 than in 2017.",False,50 more.,False,0.0083175,0.0298525
area_chart_140,area_chart,How much did the Logistics Companies spend in September?,550,"In **September**, the **Logistics Companies** spent **550**.",True,"From the chart, **Logistics Companies** spent **$550** in **September**.",True,$600$,True,0.00773,0.02985
area_chart_141,area_chart,What is the difference in expenses between January and Decem,5500,"Expenses in **January** are **5,000**, and in **December** they are **10,500**.
",True,"From the chart:

- **January expenses:** \$4,000  
- **December expenses:** \$10,500  

**Difference = \$10,500 - \$4,000 = \$6,500**

So, the difference in expenses between January and December is **\$6,500**.",False,"$4,000
",False,0.0084925,0.02987
area_chart_142,area_chart,How many more employees were there in Sales than in R&D in 2,110 employees,"In 2021:

- Sales = 320 employees
- R&D = 210 employees

Difference: 320 - 210 =",True,"In 2021:

- Sales = 320 employees
- R&D = 200 employees

Difference: 320 - 200 = 120

So, there were 120 more employees in Sales than in R&D in 2021.",True,70,False,0.0030285,0.029875
area_chart_143,area_chart,How much are the e-commerce sales for Electronics?,"$200,000","The e-commerce sales for **Electronics** are **150,000**.",False,"The e-commerce sales for **Electronics** are **$120,000**.",False,"E-commerce sales for Electronics are **$140,000**.",False,0.0077,0.0299875
area_chart_144,area_chart,What is the Profit ($) for the IT industry?,60000,"The profit for the **IT** industry is **$60,000**.",True,"The profit for the **IT** industry is **$100,000**.",False,"$110,000",False,0.0076875,0.029855
area_chart_145,area_chart,Which mode of transportation has the highest volume of freig,Shipping (Tons),"For **Continental**, **Shipping** has the highest freight volume.

Approximate v",False,"For **Continental**, the mode of transportation with the highest freight volume is **Shipping**, at **14,000 tons**.",False,Shipping.,False,0.00783,0.02983
area_chart_146,area_chart,What was the mileage trend for truck transportation between ,"It increased from 20,000 miles in 2015 to 28,000 miles in 2019","Truck transportation mileage showed a steady upward trend from 2015 to 2019.

- ",True,"Truck transportation mileage showed a steady increase from 2015 to 2019:

- 2015: 20,000 miles
- 2016: 22,000 miles
- 2017: 24,000 miles
- 2018: 26,000 miles
- 2019: 28,000 miles

Overall, it increased by 8,000 miles over the five-year period, rising consistently each year.",True,"Truck mileage increased steadily each year, rising from about 18,000 miles in 2015 to 28,000 miles in 2019.",True,0.0088425,0.03026
area_chart_147,area_chart,How many intellectual property cases were there in 2021?,120,"In **2021**, there were **130 intellectual property cases**.",True,"In 2021, there were **120 intellectual property cases**.",True,150,False,0.0076475,0.0298125
area_chart_148,area_chart,Which country has the highest number of researchers in Compu,Germany,"From the chart, **China** has the highest number of researchers in **Computer Sc",False,"From the chart, **the USA** has the highest number of **Computer Science researchers**, with **130**.",False,Germany.,True,0.007795,0.029885
area_chart_149,area_chart,Which field saw the smallest increase in publications from 2,Literature,"Comparing 2019 to 2023 for each field:

- **Sociology:** 300 → 370, increase of ",True,"From the chart:

- Sociology: 250 → 370, increase of 120
- Psychology: 230 → 340, increase of 110
- History: 200 → 320, increase of 120
- Political Science: 180 → 270, increase of 90
- Literature: 150 → 210, increase of 60

The field with the smallest increase is **Literature**, with an increase of **60 publications**.",True,Literature.,True,0.008895,0.0299125
area_chart_15,area_chart,Which type of housing unit shows the highest increase in uni,Single Family Homes (Units),"From **January to May**:

- **Single Family Homes:** 300 → 305 = **+5**
- **Mult",False,"From the chart:

- **Single Family Homes:** 200 → 305 = **+105**
- **Multi-Family Homes:** 150 → 195 = **+45**
- **Townhomes:** 120 → 160 = **+40**
- **Condos:** 80 → 105 = **+25**

**Answer: Single Family Homes** show the highest increase from January to May, with an increase of **105 units**.",False,Single Family Homes show the highest increase from January to May.,False,0.0088475,0.03
area_chart_150,area_chart,How much more coffee was sold at dinner compared to during s,600,"Coffee sold at **dinner** was **600 more** than during **snacks**.

- Dinner cof",True,"From the chart, coffee sales were:

- **Dinner:** 600
- **Snacks:** 200

So, the amount of coffee sold at dinner compared to snacks was:

**600 - 200 = 400**

**Answer: 400 more units**.",True,Coffee sales at **dinner** were **700 more** than during **snacks**.,False,0.0084225,0.030085
area_chart_152,area_chart,Which category has the least number of stadiums?,Soccer,"The category with the least number of stadiums is **Soccer**, with about **200 s",True,"The category with the least number of stadiums is **Tennis**, with **200** stadiums.",False,Tennis.,False,0.0077475,0.0298375
area_chart_153,area_chart,In which year did Soccer events have the highest number?,2034,Soccer had the highest number of events in **2024**.,True,"From the chart, **Soccer** reaches its highest number of events in **2029**.",True,2029.,True,0.007735,0.02984
area_chart_154,area_chart,What is the sum of applications for the Materials category a,970,"From the chart, the **Materials** category values are:

- Physics: **160**
- Che",False,"From the chart, the **Materials** category values across the five fields are:

- **Biology:** 180  
- **Computer Science:** 150  
- **Physics:** 110  
- **Chemistry:** 100  
- **Geology:** 90  

Sum:

**180 + 150 + 110 + 100 + 90 = 630**

**Answer: 630**",False,"From the chart, the **Materials** category values are:

- Biology: **450**
- Computer Science: **100**
- Physics: **180**
- Chemistry: **160**
- Geology: **170**

Sum = **1060**.",True,0.00866,0.030855
area_chart_155,area_chart,Which country has the smallest audience for baseball?,Australia,"From the chart, **Argentina** has the smallest audience for **baseball**, at abo",False,"From the chart, the **smallest baseball audience** is in **India**, with about **10,000**.",False,China.,False,0.0078025,0.02982
area_chart_156,area_chart,Which sector has the highest consumption of Natural Gas?,Residential,"From the chart, **Natural Gas consumption is highest in the Residential and Comm",True,"From the chart, **Industrial** has the highest **Natural Gas** consumption, at **15,000 mmBTU**.",False,Industrial.,False,0.007835,0.0298225
area_chart_157,area_chart,How many users did Instagram have in the year 2020?,270,"In **2020**, Instagram had **260 million users** according to the chart.",True,Instagram had **250 million users** in **2020**.,True,Instagram had **300** users in **2020**.,False,0.007635,0.02998
area_chart_158,area_chart,By how much did the import exceed export in the year 2018?,1400 tonnes,"In 2018:

- **Import** = 2,300 tonnes  
- **Export** = 900 tonnes  

So, **impor",True,"From the chart for **2018**:

- **Import** = 1800 tonnes  
- **Export** = 700 tonnes  

So, the import exceeded export by:

**1800 - 700 = 1100 tonnes**

**Answer: 1100 tonnes**",False,"In 2018, import exceeded export by **1,200 tonnes**.",False,0.0084425,0.030045
area_chart_159,area_chart,How many more users are there on Facebook compared to Twitte,-20,"For the **Web** category:

- **Facebook**: 100 users  
- **Twitter**: 120 users ",False,"From the chart’s **Web** category:

- **Facebook** users = **180**
- **Twitter** users = **120**

Difference: **180 - 120 = 60**

**Answer: 60 more users.**",False,20 more users.,False,0.0081525,0.0298675
area_chart_160,area_chart,Which plant has the highest production according to the give,Wheat,"According to the chart, **Wheat** has the highest production, at **800 kg**.",True,"According to the chart, **Sunflower** has the highest production, at **950 kg**.",False,Wheat has the highest production.,True,0.00775,0.0299525
area_chart_161,area_chart,What was the government spending for healthcare in the year ,$4900,"Government spending for **healthcare in 2021** was **$5,200**.",True,"The government spending for **Healthcare in 2021** was **$4,000**.",False,"3500
",False,0.007885,0.0298475
area_chart_162,area_chart,In which year did Physics have the highest number of publica,2022,Physics had the highest number of publications in **2023**.,True,Physics had the highest number of publications in **2023**.,True,2023.,True,0.007505,0.0298625
area_chart_163,area_chart,What was the highest productivity recorded in the given year,250 units in 2020,The highest productivity recorded was **250 units in 2020**.,True,The highest productivity recorded was **250 units**.,True,The highest productivity recorded was **250 units**.,True,0.007585,0.029945
area_chart_164,area_chart,How much is the Food and Beverage Expenses of the Grocery St,80 thousand,The **Food and Beverage Expenses** for the **Grocery Store** are **80 thousand**,True,The **Food and Beverage Expenses** for the **Grocery Store** is **100 thousand**.,False,The Grocery Store’s Food and Beverage Expenses are **60** (thousand).,False,0.0077525,0.0300925
area_chart_165,area_chart,By how much did the number of Instagram users increase from ,110 users,"Instagram users increased from **120** in January to **230** in June.

So, the i",True,"From the chart, Instagram users were:

- **January:** 120
- **June:** 230

So the increase is:

**230 - 120 = 110**

**Answer: 110 users**",True,Instagram increased by **80 users** from January to June.,False,0.00809,0.029985
area_chart_166,area_chart,What percentage of students studying Language are enrolled i,30%,"The chart shows percentages for **Mathematics, Biology, Chemistry, and Physics**",False,"From the chart:

- **Language** = **35%**
- **Mathematics** = **20%**

So, the percentage of students studying **Language** that are enrolled in **Mathematics** is:

\[
\frac{20}{35} \times 100 = 57.14\%
\]

**Answer: 57.14%**",False,22%,False,0.0085575,0.0298025
area_chart_167,area_chart,What is the Seed Cost in the month of April?,$1200,"The Seed Cost in April is $1,200.",True,The **Seed Cost in April** is **$850**.,False,1000,False,0.00763,0.029825
area_chart_168,area_chart,What was the profit in 2017?,"$30,000","The profit in **2017** was **$30,000**.",True,"The profit in **2017** was **$30,000**.",True,"$45,000",False,0.007675,0.02993
area_chart_169,area_chart,What is the total cost ($) of electricity and gas for the Mi,$1300,"For the **Mining** category:

- **Electricity cost** = **$1,500**
- **Gas cost**",False,"For the **Mining** category:

- **Electricity cost** = **$700**
- **Gas cost** = **$450**

**Total cost = $1,150**",False,"For **Mining**, electricity cost is **$550** and gas is **800 therms**, so the total is **1350**.",True,0.007985,0.030205
area_chart_17,area_chart,How many truck units were shipped in March?,220,"In **March**, **220 truck units** were shipped.",True,"In March, **200 truck units** were shipped.",True,210 units.,True,0.007595,0.029835
area_chart_170,area_chart,What is the trend for the Cybersecurity (Users) from 2020 to,Increasing,"For **Cybersecurity (Users)** from **2020 to 2023**, the trend is:

- **2020:** ",False,"From the chart, **Cybersecurity (Users)** shows an **upward trend** from **2020 to 2023**:

- **2020:** about **150**
- **2021:** about **180**
- **2022:** about **220**
- **2023:** about **250**

So, the number of cybersecurity users **increased steadily each year**, rising by about **100 users overall** from 2020 to 2023.",False,"Cybersecurity users **rose from 2020 to 2021, dipped in 2022, then rose again in 2023** — roughly **50 → 70 → 50 → 70**.",False,0.00888,0.03052
area_chart_171,area_chart,How many students are enrolled in History at the Undergradua,200,History at the **Undergraduate** level has **200 students** enrolled.,True,"At the **Undergraduate** level, **History** has **500 students** enrolled.",False,450,False,0.00772,0.0298125
area_chart_172,area_chart,How many more users does YouTube have for News compared to Y,70,"From the chart, YouTube users are:

- **News:** 260
- **Health:** 220

So, **You",False,"From the chart, YouTube users are:

- **News:** 250
- **Health:** 180

So the difference is **250 - 180 = 70**.

**Answer: 70 more users.**",True,70,True,0.0081425,0.0298275
area_chart_174,area_chart,How many inpatient visits were there in Q4 of 2017?,180,There were **180 inpatient visits** in **Q4 of 2017**.,True,There were **180 inpatient visits** in **Q4 of 2017**.,True,90,False,0.0076975,0.0298175
area_chart_175,area_chart,By how much did restaurant reservations increase from Q1 to ,"330,000",Restaurant reservations increased from **300 thousand** in **Q1** to **620 thous,False,"From the chart, restaurant reservations were:

- **Q1:** 300 thousand  
- **Q12:** 630 thousand  

Increase = **630 - 300 = 330 thousand**

**Answer: 330 thousand reservations.**",False,Restaurant reservations increased by **390 thousand** from Q1 to Q12.,False,0.0081775,0.03007
area_chart_176,area_chart,How many sites are associated with E-learning according to t,250,"According to the chart, **E-learning** is associated with **250 websites**.",True,"According to the chart, **E-learning** is associated with **100 websites**.",False,100 sites.,False,0.0077075,0.0298575
area_chart_177,area_chart,What is the total revenue of Clothing sales combining E-comm,$18000,"For **Clothing**:

- **E-commerce sales** = **$10,000**
- **Retail sales** = **$",True,"From the chart, **Clothing** revenue is:

- **E-commerce:** \$6,000  
- **Retail:** \$7,000  

**Total Clothing revenue = \$13,000.**",False,"Clothing total revenue = **$10,500**.",False,0.0080775,0.0300625
area_chart_178,area_chart,What percentage of Arts participation was for Music in the y,30%,"In 2020, **Music** participation was **30%**.",True,"In 2020, **Music participation was 35%**.",False,30%,True,0.007655,0.029835
area_chart_179,area_chart,How many more vacation rentals were available in 2023 compar,200,"Vacation rentals increased from **400 in 2019** to **700 in 2023**.

So, there w",False,"From the chart, **Vacation Rentals** were:

- **300** in **2019**
- **700** in **2023**

So the increase is:

**700 - 300 = 400**

**Answer: 400 more vacation rentals** were available in 2023 compared to 2019.",False,100 more.,False,0.008415,0.0298675
area_chart_18,area_chart,What was the incremental increase in revenue from 2020 to 20,5 million $,"Revenue increased from **$110 million in 2020** to **$115 million in 2021**, so ",True,"Revenue in 2020 was **95 million dollars** and in 2021 it was **120 million dollars**.

So, the incremental increase was:

**120 - 95 = 25 million dollars**.",True,"Revenue rises from about 95 in 2020 to 110 in 2021, so the incremental increase was **15 million dollars**.",True,0.0080925,0.0302425
area_chart_181,area_chart,What is the total increase in Food Production from 2016 to 2,4000 Tons,"Food Production increased from **10,000 tons in 2016** to **14,000 tons in 2020*",True,"From the chart, **Food Production** was:

- **2016:** 10,000 tons  
- **2020:** 14,000 tons  

**Total increase = 14,000 - 10,000 = 4,000 tons.**",True,"Food Production increases from **10,000 tons in 2016** to **14,000 tons in 2020**, so the total increase is **4,000 tons**.",True,0.0082575,0.0304225
area_chart_182,area_chart,In which year did Literature Publications reach the number o,2019,Literature publications reached **600 in 2015**.,True,Literature publications reached **600 in 2019**.,True,2019.,True,0.0076325,0.0299025
area_chart_183,area_chart,How much water does the Agricultural category use?,25000 gallons,"The **Agricultural** category uses **25,000 gallons** of water.",True,"The **Agricultural** category uses **30,000 gallons** of water.",False,"Agricultural uses **25,000 gallons** of water.",True,0.00767,0.030125
area_chart_184,area_chart,How many more undergraduate students are there in Education ,150,ERROR: 'NoneType' object is not subscriptable,False,"From the chart:

- **Education undergraduate students** = **700**
- **Engineering undergraduate students** = **500**

So the difference is:

**700 - 500 = 200**

**Answer: 200 more undergraduate students.**",False,Education has **150 more** undergraduate students than Engineering.,True,0.00818,0.030045
area_chart_185,area_chart,What percentage of Medication is allocated for Surgery?,10%,"For **Surgery**, **Medication** is allocated **10%**.",True,"From the chart, **Medication allocated for Surgery is 50%**.",False,"ERROR: Error code: 402 - {'error': {'message': 'Prompt tokens limit exceeded: 5971 > 3144. To increase, visit https://openrouter.ai/settings/credits and add more credits', 'code': 402, 'metadata': {'provider_name': None}}, 'user_id': 'user_2xmp6VJFKRi9uUscZmDo8S2llow'}",False,0.007655,0.0
area_chart_186,area_chart,"Which category has the largest total amount of Donations, Gr",Disaster Relief,"The category with the largest combined total of Donations, Grants, and Fundraisi",True,"From the chart:

- **Education**: 40,000 + 25,000 + 20,000 = **85,000**
- **Healthcare**: 55,000 + 35,000 + 30,000 = **120,000**
- **Environment**: 35,000 + 20,000 + 15,000 = **70,000**
- **Animal Welfare**: 30,000 + 15,000 + 10,000 = **55,000**
- **Disaster Relief**: 50,000 + 30,000 + 25,000 = **105,000**

**Answer: Healthcare** has the largest combined total of **Donations, Grants, and Fundraising**, with **$120,000**.",True,"ERROR: Error code: 402 - {'error': {'message': 'Insufficient credits. Add more using https://openrouter.ai/settings/credits', 'code': 402}}",False,0.009865,0.0
area_chart_187,area_chart,How many listings are there for 3 Bedroom Apartments in July,1000,There are **850 listings** for **3 Bedroom Apartments** in **July**.,False,"In **July**, there are **950 listings** for **3 Bedroom Apartments**.",True,"ERROR: Error code: 402 - {'error': {'message': 'Insufficient credits. Add more using https://openrouter.ai/settings/credits', 'code': 402}}",False,0.007715,0.0
area_chart_188,area_chart,Which industry category has the lowest water usage according,Waste Management,"The industry category with the **lowest water usage** is **Waste Management**, a",True,"According to the chart, the industry category with the lowest **water usage** is **Technology**, at **250 liters**.",False,"ERROR: Error code: 402 - {'error': {'message': 'Insufficient credits. Add more using https://openrouter.ai/settings/credits', 'code': 402}}",False,0.007815,0.0
area_chart_189,area_chart,Which cuisine has the highest Beverage sales?,American,"The cuisine with the **highest Beverage sales** is **American**, at **$5,000**.",True,"From the chart, **Indian cuisine** has the highest **Beverage sales**, at **$5,800**.",False,"ERROR: Error code: 402 - {'error': {'message': 'Insufficient credits. Add more using https://openrouter.ai/settings/credits', 'code': 402}}",False,0.0078025,0.0
area_chart_19,area_chart,What was the percentage increase in donations from 2016 to 2,80%,"Donations increased from **50 million** in 2016 to **90 million** in 2020.

Perc",True,"From the chart, **Donations (Millions)** were:

- **2016:** 50
- **2020:** 90

Percentage increase:

\[
\frac{90 - 50}{50} \times 100 = \frac{40}{50} \times 100 = 80\%
\]

**Answer: 80%**",True,"ERROR: Error code: 402 - {'error': {'message': 'Insufficient credits. Add more using https://openrouter.ai/settings/credits', 'code': 402}}",False,0.008555,0.0
area_chart_190,area_chart,How much did the company spend on Marketing in 2020?,"$28,000","The company spent **$28,000** on **Marketing in 2020**.",True,"The company spent **$25,000** on **Marketing** in **2020**.",False,"ERROR: Error code: 402 - {'error': {'message': 'Insufficient credits. Add more using https://openrouter.ai/settings/credits', 'code': 402}}",False,0.0077375,0.0
area_chart_205,area_chart,In which year was the number of employees under performance ,2019 and 2020,The number of employees under performance management was highest in 2020.,True,"From the chart, **Performance Management** has the following values by year:

- **2019:** 100  
- **2020:** 120  
- **2021:** 140  
- **2022:** 130  
- **2023:** 150  

The highest number of employees under performance management was in **2023**.",True,2020.,True,0.0083625,0.0297625
area_chart_206,area_chart,Which grade has the highest total number of study hours acro,Grade 12,"Grade 12 has the highest total study hours across all subjects.

Totals by grade",True,"From the chart:

- **Grade 9**: 2 + 3 + 2 + 1 + 1 = **9**
- **Grade 10**: 4 + 5 + 3 + 2 + 1 = **15**
- **Grade 11**: 3 + 4 + 2 + 3 + 1 = **13**
- **Grade 12**: 6 + 5 + 3 + 4 + 2 = **20**

**Grade 12** has the highest total number of study hours, with **20 hours**.",True,Grade 12.,True,0.0093025,0.0298625
area_chart_208,area_chart,In which quarter was the total number of residential sales t,4th Quarter,The highest total number of residential sales was in **Single-family Homes (Sale,False,"From the chart, the total residential sales are highest in the **4th Quarter**.",True,4th Quarter.,True,0.0077225,0.0298725
area_chart_209,area_chart,What is the total sales for the Home Goods category?,"250,000","The **total sales** for **Home Goods** are **$250,000**.",True,"The total sales for the **Home Goods** category is **$300,000**.",False,"Home Goods total sales are **$220,000**.",False,0.007705,0.0299525
area_chart_21,area_chart,Which month had the highest production output?,May,"May had the highest production output, at 110 tons.",True,"The highest production output was in **May**, at **100 tons**.",True,May.,True,0.0076525,0.0298175
area_chart_210,area_chart,Which subject had the lowest number of student enrollments i,Sociology,"In **2019**, **Sociology** had the lowest number of student enrollments, with **",True,"In **2019**, **Sociology** had the lowest number of student enrollments, with **120 students**.",True,Psychology.,False,0.0079775,0.0298625
area_chart_211,area_chart,In which year did Legal Aid Services have the largest percen,2020,"For **Legal Aid Services**, the percentages by year are:

- **2020:** 30
- **202",True,"From the chart, **Legal Aid Services** values by year are:

- 2020: **30**
- 2021: **35**
- 2022: **40**
- 2023: **45**

Percentage increases from the previous year:

- **2021 vs 2020**: \((35-30)/30 \times 100 = 16.7\%\)
- **2022 vs 2021**: \((40-35)/35 \times 100 \approx 14.3\%\)
- **2023 vs 2022**: \((45-40)/40 \times 100 = 12.5\%\)

**Answer: 2021** had the largest percentage increase compared to the previous year.",True,2023.,True,0.00985,0.0298575
area_chart_212,area_chart,Which country has the highest rice production according to t,USA,"According to the chart, **China** has the highest **rice production**, at about ",True,"According to the chart, **India** has the highest rice production, at **300 thousand tons**.",True,China.,False,0.0077725,0.0298525
area_chart_213,area_chart,Which industry has the highest number of Twitter users?,Food,"From the chart, **Twitter has the highest number of users in the Fashion industr",False,"From the chart, the **Twitter** series is the green one. The highest green value appears in the **Education** industry, at about **190 users**.",False,News.,False,0.0079275,0.0298225
area_chart_214,area_chart,Which category has the highest expenditure for Development?,Engineering,Engineering has the highest expenditure for Development.,True,"The category with the highest expenditure for **Development** is **Chemistry**, at **$25,000**.",False,Engineering.,True,0.0077875,0.02982
area_chart_216,area_chart,"In which year was the waste production exactly 4,800 pounds?",2020,"Waste production was exactly **4,800 pounds in 2021**.",True,"Waste production was exactly **4,800 pounds in 2021**.",True,2021.,True,0.00768,0.02986
area_chart_217,area_chart,In which year did Political Science see the highest number o,2021,Political Science had the highest enrollment in **2021**.,True,Political Science had the highest enrollment in **2021**.,True,2020.,True,0.0076425,0.02986
area_chart_218,area_chart,What was the Production Volume in April?,74,"The chart shown is about **social media engagement by platform**, not **producti",False,"The image shows **social media engagement by platform**, not production data by month.

So, **the Production Volume in April cannot be determined from this chart**.",False,800,False,0.00792,0.0298025
area_chart_219,area_chart,In which year was the highest amount of hours dedicated to R,2015,"The highest amount of hours dedicated to **Research** was in **2015**, with **15",True,The highest amount of hours dedicated to **Research** was in **2019**.,True,2019,True,0.0077075,0.0299875
area_chart_22,area_chart,How many bushels were harvested in October?,950,"In October, the crop yield was **950 bushels**.",True,"In **October**, the **crop yield harvested** was **970 bushels**.",True,950 bushels.,True,0.00786,0.0298675
area_chart_220,area_chart,Which field had the highest increase in the number of public,Psychology,"From the chart, the increases from 2015 to 2019 are:

- **Psychology:** 100 → 20",True,"From the chart:

- **Anthropology:** 150 → 170 = **+20**
- **Sociology:** 180 → 190 = **+10**
- **Psychology:** 160 → 180 = **+20**
- **History:** 100 → 120 = **+20**
- **Political Science:** 140 → 200 = **+60**

**Political Science** had the highest increase in publications from 2015 to 2019, with an increase of **60**.",True,Political Science had the highest increase from 2015 to 2019.,False,0.0090825,0.0301225
area_chart_221,area_chart,In which quarter did the number of mobile users reach 150 mi,Q3,The number of mobile users reached 150 million in Q3.,True,The number of mobile users reached **150 million in Q3**.,True,Q3.,True,0.0076525,0.02986
area_chart_222,area_chart,How much is the total revenue for Europe?,400000,"The total revenue for **Europe** is **400,000**.",True,"The total revenue for **Europe** is **$650,000**.",False,"Europe’s total revenue is **330,000**.",False,0.0076675,0.029955
area_chart_223,area_chart,Which product has the highest energy consumption according t,Renewable Energy Credits,"According to the chart, **Renewable Energy Credits** has the **highest energy co",True,"According to the chart, **Renewable Energy Solutions** has the highest **energy consumption**, at **250 kWh**.",False,Renewable Energy Credits.,True,0.0079325,0.0296875
area_chart_224,area_chart,In which year did Waste Management see an annual average inc,2020,"Waste Management increased by **10% each year**, so the years in which it saw a ",True,"Waste Management values appear to be:

- 2016: 40
- 2017: 45
- 2018: 50
- 2019: 55
- 2020: 60

A 10% increase from the previous year means:

- From 2016 to 2017: \( (45-40)/40 = 12.5\% \)
- From 2017 to 2018: \( (50-45)/45 \approx 11.1\% \)
- From 2018 to 2019: \( (55-50)/50 = 10\% \)
- From 2019 to 2020: \( (60-55)/55 \approx 9.1\% \)

So, **2019** is the year when Waste Management saw a **10% increase** from the previous year.",True,2018.,True,0.0102675,0.0299025
area_chart_225,area_chart,In which year was the fish production the highest according ,2015,Fish production was highest in **2018**.,True,Fish production was highest in **2019**.,True,2019.,True,0.007605,0.0298475
area_chart_226,area_chart,How many condominiums were built in 2020?,500,"In **2020**, **500 condominiums** were built.",True,"In 2020, **500 condominiums** were built.",True,500,True,0.0076675,0.029825
area_chart_227,area_chart,In which year were there the most Theatre events?,2021,The most Theatre events were in **2018**.,True,"From the chart, Theatre events by year are approximately:

- 2017: 200
- 2018: 180
- 2019: 220
- 2020: 260
- 2021: 240

So, the most Theatre events occurred in **2020**.",True,2019.,True,0.0083925,0.0298375
area_chart_228,area_chart,What is the English score for a Doctorate level?,170,The English score at the **Doctorate** level is **170**.,True,The English score for the Doctorate level is **170**.,True,170,True,0.00763,0.02981
area_chart_229,area_chart,How much did the government spend on Public Safety in 2021?,4500,"The government spent **4,500** on **Public Safety** in **2021**.",True,"The government spent **$4,500** on **Public Safety** in **2021**.",True,"Public Safety in 2021 was **$4,700**.",True,0.0077425,0.0300125
area_chart_23,area_chart,Which type of property had the highest increase in sales uni,Condo Sales,"From the chart:

- **Single Family Homes:** 800 → 600 = **-200**
- **Condos:** 5",False,"From the chart:

- **Single Family Home Sales:** 500 → 900 = **+400**
- **Condo Sales:** 450 → 700 = **+250**
- **New Construction Sales:** 300 → 500 = **+200**
- **Multi-Family Home Sales:** 200 → 400 = **+200**

**Answer:** **Single Family Home Sales** had the highest increase in sales units from 2019 to 2023, with an increase of **400 units**.",True,"Single-family homes and condos tied for the highest increase, each rising by 150 units from 2019 to 2023.",False,0.0090525,0.030265
area_chart_230,area_chart,How many vacation rentals are available in the Caribbean?,200,There are **200 vacation rentals** available in the **Caribbean**.,True,"From the chart, the **Caribbean** has **170 vacation rentals** available.",False,70,False,0.0075575,0.0298075
area_chart_231,area_chart,What is the difference between total retail sales and e-comm,10000,"For **Furniture and Home Decor**:

- **Total retail sales:** **$40,000**
- **E-c",True,"For **Furniture and Home Decor**:

- **Total retail sales:** **$30,000**
- **E-commerce sales:** **$20,000**

**Difference = $10,000**.",True,"For **Furniture and Home Decor**, total retail sales are **$60,000** and e-commerce sales are **$25,000**, so the difference is **$35,000**.",False,0.0080675,0.0303
area_chart_232,area_chart,In which month did Music concerts have the lowest attendance,April,"From the chart, **Music concerts had the lowest attendance in December**.",False,"From the chart, **Music (Concerts)** had the **lowest attendance in February**, with a value of **4**.",False,August.,False,0.0078375,0.029825
area_chart_233,area_chart,What is the total amount of cargo (in tons) handled by Air a,310000,"From the chart for **Africa**:

- **Air Cargo** = **175,000 tons**
- **Maritime ",True,"From the chart for **Africa**:

- **Air Cargo** = **100,000 tons**
- **Maritime Cargo** = **190,000 tons**

**Total = 290,000 tons**.",True,"Africa: Air = 110,000 tons and Maritime = 130,000 tons, so total = **240,000 tons**.",False,0.008115,0.0303925
area_chart_235,area_chart,Which department has the highest percentage in the R&D field,Finance and Government,"From the chart, **Education** has the highest percentage in the **R&D field**, a",False,"From the chart, the highest percentage is in **Sales**, at **30%**.",False,Government and E-commerce (tie).,False,0.00769,0.02988
area_chart_237,area_chart,Which category has the highest number of YouTube users?,Entertainment,"The category with the highest number of **YouTube** users is **Entertainment**.
",True,"From the chart, **YouTube has the highest number of users in the Sports category**, at approximately **290 users**.",False,Fashion.,False,0.00781,0.029825
area_chart_238,area_chart,Which mode of transport covers the greatest distance by road,Truck,"From the chart, **Truck** covers the greatest distance by **road**, at about **6",True,"From the chart, the **road distance** values are:

- **Truck:** 800,000 km  
- **Train:** 300,000 km  
- **Ship:** 0 km  
- **Airplane:** 0 km  
- **Pipeline:** 500,000 km  

So, **Truck** covers the greatest distance by road.",True,Truck.,True,0.0085125,0.029825
area_chart_239,area_chart,What was the increase in the number of hospitals from 2019 t,80,"From the chart, the **number of hospitals** was:

- **2019:** 120  
- **2023:** ",False,"From the chart, the number of hospitals was:

- 2019: 200
- 2023: 280

Increase = 280 − 200 = 80

So, the number of hospitals increased by 80.",True,The number of hospitals increased by **80** from 2019 to 2023.,True,0.008185,0.0300825
area_chart_24,area_chart,Which category has the highest number of users in Cybersecur,Education,"From the chart, the highest number of users in **Cybersecurity** is in **Automot",False,"From the chart, the highest number of users in **Cybersecurity** is in **Finance**, with **300 users**.",False,E-commerce.,False,0.007955,0.0298375
area_chart_240,area_chart,How much higher is the median house price for 5+ bedroom hou,"$300,000","From the chart:

- **2 Bedroom Apartments** median price = **$250,000**
- **5+ B",True,"From the chart:

- **5+ bedroom houses median price** = **$550,000**
- **2 bedroom apartments median price** = **$300,000**

**Difference = $550,000 - $300,000 = $250,000**

So, the median house price for **5+ bedroom houses is $250,000 higher** than for **2 bedroom apartments**.",True,"From the chart, median house price for **5+ bedroom houses = $550,000** and for **2 bedroom apartments = $200,000**.

**Difference: $350,000.**",False,0.00866,0.03045
area_chart_241,area_chart,Which mode of transportation has the lowest number of Transp,Sea,The mode of transportation with the lowest number of **Transportation Units** is,True,"From the chart, the **Transportation Units** values are:

- Air: 150  
- Road: 250  
- Rail: 100  
- Sea: 300  
- Pipeline: 200  

The **lowest** is **Rail**, with **100 units**.",True,Rail and Air.,False,0.00829,0.02987
area_chart_242,area_chart,How much Gas Usage is recorded in the month of September?,190 m^3,The gas usage in **September** is **230 m³**.,False,The Gas Usage in **September** is **220 m³**.,False,Gas Usage in **September** is **220 m³**.,False,0.0076475,0.0299925
area_chart_243,area_chart,In which year did Sociology publications reach the number of,2019,Sociology publications reached **240** in **2017**.,True,Sociology publications reached **240 in 2019**.,True,2018.,True,0.007655,0.0299025
area_chart_244,area_chart,How many more users did Instagram have compared to Twitter i,40,"In Q3 of 2019:

- **Instagram** had **250** users
- **Twitter** had **210** user",True,"In Q3 2019:

- **Instagram** had **220 million** users
- **Twitter** had **180 million** users

So, **Instagram had 40 million more users than Twitter**.",True,40 users.,True,0.0080975,0.0298575
area_chart_245,area_chart,How many visitors attended Festivals in 2023?,320,Festivals had **320 visitors** in **2023**.,True,Festivals had **350 visitors** in **2023**.,True,320 visitors.,True,0.0076475,0.0299175
area_chart_246,area_chart,Which industry category utilizes air transport the most?,Retail,"From the chart, **E-commerce** utilizes **air transport** the most.

Its air tra",False,"From the chart, **Pharmaceuticals** utilizes **air transport** the most.",False,Retail.,True,0.0076975,0.029845
area_chart_247,area_chart,Which venue had the highest number of visitors in August?,Art Gallery Visitors,"In August, the venue with the highest number of visitors was the museum, with 1,",False,"In **August**, the **Art Gallery** had the highest number of visitors, with **1,200 visitors**.",False,Art Gallery Visitors.,True,0.007795,0.029855
area_chart_248,area_chart,Which category showed a decreasing trend in the number of pu,Economics,"The category that showed a decreasing trend from 2019 to 2023 is **Economics**.
",True,"From the chart, **no category showed an overall decreasing trend from 2019 to 2023**.

All categories ended higher in 2023 than in 2019:
- Psychology: 180 → 220
- Economics: 150 → 250
- History: 200 → 240
- Sociology: 170 → 210
- Literature: 130 → 200

So, **none of the categories decreased over the full period**.",True,Economics and Literature.,True,0.0089025,0.02995
area_chart_249,area_chart,What is the difference between the condo sales and vacant la,"60,000","From the chart for **2017**:

- **Condo sales** = **210 (000s)**
- **Vacant land",False,"From the chart for **2017**:

- **Condo sales** = **150 (000s)**
- **Vacant land sales** = **100 (000s)**

**Difference = 50 (000s)**, or **50,000 sales**.",False,"In 2017, condo sales were **180** and vacant land sales were **120**, so the difference is **60**.",False,0.00829,0.030215
area_chart_25,area_chart,How much did the Average Price ($) increase from 2019 to 202,"$200,000","From the chart, the **Average Price ($)** was:

- **2019:** \$450,000  
- **2023",False,"From the chart, the **Average Price ($)** was:

- **2019:** \$350,000  
- **2023:** \$500,000  

Increase = **\$500,000 - \$350,000 = \$150,000**

So, the **Average Price increased by \$150,000** from 2019 to 2023.",False,"$100,000.",False,0.008545,0.0298875
area_chart_250,area_chart,What was the growth percentage in Q1?,10%,"From the chart, **Revenue** in **Q1 = $500,000** and in **Q2 = $520,000**.

If y",True,The growth percentage in **Q1** was **5%**.,False,17%,False,0.0076525,0.02982
area_chart_251,area_chart,Which category has the highest number of legal cases won?,Corporate,"From the chart, the category with the highest number of **legal cases won** appe",True,"From the chart, the category with the highest number of **legal cases won** is **Employment**, with about **190 cases won**.",False,Tax.,False,0.007855,0.02981
area_chart_252,area_chart,Which level of education has the highest number of students ,Post-Graduate,"From the chart, **Doctoral** has the highest number of students enrolled in **Co",False,"Computer Science has the highest enrollment at the **Graduate** level, with **220 students**.",False,Graduate.,False,0.0077425,0.0298925
area_chart_253,area_chart,Which category has the smallest difference between retail sa,Toys,The category with the smallest difference between retail sales and e-commerce sa,True,"From the chart, the category with the **smallest difference** between retail sales and e-commerce sales is **Furniture**.

- **Retail:** about **$400,000**
- **E-commerce:** about **$600,000**
- **Difference:** about **$200,000**

This is the smallest gap among the categories shown.",False,Books.,False,0.00846,0.029955
area_chart_254,area_chart,"What is the total energy consumption of the Retail, Hospital",6000 kWh,"From the chart, the **energy consumption (kWh)** values are:

- **Retail:** 1,20",False,"From the chart, the energy consumption values are:

- Retail: 2500 kWh
- Hospitality: 1800 kWh
- Government: 3000 kWh

Total = 2500 + 1800 + 3000 = 7300 kWh

Answer: 7300 kWh",False,"Energy consumption values are:

- Retail: 3000  
- Hospitality: 2500  
- Government: 1500  

Total = **7000 kWh**.",False,0.00843,0.030415
area_chart_255,area_chart,How many more users does Facebook have in the Fashion catego,1500 users,"From the chart in the **Fashion** category:

- **Facebook** ≈ **3000**
- **Linke",True,"In the **Fashion** category:

- **Facebook**: 2800 users  
- **LinkedIn**: 2100 users  

Difference: **2800 - 2100 = 700**

**Facebook has 700 more users than LinkedIn in the Fashion category.**",False,"In the Fashion category, Facebook has **1000 more users** than LinkedIn.",False,0.0084575,0.02978
area_chart_256,area_chart,Which country has the lowest difference between production a,Canada,"From the chart, compare **production** and **imports** for each country:

- Chin",True,"From the chart, the countries and approximate values are:

- China: Production 240,000, Imports 110,000 → Difference = 130,000  
- United States: 180,000 vs 90,000 → 90,000  
- Germany: 130,000 vs 60,000 → 70,000  
- India: 100,000 vs 70,000 → 30,000  
- Japan: 80,000 vs 50,000 → 30,000  
- Brazil: 60,000 vs 30,000 → 30,000  
- South Korea: 50,000 vs 25,000 → 25,000  
- Canada: 40,000 vs 20,000 → 20,000  
- Australia: 10,000 vs 6,000 → 4,000  

Australia has the lowest difference between production and imports.",True,Australia.,False,0.0102825,0.03011
area_chart_258,area_chart,In which category is the highest percentage allocated to Hea,Social Welfare,"The highest percentage allocated to **Healthcare** is in **Social Welfare**, at ",True,"From the chart, the highest percentage for **Healthcare** is **30%**, allocated in the **Housing** category.",False,Education.,False,0.007795,0.030085
area_chart_259,area_chart,Which sector has the highest revenue according to the data?,IT,"According to the chart, the sector with the highest revenue is **IT**, at **$25,",True,"The sector with the **highest revenue** is **Telecom**, with revenue of **$30,000**.",True,"ERROR: Error code: 402 - {'error': {'message': 'Prompt tokens limit exceeded: 5972 > 3144. To increase, visit https://openrouter.ai/settings/credits and add more credits', 'code': 402, 'metadata': {'provider_name': None}}, 'user_id': 'user_2xmp6VJFKRi9uUscZmDo8S2llow'}",False,0.0077625,0.0
area_chart_26,area_chart,In which quarter did Profit ($) have the highest value?,Q1,Profit had the highest value in **Q1**.,True,Profit ($) was highest in **Q3**.,False,"ERROR: Error code: 402 - {'error': {'message': 'Insufficient credits. Add more using https://openrouter.ai/settings/credits', 'code': 402}}",False,0.00776,0.0
area_chart_260,area_chart,"In which month did the Customers reach 30,000 for the first ",August,"The number of **Customers first reached 30,000 in August**.",True,"The number of **Customers first reached 30,000 in September**.",False,"ERROR: Error code: 402 - {'error': {'message': 'Insufficient credits. Add more using https://openrouter.ai/settings/credits', 'code': 402}}",False,0.0076725,0.0
area_chart_261,area_chart,Which region has the highest number of Livestock heads?,Middle East,The **Middle East** has the highest number of **Livestock (heads)**.,True,"The **Middle East** has the highest number of **Livestock heads**, with **10,000**.",True,"ERROR: Error code: 402 - {'error': {'message': 'Insufficient credits. Add more using https://openrouter.ai/settings/credits', 'code': 402}}",False,0.0077775,0.0
area_chart_262,area_chart,How many attendees were there at art galleries in April?,60,"In **April**, **Art Galleries** had **65 attendees**.",True,There were **60 attendees** at **art galleries in April**.,True,"ERROR: Error code: 402 - {'error': {'message': 'Insufficient credits. Add more using https://openrouter.ai/settings/credits', 'code': 402}}",False,0.007505,0.0
area_chart_263,area_chart,How many artists are associated with the Visual Arts categor,150,The **Visual Arts** category has **150 artists**.,True,The **Visual Arts** category has **120 artists** associated with it.,False,"ERROR: Error code: 402 - {'error': {'message': 'Insufficient credits. Add more using https://openrouter.ai/settings/credits', 'code': 402}}",False,0.00766,0.0
area_chart_279,area_chart,Which region has the highest number of fans for Baseball?,Africa,"From the chart, **Africa** has the highest number of **Baseball** fans, with **3",True,"For **Baseball**, the region with the highest number of fans is **Asia**, with **30,000 fans**.",False,North America.,False,0.0078225,0.02984
area_chart_280,area_chart,In which year did History have the lowest student enrollment,2018,"History had the lowest student enrollment in **2019**, with **370 students**.",True,"History had the lowest student enrollment in **2017**, with **280 students**.",True,2018.,True,0.0078575,0.02985
area_chart_281,area_chart,How many more employees are there in the Human Resources dep,40 employees,"From the chart:

- **Finance total** = 200 + 280 + 270 + 150 + 180 = **1080**
- ",False,"From the chart:

- **Human Resources (HR)** = 190 employees
- **Finance** = 120 employees

Difference:

**190 - 120 = 70**

So, **Human Resources has 70 more employees than Finance**.",False,Human Resources has **30 more employees** than Finance.,False,0.0081925,0.0301075
area_chart_282,area_chart,Which region has the lowest corn production?,Oceania,Oceania has the lowest corn production.,True,"From the chart, **corn production** by region is approximately:

- North America: 700
- South America: 1000
- Europe: 1100
- Asia: 900
- Africa: 500
- Oceania: 800

So, the region with the **lowest corn production is Africa**.",True,Africa.,False,0.00846,0.0298175
area_chart_283,area_chart,How many Grants were Awarded to the field of Physics?,150,The number of **Grants Awarded** in **Physics** is **150**.,True,The number of **Grants Awarded** in **Physics** is **250**.,False,200,False,0.0077075,0.0300725
area_chart_284,area_chart,How much is the Food Production value for the Produce catego,4000,"The **Food Production** value for **Produce** is **$4,000**.",True,The **Food Production** value for **Produce** is **4000**.,True,2000,False,0.00769,0.02942
area_chart_285,area_chart,Which country has the highest average stay in days according,Spain,"According to the chart, **Spain** has the **highest average stay**, at **8 days*",True,"From the chart, the **average stay (days)** values are:

- Thailand: **4**
- France: **5**
- United States: **6**
- Spain: **7**
- China: **5**

So, **Spain** has the highest average stay at **7 days**.",True,Thailand.,False,0.0083725,0.029835
area_chart_286,area_chart,Which industry has the highest percentage of Energy Consumpt,Energy Sector and Construction,"According to the chart, the **Construction** industry has the highest percentage",False,"According to the chart, the **Manufacturing sector** has the highest **Energy Consumption**, at **40%**.",False,Construction.,False,0.0078025,0.0298325
area_chart_287,area_chart,Which category has the highest Revenue Generated ($) accordi,Automotive,"The **Automotive** category has the highest **Revenue Generated ($)**.

From the",True,"According to the chart, **Electronics** has the highest **Revenue Generated ($)**.",False,Automotive has the highest Revenue Generated ($).,True,0.0077275,0.02999
area_chart_288,area_chart,What is the total sales for Food and Beverage in 2019?,5300 millions of USD,"In 2019:

- Food sales = 2,800 million USD
- Beverage sales = 2,500 million USD
",True,"From the chart for **2019**:

- **Food sales** = **3000 million USD**
- **Beverage sales** = **2800 million USD**

So, the **total Food and Beverage sales in 2019** = **5800 million USD** (or **5.8 billion USD**).",True,Food sales in 2019 are **2500 million USD**.,False,0.00859,0.0300375
area_chart_289,area_chart,Which category has the lowest number of Exhibitions events?,"Music, Film, Architecture","The category with the lowest number of **Exhibitions** events is **Paintings**, ",False,"The category with the lowest number of **Exhibitions** events is **Literature**, with **20 events**.",False,Culture.,False,0.0078075,0.02985
area_chart_29,area_chart,How many more units of Product J were produced compared to P,3000 units,"From the chart:

- **Product H** = **5800 units**
- **Product J** = **8600 units",True,"From the chart:

- **Product H production** = **10,500 units**
- **Product J production** = **8,500 units**

Difference:
**8,500 - 10,500 = -2,000**

So, **Product J produced 2,000 fewer units than Product H**.",False,"Product J was produced **2,500 units** more than Product H.",False,0.008415,0.0300275
area_chart_290,area_chart,How many more employees were there in Sales than in R&D in 2,110 employees,"In 2021:

- **Sales** = 320 employees
- **R&D** = 210 employees

So, **Sales had",True,"In 2021:

- Sales = 320 employees
- R&D = 180 employees

Difference = 320 - 180 = 140

So, there were 140 more employees in Sales than in R&D in 2021.",False,70,False,0.0030285,0.007699
area_chart_292,area_chart,How many awards does the field of Environmental Science have,80,Environmental Science has **80 awards**.,True,Environmental Science has **110 awards**.,False,Environmental Science has **80 awards**.,True,0.007555,0.030175
area_chart_293,area_chart,Which sector has the highest water usage and how many gallon,Energy; 15000 gallons,"The **Energy** sector has the highest water usage, at **15,000 gallons**.",True,"The sector with the **highest water usage** is **Energy**, with **18,000 gallons**.",False,"Energy, 14,000 gallons.",True,0.00777,0.0299225
area_chart_295,area_chart,By how much did potato production (lbs) increase from 2015 t,200 lbs,"Potato production was **1000 lbs** in **2015** and **700 lbs** in **2019**.

So ",False,"From the chart, potato production was **500 lbs** in **2015** and **700 lbs** in **2019**.

So the increase was:

**700 - 500 = 200 lbs**

**Answer: 200 lbs**",True,Potato production increased by **200 lbs** from 2015 to 2019.,True,0.0083475,0.030085
area_chart_296,area_chart,"In which year did the Revenue ($) first exceed $150,000?",2020,"The revenue first exceeded **$150,000 in 2020**.",True,"From the chart, Revenue by year is:

- 2017: $120,000  
- 2018: $130,000  
- 2019: $150,000  
- 2020: $160,000  
- 2021: $180,000  

The revenue first exceeded $150,000 in **2020**.",True,2020.,True,0.0085525,0.02985
area_chart_297,area_chart,How many clothing units were manufactured in September?,1700,"In **September**, **clothing** manufactured was **1,700 units**.",True,"In **September**, **Clothing** manufactured **1650 units**.",True,Clothing units in September were **1500**.,False,0.007655,0.029955
area_chart_298,area_chart,Which degree has the highest number of enrolled students in ,Doctorate,The degree with the highest number of enrolled students in **History** is **Tota,False,"For **History**, the **Professional** degree has the highest number of enrolled students, with **930 students**.",False,Doctorate.,True,0.00794,0.0298425
area_chart_299,area_chart,During which quarter did the company have the highest expens,Q3,The company had the highest expenses in **Q3**.,True,"The highest expenses were in **Q4**, at **$35,000**.",False,Q3.,True,0.0077025,0.02984
area_chart_3,area_chart,How many Middle Management employees were there in 2020?,210,There were **210 Middle Management employees** in **2020**.,True,There were **180 Middle Management employees** in **2020**.,False,220,True,0.0076675,0.029845
area_chart_30,area_chart,What is the revenue for Baseball in the year 2017?,"120,000","The revenue for **Baseball** in **2017** is **120,000**.",True,"The revenue for **Baseball** in **2017** is **120,000**.",True,120000,True,0.0077375,0.02983
area_chart_300,area_chart,Which field has the highest number of Physics publications?,Physics,"From the chart, the highest number of **Physics** publications is in **Chemistry",True,"From the chart, the highest number of **Physics publications** is in **Environmental Science**, with **150 publications**.",True,Geology.,False,0.007775,0.03
area_chart_31,area_chart,What is the renewable energy usage in the Agriculture sector,3000,"The renewable energy usage in the **Agriculture** sector is **3,000**.",True,"The renewable energy usage in the **Agriculture** sector is **2,500 metric tons**.",False,The renewable energy usage in the Agriculture sector is **1000 metric tons**.,False,0.007755,0.030075
area_chart_32,area_chart,Which education level has the highest enrollment for Science,Post-Graduate,Science enrollment is highest at the **Post-Graduate** level.,True,"For **Science students**, the highest enrollment is at the **Post-Graduate** level, with **250 students**.",True,Post-Graduate.,True,0.0078075,0.029855
area_chart_33,area_chart,How much waste is generated by the Construction industry?,500 pounds,The **Construction** industry generates **500 pounds** of waste.,True,The Construction industry generates **700 pounds** of waste.,False,Construction generates **400 pounds** of waste.,False,0.00774,0.0299275
area_chart_34,area_chart,How much more funding does Policy 1 receive in 2024 compared,$24000,"In 2024:

- **Policy 1** receives **$38,000**
- **Policy 5** receives **$13,000*",True,"From the chart for **2024**:

- **Policy 1** funding = **$38,000**
- **Policy 5** funding = **$14,000**

Difference:

**$38,000 - $14,000 = $24,000**

So, **Policy 1 receives $24,000 more than Policy 5 in 2024**.",True,"Policy 1 receives **$24,000 more** than Policy 5 in 2024.",True,0.0086225,0.030115
area_chart_35,area_chart,How many more medical tests were conducted for patients with,300,"From the chart:

- **Medical Tests for Patients with Chronic Conditions** = **40",True,"From the chart:

- **Medical Tests for Chronic Conditions** = **300**
- **Medical Tests for Preventive Care Visits** = **100**

So, the number of additional medical tests conducted for patients with chronic conditions is:

**300 - 100 = 200**

**Answer: 200 more medical tests.**",True,Medical tests were **180 more** for patients with chronic conditions than for preventive care visits.,False,0.00857,0.03021
area_chart_36,area_chart,Which department has the highest Employee Satisfaction perce,Marketing,The department with the highest **Employee Satisfaction** percentage is **Custom,False,"The **IT department** has the highest **Employee Satisfaction** percentage, at **85%**.",False,Marketing has the highest Employee Satisfaction percentage.,True,0.0077425,0.029975
area_chart_37,area_chart,In which month did airline bookings reach the highest units ,July,Airline bookings reached their highest level in **July** at **260 units**.,True,"Airline bookings reached their highest level in **August**, at **280 units**.",False,July.,True,0.007715,0.0298625
area_chart_38,area_chart,What is the average price of a 3 Bedroom condo compared to a,"$100,000 less","From the chart:

- **3 Bedroom condo**: **$300,000**
- **4 Bedroom apartment**: ",False,"From the chart:

- **3 Bedroom condo**: **$350,000**
- **4 Bedroom apartment**: **$450,000**

So, the **4 Bedroom apartment costs $100,000 more** than the **3 Bedroom condo**.",True,"A 3 Bedroom condo is **$400,000**, compared to a 4 Bedroom apartment at **$450,000** — so the condo is **$50,000 cheaper**.",False,0.0082475,0.0304
area_chart_39,area_chart,Which organization received the highest amount of donations ,Feeding America,"According to the chart, **Feeding America** received the highest amount of donat",True,"According to the chart, **UNICEF** received the highest amount of donations, with **600 thousand dollars**.",False,St. Jude Children’s Research Hospital.,False,0.007745,0.0300875
area_chart_4,area_chart,In which month was the water usage at its highest for the ye,May,Water usage was highest in **December**.,False,"The water usage was highest in **October**, at **2800 gallons**.",False,May.,True,0.00769,0.0298525
area_chart_40,area_chart,How many arbitration cases were disposed of in 2021?,90,"In **2021**, **90 arbitration cases** were disposed of.",True,"In 2021, **90 arbitration cases were disposed of**.",True,90,True,0.0076475,0.02997
area_chart_41,area_chart,Which industry has the highest Energy Usage percentage?,Real Estate,"The industry with the highest **Energy Usage** percentage is **Real Estate**, at",True,"From the chart, **Energy Usage (%)** is highest for **Manufacturing**, at **100%**.",False,Real Estate.,True,0.00776,0.0299775
area_chart_42,area_chart,In which year did diabetes cases reach 800?,2017,Diabetes cases reached **800 in 2018**.,True,Diabetes cases reached **800 in 2018**.,True,2017.,True,0.007625,0.0298375
area_chart_43,area_chart,How much more wind energy does the commercial sector consume,1000 kWh,"From the chart:

- Residential wind energy = **1,000 kWh/gal**
- Commercial wind",True,"From the chart, wind energy consumption is:

- Residential: 1,500 kWh
- Commercial: 2,000 kWh

Difference = 2,000 − 1,500 = 500 kWh

So, the commercial sector consumes 500 kWh more wind energy than the residential sector.",False,"From the wind series, commercial is about **2500 kWh** and residential is about **2000 kWh**, so the commercial sector consumes **500 kWh more**.",False,0.00842,0.0303475
area_chart_44,area_chart,What is the increase in sales for Home & Kitchen from 2016 t,"$40,000","From the chart, **Home & Kitchen** sales were:

- **2016:** 150,000  
- **2020:*",False,"From the chart, **Home & Kitchen** sales were:

- **2016:** 400,000  
- **2020:** 600,000  

**Increase = 600,000 - 400,000 = 200,000**

So, the increase in sales for **Home & Kitchen** from **2016 to 2020** is **200,000**.",True,"Home & Kitchen increased by **40,000** (from **100,000** in 2016 to **140,000** in 2020).",True,0.008645,0.03036
area_chart_45,area_chart,How many points did the graduate students score in Science?,30,Graduate students scored **30 points** in **Science**.,True,Graduate students scored **50 points** in **Science**.,False,25 points.,False,0.007615,0.0301
area_chart_46,area_chart,Which category had the highest number of YouTube posts?,User Engagement,The category with the highest number of **YouTube posts** is **Customer Service*,False,"From the chart, the highest number of **YouTube posts** is in **Video Sharing**, with about **300 posts**.",False,Advertising.,False,0.0078075,0.0298025
area_chart_47,area_chart,How many legal cases were settled in 2020?,20,"In **2020**, the number of legal cases **settled** was **20**.",True,"In 2020, **18 legal cases were settled**.",True,20,True,0.00763,0.02981
area_chart_48,area_chart,How many units were produced in December?,3400,"In **December**, **3,400 units** were produced.",True,"In December, **3400 units** were produced.",True,3400 units.,True,0.00775,0.0298475
area_chart_49,area_chart,How many Environmental Science projects are there in Categor,25,There are **20 Environmental Science projects** in **Category 9**.,False,Environmental Science has **14 projects** in **Category 9**.,False,20,False,0.0076475,0.0298375
area_chart_5,area_chart,In which year was the difference between the number of legal,2020,"The greatest difference between legal cases filed and laws passed was in 2022.

",True,"From the chart:

- **2018:** Cases filed 120, laws passed 80 → difference **40**
- **2019:** 150 vs 100 → difference **50**
- **2020:** 200 vs 150 → difference **50**
- **2021:** 250 vs 200 → difference **50**
- **2022:** 300 vs 250 → difference **50**

The **greatest difference** was **50**, which occurred in **2019, 2020, 2021, and 2022**.",True,2022.,True,0.0091925,0.02988
area_chart_50,area_chart,What was the Production Volume in April?,74,"The chart shows **quarters (Q1–Q4)** with **Revenue** and **Expenses**, but it d",False,"The chart shown is for **quarterly financial performance** (Q1–Q4: revenue, expenses, profit), not monthly production volume.

So, **the Production Volume in April is not provided in this chart**.",False,"April falls in Q2. The chart labels Q2 as **10,000**.

**Answer: 10,000**",False,0.008115,0.0301775
area_chart_52,area_chart,What is the increase in water usage from 2016 to 2018?,20000 gallons,"From the chart, **water usage** was:

- **2016:** 105,000 gallons  
- **2018:** ",True,"From the chart, water usage was:

- **2016:** 110,000 gallons  
- **2018:** 130,000 gallons  

**Increase = 130,000 - 110,000 = 20,000 gallons**

So, the increase in water usage from 2016 to 2018 is **20,000 gallons**.",True,"Water usage increased by **20,000 gallons** from 2016 to 2018.",True,0.00854,0.0301175
area_chart_53,area_chart,How much is the Revenue from Food & Beverage?,100000,"The **Revenue from Food & Beverage** is **$100,000**.",True,"The **Revenue from Food & Beverage** is **$40,000**.",False,"Revenue from Food & Beverage is **$90,000**.",True,0.007685,0.029965
area_chart_54,area_chart,In which region is the number of Hockey fans equal to the nu,Asia,The number of Hockey fans is equal to the number of Basketball fans in **Europe*,True,"From the chart:

- **Basketball fans** by region: North America 35, Europe 25, Asia 40, Africa 20, South America 30  
- **Hockey fans** by region: North America 25, Europe 35, Asia 15, Africa 10, South America 20

Comparing them, there is **no region where Hockey fans equal Basketball fans**.",True,Africa.,False,0.008695,0.02984
area_chart_55,area_chart,In which year did concerts see the highest number of attende,2019,Concerts had the highest attendance in **2019**.,True,"Concerts had the highest attendance in **2020**, with **17,000 attendees**.",True,2019.,True,0.007745,0.02991
area_chart_56,area_chart,Which education level has the smallest difference between st,Graduate,The **smallest difference between Science and History enrollment** is at the **G,True,"From the chart:

- **Elementary School**: Science 130, History 110 → difference **20**
- **Middle School**: Science 210, History 170 → difference **40**
- **High School**: Science 290, History 230 → difference **60**
- **College**: Science 350, History 280 → difference **70**

**Answer: Elementary School** has the smallest difference between Science and History enrollment.",False,Graduate.,True,0.00881,0.0298125
area_chart_57,area_chart,How much higher were Beverage Sales than Food Sales in March,"$2,000","In March:

- **Food Sales** = **$24,000**
- **Beverage Sales** = **$22,000**

So",True,"In March:

- **Food Sales** = **$18,000**
- **Beverage Sales** = **$15,000**

So, Beverage Sales were **not higher** than Food Sales.  
They were **$3,000 lower** than Food Sales.",False,"In March, Beverage Sales were **$2,000** higher than Food Sales.",True,0.00829,0.0300525
area_chart_58,area_chart,By how much did the Gross Profit increase from Q1 to Q4 of 2,$70 million,"From the chart, **Gross Profit** was:

- **Q1:** 280 million  
- **Q4:** 370 mil",True,"From the chart, **Gross Profit** was:

- **Q1:** 250 million  
- **Q4:** 370 million  

So the increase from Q1 to Q4 was:

**370 - 250 = 120 million**

**Answer: 120 million**",True,Gross Profit increased by **70 million** from Q1 to Q4 of 2021.,True,0.0083075,0.0302575
area_chart_59,area_chart,By how much do the online sales of Clothing exceed the in-st,$20000,"For **Clothing**:

- **Online sales** = **$50,000**
- **In-store sales** = **$30",True,"From the chart for **Clothing**:

- **Online sales:** \$40,000  
- **In-store sales:** \$35,000  

So, online sales exceed in-store sales by **\$5,000**.",False,"Clothing online sales exceed in-store sales by **$5,000**.",False,0.008135,0.0300225
area_chart_6,area_chart,By how much did the revenue increase from the year 2016 to 2,$30000,"From the chart, revenue was about **100,000** in **2016** and **130,000** in **2",True,"From the chart, revenue was **$50,000** in **2016** and **$130,000** in **2020**.

So the increase is:

**$130,000 - $50,000 = $80,000**

**Answer: $80,000**",True,"Revenue increased from **$85,000 to $130,000**, so the increase was **$45,000**.",True,0.00835,0.0301875
area_chart_60,area_chart,What was the total in-store sales in thousands for all quart,1680,"The in-store sales by quarter are:

- Q1: 900
- Q2: 930
- Q3: 920
- Q4: 930

Tot",False,"From the chart, in-store sales by quarter are:

- Q1: 350
- Q2: 380
- Q3: 400
- Q4: 420

Total in-store sales = 350 + 380 + 400 + 420 = **1,550 thousand**.",True,"ERROR: Error code: 402 - {'error': {'message': 'Insufficient credits. Add more using https://openrouter.ai/settings/credits', 'code': 402}}",False,0.008385,0.0
area_chart_61,area_chart,"In which year did rice production reach 40,000 tons?",2018,"Rice production reached **40,000 tons in 2019**.",True,"Rice production reached **40,000 tons in 2018**.",True,"ERROR: Error code: 402 - {'error': {'message': 'Insufficient credits. Add more using https://openrouter.ai/settings/credits', 'code': 402}}",False,0.0076625,0.0
area_chart_62,area_chart,Which state has the least number of condos?,Pennsylvania,"From the chart, **Pennsylvania** has the **least number of condos**, with about ",True,"From the chart, **Pennsylvania** has the **least number of condos**, with **20,000 units**.",True,"ERROR: Error code: 402 - {'error': {'message': 'Insufficient credits. Add more using https://openrouter.ai/settings/credits', 'code': 402}}",False,0.0078025,0.0
area_chart_63,area_chart,How many publications were there in Engineering in 2020?,550,There were **550 Engineering publications** in **2020**.,True,Engineering had **550 publications** in **2020**.,True,"ERROR: Error code: 402 - {'error': {'message': 'Insufficient credits. Add more using https://openrouter.ai/settings/credits', 'code': 402}}",False,0.00763,0.0
area_chart_65,area_chart,Which country has the least number of airport arrivals accor,Russia,"According to the chart, **Japan** has the **least number of airport arrivals**.
",False,"According to the chart, **Australia** has the **least number of airport arrivals**, with **10,000**.",False,"ERROR: Error code: 402 - {'error': {'message': 'Insufficient credits. Add more using https://openrouter.ai/settings/credits', 'code': 402}}",False,0.007815,0.0
area_chart_80,area_chart,By how much did the Revenue ($) increase from Q1 to Q4?,"$50,000","Revenue increased from **$500,000 in Q1** to **$550,000 in Q4**.

**Increase = $",True,"From the chart, Revenue was:

- **Q1:** \$250,000  
- **Q4:** \$550,000  

Increase = **\$550,000 - \$250,000 = \$300,000**

**Answer: \$300,000**
",True,"$150,000.",True,0.008255,0.0298825
area_chart_81,area_chart,Which department has the highest number of employees in Cust,Administration,"In Customer Service, the department with the highest number of employees is Admi",True,"From the chart, **Customer Service** has the highest number of employees in the **Sales department**, with **220 employees**.",False,Administration.,True,0.00797,0.03011
area_chart_83,area_chart,Which month had the highest renewable energy usage in the ye,December,"The highest renewable energy usage in 2020 was in **December**, at **110,000 MWh",True,"The highest renewable energy usage in 2020 was in **December**, at **95,000 MWh**.",True,October.,False,0.0078025,0.029835
area_chart_84,area_chart,How many 5-star resorts are available?,50,There are **50** 5-star resorts available.,True,There are **50** 5-star resorts available.,True,50,True,0.007595,0.0298175
area_chart_85,area_chart,In which quarter was the Electronics Production the lowest?,Q1,The **Electronics Production** was lowest in **Q1**.,True,Electronics production was lowest in **Q1**.,True,Q1.,True,0.0076175,0.029895
area_chart_86,area_chart,How many more Litigation cases does Law Firm A handle than L,50 cases,"From the chart, for **Litigation** cases:

- **Law Firm A**: 100 cases  
- **Law",True,"From the chart, Litigation cases are:

- **Law Firm A:** 50
- **Law Firm D:** 35

So, **Law Firm A handles 15 more Litigation cases than Law Firm D.**",True,20,False,0.0081175,0.0298325
area_chart_87,area_chart,In what year did Mathematics publications first reach 800?,2019,Mathematics publications first reached **800** in **2014**.,True,"From the chart, Mathematics publications first reach **800 in 2019**.",True,2019.,True,0.007695,0.0298975
area_chart_88,area_chart,By how much did the CO2 Emission increase from 2015 to 2019?,2000 tons,"From the chart, **CO2 Emission** was:

- **2015:** 5,000 tons  
- **2019:** 7,00",True,"From the chart, **CO2 Emission** was:

- **2015:** 5,000 tons  
- **2019:** 7,000 tons  

So the increase is:

**7,000 − 5,000 = 2,000 tons**

**Answer: 2,000 tons.**",True,"CO2 Emission increased by **2,000 tons** from 2015 to 2019.",True,0.00845,0.0301425
area_chart_89,area_chart,Which product category had the lowest sales in the 4th Quart,Alcoholic Beverages,"In the 4th Quarter, **Frozen Foods** had the lowest sales.

Approximate Q4 sales",True,"In the 4th Quarter, **Alcoholic Beverages** had the lowest sales, with **19,000**.",True,Alcoholic Beverages.,True,0.00783,0.0298775
area_chart_9,area_chart,What was the Vacation Rental Occupancy Rate in April?,70%,The Vacation Rental Occupancy Rate in April was 68%.,True,The Vacation Rental Occupancy Rate in April was **75%**.,True,70%,True,0.0076575,0.029865
area_chart_90,area_chart,Which category has the highest Water Usage?,Government,The category with the highest **Water Usage** is **Manufacturing**.,False,"The category with the highest **Water Usage** is **Office Buildings**, at **9,000 gallons**.",False,Manufacturing.,False,0.00777,0.029845
area_chart_91,area_chart,Which field of study had the lowest number of graduates ever,Political Science,"From the chart, **Political Science** had the lowest number of graduates every y",True,Political Science had the lowest number of graduates every year from 2016 to 2020.,True,Political Science.,True,0.0077575,0.0299225
area_chart_92,area_chart,Which category has shown a continuous increase in percentage,Chemistry,"The category with a continuous increase from Q1 to Q4 is **Chemistry**.

Its per",True,"From the chart, the category that shows a continuous increase from Q1 to Q4 is **Physics**.

Its percentages rise steadily:
- **Q1:** 15%
- **Q2:** 20%
- **Q3:** 25%
- **Q4:** 30%",False,Chemistry (%) and Geology (%).,True,0.0083325,0.0299275
area_chart_93,area_chart,How many more employees were there in Sales than in R&D in 2,110 employees,"In **2021**:

- **Sales** = **320** employees  
- **R&D** = **210** employees  
",True,"In 2021:

- Sales = 330 employees
- R&D = 180 employees

Difference: 330 - 180 = 150

So, there were 150 more employees in Sales than in R&D in 2021.",False,70,False,0.0082125,0.007699
area_chart_94,area_chart,By how much did electricity usage increase from 2015 to 2019,4000 kWh,"From the chart, electricity usage was:

- 2015: 25,000
- 2019: 29,000

Increase ",True,"From the chart, electricity usage was:

- **2015:** 25,000 kWh  
- **2019:** 29,000 kWh  

Increase = **29,000 − 25,000 = 4,000 kWh**

**Answer: 4,000 kWh**",True,"Electricity usage increased by **9,000 kWh** from 2015 to 2019.",False,0.008375,0.0301225
area_chart_95,area_chart,How many videos related to the Travel category were posted o,450,"For the **Travel** category, **YouTube** has **450 videos** posted.",True,The number of **YouTube videos** in the **Travel** category is **250**.,False,120,False,0.0077275,0.0298175
area_chart_96,area_chart,What were the expenses in May?,"$48,000","The expenses in **May** were **$45,000**.",True,"The expenses in **May** were **$55,000**.",False,"$25,000",False,0.0076475,0.029845
area_chart_97,area_chart,How many more users are in Data Science compared to Artifici,110 users,"Summing the values across all categories:

- **Data Science** = 2,690  
- **Arti",True,"From the chart, the values are:

- **Artificial Intelligence (Users):** 130  
- **Data Science (Users):** 180  

So, the difference is:

**180 - 130 = 50**

**Answer: 50 more users.**",False,"From the chart labels: Data Science = 180 users, Artificial Intelligence = 130 users.  
Difference = **50 users**.",False,0.00826,0.03011
area_chart_98,area_chart,Which field experienced a consistent increase in percentage ,Psychology,"From the chart, **Political Science** shows a consistent increase from **2018 to",False,"From the chart, **Anthropology** experienced a consistent increase from **2018 to 2020**:

- 2018: **10%**
- 2019: **15%**
- 2020: **20%**

So, the answer is **Anthropology**.",False,Psychology and Anthropology.,True,0.008365,0.029885
area_chart_99,area_chart,Which category has the highest waste units?,Food & Beverage,"The **Food & Beverage** category has the highest **waste units**, at **3,000 uni",True,"From the chart, the **Waste (Units)** values by category appear to be:

- Electronics: 500  
- Automotive: 800  
- Furniture: 300  
- Clothing: 600  
- Food & Beverage: 1200  

So, **Food & Beverage** has the **highest waste units**.",True,Food & Beverage.,True,0.008415,0.029825
bubble_1,bubble,How much higher is the energy output of nuclear plants compa,1300 Megawatts,"From the chart:

- **Nuclear:** 1800 MW
- **Natural Gas:** 500 MW

So the differ",True,"From the chart:

- **Nuclear energy output:** **1600 MW**
- **Natural gas energy output:** **900 MW**

So the difference is:

**1600 − 900 = 700 MW**

So, **nuclear plants output 700 MW more energy than natural gas plants**.",False,"Nuclear plants output about **1,300 MW more** than natural gas plants.",True,0.003191,0.03011
bubble_10,bubble,Which technology has the lowest Cost and Time?,Automation,"From the chart:

- **Lowest Cost:** **Automation** at **$12 million**
- **Lowest",True,"From the chart:

- **Lowest Cost:** **Automation** — **$12 million**
- **Lowest Time:** **Quantum Computing** — **200 hours**

If you mean the technology that is **low on both cost and time overall**, **Automation** and **Quantum Computing** are the strongest candidates, but:

- **Automation** has the **lowest cost**
- **Quantum Computing** has the **lowest time**

There is **no single technology that has both the absolute lowest cost and the absolute lowest time**.",True,Automation.,True,0.0090025,0.0298675
bubble_101,bubble,How many lawyers are there in the field of Intellectual Prop,8,There are **8 thousand lawyers** in **Intellectual Property Law**.,True,The chart shows **8 thousand** lawyers in **Intellectual Property Law**.,True,8 thousand,True,0.0076975,0.0298825
bubble_103,bubble,How many merit-based scholarships are offered by Harvard Uni,200,"From the chart, **Harvard University offers 4 merit-based scholarships**.",False,Harvard University offers **170 merit-based scholarships** according to the chart.,False,200,True,0.0076725,0.0298575
bubble_104,bubble,What is the Revenue of Amazon?,419,Amazon’s revenue is **$575 billion**.,False,Amazon’s revenue is **$386 billion**.,True,Amazon’s revenue is **401 billion dollars**.,True,0.0075875,0.0299825
bubble_106,bubble,How much revenue did Instagram generate?,20.1 billion USD,"From the chart, **Instagram generated about 20 billion USD in revenue**.",True,"From the chart, **Instagram generated about 44 billion USD** in revenue.",False,Instagram generated **$23 billion**.,False,0.0076775,0.0299525
bubble_107,bubble,How much more funding does Engineering receive compared to C,$150 million,"Engineering receives **$150 million more** in funding than Chemistry.

- **Engin",True,"From the chart:

- **Engineering funding:** \$300 million  
- **Chemistry funding:** \$200 million  

So, **Engineering receives \$100 million more funding than Chemistry**.",False,Engineering receives **$150 million** more funding than Chemistry.,True,0.0080025,0.0300225
bubble_108,bubble,What is the safety rating for the production of smart phones,8,The safety rating for **smartphones** is **8**.,True,The safety rating for **smartphones** production is **8.0**.,True,7.8,True,0.00769,0.02989
bubble_109,bubble,How many active users does WhatsApp have in millions?,2000,"WhatsApp has **2,000 million** active users.",True,"WhatsApp has **2,160 million** active users.",True,"WhatsApp has **2,160 million** active users.",True,0.0076275,0.0300225
bubble_110,bubble,What is the Impact Score of UNICEF?,80,UNICEF’s Impact Score is **80**.,True,UNICEF’s Impact Score is **80**.,True,80,True,0.00759,0.02985
bubble_111,bubble,Which company has the highest employee count?,Amazon,"Amazon has the highest employee count.  
It’s shown by the largest bubble and co",True,"Amazon has the highest employee count, with **798 thousand employees**.",True,Amazon.,True,0.00765,0.029865
bubble_112,bubble,Which university has the highest graduation rate according t,Harvard,"According to the list, **Harvard** has the highest graduation rate at **98%**.",True,"According to the chart, **Harvard** has the highest graduation rate at **98%**.",True,Harvard has the highest graduation rate (98%).,True,0.00775,0.029995
bubble_114,bubble,What is Facebook's user base in millions?,70,Facebook's user base is **200 million**.,False,Facebook's user base is **190 million**.,False,Facebook's user base is **99 million**.,False,0.0075925,0.0299875
bubble_115,bubble,What was the Production Volume in April?,74,"The chart shown is about **academic performance and enrollment**, not production",False,"The image shows **education data** (student enrollment, teacher-student ratio, research funding, graduation rate), not monthly production data.

So, **the Production Volume in April is not available from this chart**.",False,April’s Production Volume was **200**.,False,0.008085,0.02997
bubble_116,bubble,What was the Production Volume in April?,74,The chart shown is about **energy consumption and environmental impact by region,False,"The chart shown is about **energy consumption, renewable energy %, electricity price, and carbon emissions by region**. It does **not include production volume by month**, so **April’s production volume cannot be determined from this image**.",False,"The chart shows regions, not months—there is no “Production Volume in April” shown.",False,0.00813,0.03012
bubble_119,bubble,Which city has the least number of properties sold?,Hong Kong,"The city with the least number of properties sold is **Hong Kong**, with **8 tho",True,"The city with the least number of properties sold is **Hong Kong**, with **8 thousand** properties sold.",True,Hong Kong.,True,0.007775,0.029885
bubble_12,bubble,What is the Retention (Score) for the Manufacturing departme,90,The **Retention (Score)** for the **Manufacturing** department is **90**.,True,The **Retention score for the Manufacturing department is 88**.,True,90,True,0.007635,0.0298125
bubble_120,bubble,What is the Overall Revenue for Visual Arts?,25000 Million $,"The overall revenue for **Visual Arts** is **25,000 million dollars** (or **$25 ",True,"The **Overall Revenue for Visual Arts** is **50,000 million dollars** (or **$50 billion**).",False,"45,000 million dollars.",False,0.0078025,0.0299275
bubble_121,bubble,What is the average settlement amount for Michael Davis?,"$90,000","Michael Davis’s average settlement amount is **$85,000**.",True,"Michael Davis’s average settlement amount is **$90,000**.",True,"$90,000",True,0.007655,0.0299
bubble_122,bubble,What is the Public Interest Score for Soccer?,10,"From the chart, **Soccer's Public Interest Score is 7.5**.",False,The Public Interest Score for **Soccer** is **10**.,True,10,True,0.0076525,0.0298525
bubble_123,bubble,What is the Economic Impact of the Defense policy area?,$450 billion,The **Economic Impact** of the **Defense** policy area is **450 billion dollars*,True,The **Defense** policy area has an **economic impact of 400 billion dollars**.,False,The Economic Impact of **Defense** is **500 billion dollars**.,False,0.0077175,0.0300525
bubble_124,bubble,How many countries does the Red Cross have outreach in?,160,The Red Cross has outreach in **130 countries**.,False,The chart shows **Red Cross** has outreach in **150 countries**.,True,180 countries.,False,0.0076725,0.0298875
bubble_125,bubble,What was the Production Volume in April?,74,The chart shown is about **financial performance of tech companies** and does **,False,"The image shows financial performance of tech companies, not monthly production data. There is no April or “Production Volume” shown in the chart.

So, **the Production Volume in April cannot be determined from this image**.",False,April’s Production Volume was **170**.,False,0.0081,0.02997
bubble_126,bubble,Which field received the highest research funding according ,Anthropology,"According to the chart, **Anthropology** received the highest research funding, ",True,"According to the chart, **History** received the highest research funding, with **$280 million**.",False,Anthropology.,True,0.007765,0.029905
bubble_127,bubble,How many millions of beneficiaries does the American Red Cro,50,The **American Red Cross** has **50 million beneficiaries**.,True,The American Red Cross has **50 million beneficiaries**.,True,50 million.,True,0.007615,0.02989
bubble_128,bubble,How much higher is the implementation cost for Defence Strat,$500 billion,"From the chart:

- **Defence Strategies** implementation cost = **$700 billion**",True,"From the chart:

- **Defence Strategies** implementation cost = **$700 billion**
- **Immigration Policies** implementation cost = **$300 billion**

So, the implementation cost for **Defence Strategies is $400 billion higher** than for **Immigration Policies**.",False,Defence Strategies is **$500 billion** higher than Immigration Policies.,True,0.0082975,0.0300625
bubble_129,bubble,How much revenue does LinkedIn generate?,$8.05 billion,"According to the chart, **LinkedIn generates about $8 billion in revenue**.",True,"From the chart, **LinkedIn generates about $15 billion in revenue**.",False,LinkedIn generates **$16 billion** in revenue.,False,0.00768,0.03
bubble_13,bubble,What is the Environmental Impact score of Wind power plants?,500,The Environmental Impact score of **Wind** power plants is **500**.,True,The environmental impact score of **Wind** power plants is **500**.,True,500,True,0.0076725,0.0298575
bubble_130,bubble,Which artist has the highest number of artworks sold accordi,Pablo Picasso,"According to the chart, **Pablo Picasso** has the highest number of artworks sol",True,"According to the chart, **Pablo Picasso** has the highest number of artworks sold, with **20,000 artworks**.",True,Pablo Picasso.,True,0.007845,0.02991
bubble_131,bubble,What is the efficiency percentage of Solar Energy?,90%,"From the chart, **Solar Energy efficiency = 18%**.",False,Solar energy has an efficiency of **95%** in the chart.,True,90%,True,0.0076525,0.0298675
bubble_132,bubble,What is the market share percentage of Soft Drinks?,30%,The market share of **Soft Drinks** is **30%**.,True,The market share of **Soft Drinks** is **40%**.,False,Soft Drinks has a market share of **32%**.,True,0.007655,0.03002
bubble_133,bubble,In which category did sales exceed the advertising budget by,Clothing,"To find where **sales exceeded the advertising budget by the largest margin**, c",True,"From the chart:

- Electronics: Sales 1500, Ad budget 400 → difference = 1100
- Clothing: Sales 2000, Ad budget 350 → difference = 1650
- Home and Furniture: Sales 1200, Ad budget 200 → difference = 1000
- Beauty and Personal Care: Sales 900, Ad budget 300 → difference = 600
- Sports and Outdoor: Sales 1600, Ad budget 250 → difference = 1350

The largest margin is for Clothing.",True,Clothing.,True,0.00912,0.029895
bubble_135,bubble,How much has been invested in research for Cancer?,150 billion dollars,"From the chart, **Cancer has about $50 billion invested in research**.",False,"From the chart, **Cancer** has a research investment of **$150 billion**.",True,Cancer research investment is **$150 billion**.,True,0.007715,0.02999
bubble_136,bubble,How many more gallons of water per acre does rice use compar,20000,"Rice uses **20,000 more gallons of water per acre** than soybeans.

- **Rice:** ",True,"From the chart:

- **Rice water usage:** 40,000 gallons per acre  
- **Soybeans water usage:** 25,000 gallons per acre

**Difference = 40,000 − 25,000 = 15,000 gallons per acre**

So, **rice uses 15,000 more gallons of water per acre than soybeans**.",False,"ERROR: Error code: 402 - {'error': {'message': 'Prompt tokens limit exceeded: 5975 > 3144. To increase, visit https://openrouter.ai/settings/credits and add more credits', 'code': 402, 'metadata': {'provider_name': None}}, 'user_id': 'user_2xmp6VJFKRi9uUscZmDo8S2llow'}",False,0.00857,0.0
bubble_137,bubble,What is the tourism revenue of Dubai?,44 billion $,Dubai’s tourism revenue is **$44 billion**.,True,Dubai’s tourism revenue is **54 billion dollars**.,False,"ERROR: Error code: 402 - {'error': {'message': 'Insufficient credits. Add more using https://openrouter.ai/settings/credits', 'code': 402}}",False,0.007605,0.0
bubble_138,bubble,What was the Production Volume in April?,74,"The chart shown is about **tourism and hospitality statistics of major cities**,",False,"The chart shown is about **tourism and hospitality statistics of major cities**, not monthly production data. It does not include **April** or any **Production Volume** values.

So, **the Production Volume in April cannot be determined from this chart**.",False,"ERROR: Error code: 402 - {'error': {'message': 'Insufficient credits. Add more using https://openrouter.ai/settings/credits', 'code': 402}}",False,0.008205,0.0
bubble_139,bubble,What is the annual cost for the Environment policy?,500 Billion $,The annual cost for the **Environment** policy is **$500 billion**.,True,The **Environment** policy has an annual cost of **$500 billion**.,True,"ERROR: Error code: 402 - {'error': {'message': 'Insufficient credits. Add more using https://openrouter.ai/settings/credits', 'code': 402}}",False,0.007685,0.0
bubble_14,bubble,Which region has the lowest education level score?,Australia,"Australia has the lowest education level score, with a score of 45.",True,"From the chart, **Africa** has the lowest education level score, at **50**.",False,"ERROR: Error code: 402 - {'error': {'message': 'Insufficient credits. Add more using https://openrouter.ai/settings/credits', 'code': 402}}",False,0.0077275,0.0
bubble_140,bubble,How many million tonnes of emission does ship transport prod,1500,"From the bubble chart, **ship transport produces 350 million tonnes of emissions",False,Ship transport produces **1200 million tonnes** of emissions.,False,"ERROR: Error code: 402 - {'error': {'message': 'Insufficient credits. Add more using https://openrouter.ai/settings/credits', 'code': 402}}",False,0.0076275,0.0
bubble_141,bubble,What was the Production Volume in April?,74,"The chart shown is about **sports and entertainment performance metrics** with:
",False,"The chart shown is about **sports and entertainment performance metrics** (revenue, attendance, player salaries, TV ratings), not monthly production.

So, **the Production Volume in April is not provided in this image**. If you share the correct production chart, I can identify April’s value.",False,"ERROR: Error code: 402 - {'error': {'message': 'Insufficient credits. Add more using https://openrouter.ai/settings/credits', 'code': 402}}",False,0.008325,0.0
bubble_156,bubble,What is the profit margin for computers? ,25%,The profit margin for computers is 25%.,True,The profit margin for **computers** is **25%**.,True,25%,True,0.0076525,0.0298675
bubble_157,bubble,What is the Quality Assurance Score for Electronics?,9,The **Quality Assurance Score for Electronics** is **9.0**.,True,The Quality Assurance Score for **Electronics** is **9.5**.,True,9.2,True,0.0076825,0.0298825
bubble_158,bubble,Which university has the highest research output score?,MIT,"MIT has the highest research output score, with a score of 92.",True,"From the chart, **MIT** has the highest research output score, at **93**.",True,MIT.,True,0.0077275,0.0298675
bubble_159,bubble,How much higher is the job availability in Arts compared to ,25 thousand,"From the chart:

- **Arts job availability** = **50 thousand**
- **Anthropology ",False,"From the chart:

- **Arts job availability:** 48 thousand  
- **Anthropology job availability:** 35 thousand  

**Difference = 48 − 35 = 13 thousand**

So, **Arts has 13 thousand more jobs available than Anthropology**.",False,Arts has **15 thousand** more jobs available than Anthropology.,False,0.0082625,0.0300275
bubble_16,bubble,How many more millions of visitors did Europe have compared ,10 million,"Europe had **10 million** more visitors than Asia.

- **Europe:** 180 million
- ",True,"Europe had **180 million** visitors and Asia had **150 million** visitors.

So, Europe had **30 million more visitors** than Asia.",False,Europe had **42 million** more visitors than Asia.,False,0.0078875,0.0300125
bubble_160,bubble,How many artworks (in thousands) did Rembrandt sell?,90,Rembrandt sold **120 thousand** artworks.,False,Rembrandt sold **85 thousand** artworks.,True,Rembrandt sold **95 thousand** artworks.,True,0.007585,0.02998
bubble_161,bubble,Which category has the highest customer ratings average scor,Home and Kitchen,"The category with the highest average customer rating is **Home and Kitchen**, w",True,"The category with the highest average customer rating is **Beauty and Personal Care**, with a rating of **4.9**.",False,Home and Kitchen.,True,0.00782,0.0299
bubble_162,bubble,What was the Production Volume in April?,74,"The chart shown is about **social media and web statistics**, not production vol",False,"The provided chart is about **social media and web statistics** and does **not show monthly production volume** or months like April.

So, **the Production Volume in April cannot be determined from this image**.",False,20 billion dollars.,False,0.00807,0.029895
bubble_163,bubble,Which company has the highest debt according to the data?,Amazon,"According to the chart, **Amazon** has the highest debt, at **$110 billion**.",True,"According to the chart, **Amazon** has the highest debt, at **110 billion dollars**.",True,Amazon.,True,0.0077475,0.0298725
bubble_164,bubble,Which company has the largest User Base according to the dat,Google,"According to the chart, **Amazon** has the largest user base, with **386 million",False,"According to the chart, **Google** has the largest user base, with **4,000 million users**.",True,Google.,True,0.007795,0.029875
bubble_165,bubble,Which government policy has the highest public satisfaction ,Social Security,The policy with the highest public satisfaction score is **Social Security** and,True,"The policy with the highest public satisfaction score is **Social Security**, with a score of **81**.",True,Digitalisation.,False,0.00776,0.029885
bubble_166,bubble,How many artworks has Rembrandt sold more than Caravaggio?,200,"From the chart:

- **Rembrandt artworks sold:** 2500  
- **Caravaggio artworks s",False,"From the chart:

- **Rembrandt artworks sold:** 3000  
- **Caravaggio artworks sold:** 2700  

Difference: **3000 - 2700 = 300**

**Answer: Rembrandt has sold 300 more artworks than Caravaggio.**",False,Rembrandt has sold **200 more artworks** than Caravaggio.,True,0.0083075,0.0300575
bubble_167,bubble,What is the fuel efficiency of rail transport?,400 miles per gallon,The fuel efficiency of **rail transport** shown in the chart is **400 miles per ,True,"From the chart, **rail transport** has a fuel efficiency of **400 miles per gallon**.",True,Rail transport’s fuel efficiency is **100 miles per gallon**.,False,0.0077425,0.0300325
bubble_168,bubble,What is the average player salary in Formula 1?,12,The chart shows **Formula 1 average player salary = $12 million**.,True,"From the chart, **Formula 1** has an average player salary of **$14 million**.",False,Formula 1’s average player salary is **$12 million**.,True,0.0077625,0.0300525
bubble_169,bubble,Which company has the highest active user count?,Google,"Google has the highest active user count, with 5,000 million users.",True,"Facebook has the highest active user count, with about 5,000 million users.",False,Google.,True,0.0076975,0.0298675
bubble_17,bubble,Which company has the lowest debt among those listed?,Microsoft,"Among the listed companies, **Microsoft** has the **lowest debt**, at **$10 bill",True,"From the chart, **Microsoft** has the lowest debt, at about **$15 billion**.",True,JPMorgan.,False,0.007745,0.0299
bubble_170,bubble,Which product has the highest profit margin percentage?,Cosmetics,"From the chart, **Books** has the highest profit margin percentage at **10%**.",False,"From the chart, **Cosmetics** has the highest profit margin percentage at **40%**.",True,Cosmetics has the highest profit margin percentage (40%).,True,0.0077425,0.0300025
bubble_171,bubble,What is the stock for the product category with the highest ,50 million,The product category with the highest annual sales is **Electronics** at **$1500,True,"The product category with the highest annual sales is **Electronics** at **$1500 million**, and its **stock is 50 million**.",True,50 million.,True,0.007905,0.029895
bubble_172,bubble,Which farm has the highest total yield when combining both f,Golden Plains Farm,"To find the highest total yield, add fruit yield and vegetable yield for each fa",True,"From the chart:

- Green Valley Farm: 1500 + 2000 = 3500
- Blue Lake Farm: 1600 + 1700 = 3300
- Silver Mountain Farm: 1800 + 2100 = 3900
- Red Hills Farm: 1900 + 2200 = 4100
- Golden Plains Farm: 2000 + 2300 = 4300

Highest total yield: Golden Plains Farm with 4,300 metric tonnes.",True,Golden Plains Farm.,True,0.0090175,0.0299125
bubble_173,bubble,What is the difference in Market Capitalization between Appl,$300 billion,"From the chart:

- **Apple Inc. market capitalization** = **2000 billion dollars",True,"From the chart:

- **Apple Inc. market capitalization** = **2000 billion dollars**
- **Microsoft market capitalization** = **1700 billion dollars**

**Difference = 2000 - 1700 = 300 billion dollars**

So, **Apple Inc.'s market capitalization is 300 billion dollars higher than Microsoft's.**",True,Apple Inc. has about **$200 billion** more market capitalization than Microsoft.,False,0.0084625,0.0300925
bubble_174,bubble,What is the market capitalization of Facebook in billion dol,800,Facebook’s market capitalization is **1750 billion dollars** (about **$1.75 tril,False,Facebook’s market capitalization is **$740 billion**.,True,Facebook’s market capitalization is **740 billion dollars**.,True,0.0076125,0.0300075
bubble_177,bubble,How many products does Nestle have?,200,Nestle has **200 products** according to the chart.,True,Nestle has **200 products** according to the chart.,True,Nestle has **155 products**.,False,0.00762,0.029955
bubble_179,bubble,How many million units of Wine were sold?,500,Wine sold **500 million units**.,True,Wine sold **600 million units**.,False,Wine sold **500 million units**.,True,0.0075625,0.0299575
bubble_18,bubble,How much does the treatment of Liver Disease cost compared t,$1000 less,"From the chart:

- **Liver Disease treatment cost:** **$30,000**
- **Stroke trea",False,"From the chart:

- **Liver Disease treatment cost:** **$5,000 thousand** = **$5.0 million**
- **Stroke treatment cost:** **$5,500 thousand** = **$5.5 million**

So, **Liver Disease costs $500 thousand less than Stroke** to treat.",False,"Liver Disease costs **$5,500 thousand ($5.5 million)**, compared to **$4,000 thousand ($4.0 million)** for Stroke — so **Liver Disease costs $1.5 million more**.",False,0.0084275,0.0305675
bubble_180,bubble,What is the market share of Instagram?,30%,Instagram’s market share is **30%**.,True,Instagram’s market share is **30%**.,True,30%,True,0.0075775,0.029815
bubble_181,bubble,What was the Production Volume in April?,74,"The chart shown is about **cultural industries revenue and popularity**, not mon",False,"The chart shown is about **cultural industries revenue and popularity**, not monthly production data, so it does **not include “Production Volume” for April**.

If you meant a different chart, please share it and I can read the April production volume for you.",False,April’s Production Volume was **180**.,False,0.008235,0.02997
bubble_183,bubble,How much profit did Southern Company make in $ billion?,5.2,Southern Company made **$5.2 billion** in profit.,True,Southern Company made **$5.2 billion** in profit.,True,$5.2$ billion,True,0.0076425,0.0299325
bubble_184,bubble,Which sport has the highest Athlete Salaries in millions of ,Football,"From the chart, **Basketball** has the highest athlete salaries.

- **Basketball",True,"From the chart, **Football** has the highest athlete salaries at **$450 million**.",True,Football.,True,0.0077375,0.0298775
bubble_185,bubble,What is the Global Reach in Millions for Film?,1500,The Global Reach for **Film** is **1500 million**.,True,The Global Reach for **Film** is **1500 million**.,True,1500 million.,True,0.007655,0.0299
bubble_186,bubble,What is the employee turnover rate in the Sales department?,20%,The Sales department turnover rate is **20%**.,True,The employee turnover rate in the **Sales** department is **18%**.,True,18%,True,0.0076875,0.0298725
bubble_188,bubble,Which platform has the least average time spent but more adv,LinkedIn,"Snapchat has **$1 billion** in advertising revenue.

Platforms with **more than ",True,"From the chart, Snapchat’s advertising revenue is **$3B**.

Platforms with **more than $3B** in advertising revenue are:
- **Facebook** ($20B)
- **Instagram** ($10B)
- **YouTube** ($15B)

Their average time spent:
- Facebook: **38 min**
- Instagram: **30 min**
- YouTube: **35 min**

The **least average time spent** among these is **Instagram (30 minutes)**.

**Answer: Instagram.**",False,LinkedIn.,True,0.0090175,0.0298975
bubble_189,bubble,Which platform has the highest average ad revenue per user?,Instagram,"From the chart, **Facebook** has the highest average ad revenue per user, at abo",False,"From the chart, **Facebook** has the highest average ad revenue per user at **$27**.",False,Facebook.,False,0.0077625,0.0298725
bubble_19,bubble,Which project has the least number of scientists working on ,Autonomous Vehicle,"The project with the least number of scientists is **Vaccine Development**, with",False,"The **Autonomous Vehicle** project has the **least number of scientists**, with **100 scientists**.",True,Autonomous Vehicle.,True,0.007765,0.029905
bubble_190,bubble,Which product category has the highest Digital Marketing Exp,Electronics,"From the chart, **Electronics** has the highest **Digital Marketing Expenditure*",True,"From the chart, **Clothing** has the highest Digital Marketing Expenditure, at about **$800 million**.",False,Electronics.,True,0.0078075,0.0298875
bubble_191,bubble,What is the revenue of Twitter as shown in the chart?,3.1 billion $,Twitter’s revenue shown in the chart is **$3.1 billion**.,True,Twitter’s revenue shown in the chart is **$3.1 billion**.,True,Twitter’s revenue is **3.1 billion dollars**.,True,0.00769,0.030025
bubble_192,bubble,What is the difference in research funding between Psycholog,$20 million,"Psychology has **$100 million** in research funding, while Sociology has **$80 m",True,"Psychology has **$100 million** in research funding, while Sociology has **$80 million**.

So, the difference is **$20 million**, with **Psychology receiving more**.",True,Psychology has **$20 million** more research funding than Sociology.,True,0.008035,0.030055
bubble_193,bubble,How many theaters are showing comedy genre films?,300,Comedy films are showing in **300 theaters**.,True,Comedy films are showing in **500 theaters**.,False,300 theaters.,True,0.0075925,0.0298825
bubble_194,bubble,What is the annual revenue of Silver Lake farm?,$400 million,Silver Lake farm’s annual revenue is **$500 million**.,False,Silver Lake farm’s annual revenue is **$450 million**.,False,Silver Lake farm’s annual revenue is **$450 million**.,False,0.00764,0.030035
bubble_195,bubble,How many hours a day is Amazon used on average?,1.5 hours,"From the chart, **Amazon is used on average 1.5 hours per day**.",True,Amazon is used on average **1.5 hours per day**.,True,Amazon is used on average **1.5 hours per day**.,True,0.0076575,0.0300525
bubble_196,bubble,What is the Satisfaction Score for graduates in Social Scien,9.1,The satisfaction score for **Social Sciences** graduates is **8 out of 10**.,True,The Satisfaction Score for **Social Sciences** is **9.2 out of 10**.,True,9.0,True,0.0077325,0.0298875
bubble_197,bubble,How many years of research time is associated with quantum c,2,Quantum Computing is associated with **2 years** of research time.,True,Quantum computing is associated with **2 years** of research time.,True,2 years,True,0.007645,0.029875
bubble_198,bubble,Which policy has the highest Implementation Cost?,International Trade Policy,The policy with the highest implementation cost is **International Trade Policy*,True,"The policy with the highest Implementation Cost is **Defense Spending**, at **$3000 billion**.",False,International Trade Policy.,True,0.00774,0.029895
bubble_199,bubble,Which department has the highest annual turnover rate?,IT,The **IT department** has the highest annual turnover rate at **20%**.,True,The **IT department** has the highest annual turnover rate at **20%**.,True,IT has the highest annual turnover rate.,True,0.0076975,0.0299575
bubble_2,bubble,What is the difference in satisfaction scores between Asia a,0.8,"Asia’s satisfaction score is **7.2** and North America’s is **8.0**.

**Differen",True,"From the chart:

- **Asia satisfaction score = 7.2**
- **North America satisfaction score = 6.5**

**Difference = 7.2 - 6.5 = 0.7**

So, **Asia’s satisfaction score is 0.7 points higher than North America’s**.",False,"Asia’s satisfaction score is 7.2 and North America’s is 8.0, so the difference is **0.8 points**.",True,0.0084275,0.0302975
bubble_20,bubble,How much higher is the price of the Painting compared to the,$3 million,"From the chart:

- **Painting price** = **$5 million**
- **Photograph price** = ",False,"From the chart:

- **Painting price** = **5 million**
- **Photograph price** = **3 million**

So, the Painting is **2 million** higher in price than the Photograph.",True,Painting is **$3 million** higher than Photograph.,True,0.00807,0.030015
bubble_200,bubble,What was the Production Volume in April?,74,"The chart shown is about **CO2 emissions and renewable energy use by country**, ",False,"The chart shown is about **sustainability practices and CO2 emissions by country**, not monthly production.

So, **the Production Volume in April cannot be determined from this image**. If you share the production chart or the monthly data, I can tell you the April value.",False,"The chart does not show monthly production volume or April. It shows country data on renewable energy use, CO2 emissions, sustainability index, and population.",False,0.00828,0.030285
bubble_201,bubble,Which product category has the largest market share percenta,Smartphones,"The product category with the largest market share is **Smartphones**, at **25%*",True,"The product category with the largest market share is **Smartphones**, at **25%**.",True,"Smartphones, at 25%.",True,0.00774,0.029955
bubble_202,bubble,How many average patent applications do aerospace engineers ,4,Aerospace engineers have an average of **4 patent applications**.,True,Aerospace engineers have an average of **3 patent applications**.,False,Aerospace engineers have **4 average patent applications**.,True,0.007655,0.03002
bubble_204,bubble,What is the profit margin for washing machines?,18%,"For **washing machines**:

- **Sale price:** \$800  
- **Production cost:** \$60",False,The profit margin for **washing machines** is **18%**.,True,The profit margin for washing machines is **18%**.,True,0.0076525,0.0300175
bubble_205,bubble,By how many percentage points is Hospitality Employment in D,5%,"From the chart:

- **Dubai hospitality employment:** 12%
- **New York hospitalit",False,"From the chart:

- **Dubai hospitality employment:** 22%
- **New York hospitality employment:** 18%

Difference = **22% - 18% = 4 percentage points**

**Answer: 4 percentage points.**",False,"Dubai hospitality employment is 23% and New York is 18%, so Dubai is **5 percentage points** higher.",True,0.008165,0.030215
bubble_206,bubble,What was the Production Volume in April?,74,The chart shown is about **sports and entertainment events** and displays **atte,False,"The chart shown is about **sports and entertainment events** and displays **Attendance, Revenue, Player Performance, and Media Coverage**.

It does **not include months** or a **Production Volume** metric, so the **Production Volume in April cannot be determined from this chart**.",False,550 million.,False,0.00828,0.02988
bubble_207,bubble,What is the Impact Score of Intellectual Property Law accord,87,The **Impact Score of Intellectual Property Law** is **90**.,True,The Impact Score of **Intellectual Property Law** is **89**.,True,The Impact Score of **Intellectual Property Law** is **87**.,True,0.0076825,0.0300775
bubble_208,bubble,How many Museum Exhibitions does Damien Hirst have?,120,Damien Hirst has **120 museum exhibitions**.,True,Damien Hirst has **160 museum exhibitions**.,False,140,False,0.0076125,0.0298575
bubble_209,bubble,Which organization has the highest number of volunteer hours,World Vision,"World Vision has the highest number of volunteer hours, with 12 million hours.",True,"From the chart, **Red Cross** has the highest number of volunteer hours, at **10 million hours**.",False,World Vision.,True,0.00779,0.029885
bubble_21,bubble,What is the total number of cases filed for Immigration and ,0.4 million,"Immigration cases filed = 0.3 million  
Taxation cases filed = 0.6 million  

To",False,"From the chart:

- Immigration cases filed = **0.3 million**
- Taxation cases filed = **0.4 million**

Total = **0.7 million cases**.",True,"ERROR: Error code: 402 - {'error': {'message': 'Prompt tokens limit exceeded: 5976 > 3144. To increase, visit https://openrouter.ai/settings/credits and add more credits', 'code': 402, 'metadata': {'provider_name': None}}, 'user_id': 'user_2xmp6VJFKRi9uUscZmDo8S2llow'}",False,0.0080125,0.0
bubble_211,bubble,Which category has the lowest number of employees and in whi,"The Coffee category has the lowest number of employees, and it was established in 2020","The category with the **lowest number of employees** is **Coffee**, with **3 emp",True,"The category with the lowest number of employees is a tie between Coffee and Bottled Water, with 100 employees each.

- Coffee was established in 2021.
- Bottled Water was established in 2018.",True,"ERROR: Error code: 402 - {'error': {'message': 'Insufficient credits. Add more using https://openrouter.ai/settings/credits', 'code': 402}}",False,0.00812,0.0
bubble_212,bubble,What is the cargo capacity of a ship according to the given ,20000 Tonnes,"According to the chart, the **ship's cargo capacity is 20,000 tonnes**.",True,"According to the chart, the **ship's cargo capacity is 20,000 tonnes**.",True,"ERROR: Error code: 402 - {'error': {'message': 'Insufficient credits. Add more using https://openrouter.ai/settings/credits', 'code': 402}}",False,0.00774,0.0
bubble_213,bubble,Which vehicle type has the lowest CO2 emissions per million ,Pipeline,"From the chart, **Pipeline** has the lowest CO2 emissions per million tonnes of ",True,"From the chart:

- Truck: 300 / 2500 = 0.12  
- Train: 250 / 4000 = 0.0625  
- Cargo Ship: 200 / 3500 ≈ 0.057  
- Air Freight: 1000 / 1500 ≈ 0.667  
- Barge: 100 / 2000 = 0.05  
- Pipeline: 50 / 1000 = 0.05  

So, **Barge and Pipeline tie for the lowest CO2 emissions per million tonnes of transport volume**.",True,"ERROR: Error code: 402 - {'error': {'message': 'Insufficient credits. Add more using https://openrouter.ai/settings/credits', 'code': 402}}",False,0.009305,0.0
bubble_214,bubble,What is the Popularity Score of Music Concerts?,95,The popularity score of **Music Concerts** is **95**.,True,The Popularity Score of **Music Concerts** is **97**.,True,"ERROR: Error code: 402 - {'error': {'message': 'Insufficient credits. Add more using https://openrouter.ai/settings/credits', 'code': 402}}",False,0.0076725,0.0
bubble_215,bubble,How much did Van Gogh's artwork sell for in millions USD?,700,Van Gogh's artwork sold for **700 million USD**.,True,Van Gogh's artwork sold for **700 million USD**.,True,"ERROR: Error code: 402 - {'error': {'message': 'Insufficient credits. Add more using https://openrouter.ai/settings/credits', 'code': 402}}",False,0.0076325,0.0
bubble_23,bubble,What is the Environmental Impact score for the Education pol,600,The Environmental Impact score for the Education policy is 55.,False,The **Environmental Impact score for Education** is **600**.,True,500,False,0.0076425,0.0298575
bubble_230,bubble,How many more billions of dollars in revenue did the Fast Fo,$150 billion,The Fast Food industry generated **$150 billion more** in revenue than the Seafo,True,"From the chart:

- **Fast Food revenue** = **$200 billion**
- **Seafood revenue** = **$90 billion**

Difference:

**200 - 90 = 110**

So, the Fast Food industry generated **$110 billion more** in revenue than the Seafood industry.",False,Fast Food generated **$150 billion** more in revenue than Seafood.,True,0.008355,0.030075
bubble_231,bubble,How many employees does Microsoft have in millions?,1.7,Microsoft has **1.7 million employees** according to the chart.,True,Microsoft has **1.7 million employees**.,True,1.7 million,True,0.0075925,0.0298975
bubble_232,bubble,What are the carbon emissions for solar energy?,0 kg per KWh,"From the chart, **solar energy has carbon emissions of 0 kg per kWh**.

If you w",True,"From the chart, **solar energy has carbon emissions of 50 kg per kWh**.",True,Solar energy’s carbon emissions are **50 kg per KWh**.,True,0.0077275,0.0300475
bubble_233,bubble,How many millions of users do Smart Home Devices have?,700,Smart Home Devices have **700 million users**.,True,"Smart Home Devices have **1,500 million users**.",False,700 million.,True,0.0076275,0.0298875
bubble_234,bubble,Which product has the highest consumer satisfaction score?,Wine,"The product with the highest consumer satisfaction score is **Wine**, with a sco",True,"From the chart, **Water** has the highest consumer satisfaction score at **90**.",False,Wine.,True,0.0077125,0.0298675
bubble_235,bubble,How many more millions of patrons does Film have compared to,450 million patrons,"Film has **450 million more patrons** than Literature.

- **Film:** 500 million
",True,"From the chart:

- **Film patronage** = **500 million**
- **Literature patronage** = **150 million**

Difference:

**500 - 150 = 350 million**

So, **Film has 350 million more patrons than Literature**.",False,Film has **380 million** more patrons than Literature.,False,0.0082475,0.0300125
bubble_236,bubble,Which product has the highest global demand according to the,Corn,"According to the chart, **Corn** has the highest global demand, at **1,080 milli",True,"According to the chart, **Corn** has the highest global demand, at **1,200 million tonnes**.",True,Corn.,True,0.007795,0.029875
bubble_239,bubble,What was the Production Volume in April?,74,"The chart shows **energy utilities** with:

- **Consumption** on the x-axis
- **",False,"The chart does not show **Production Volume by month** or any data for **April**.

It displays energy utilities with:
- **Emission**
- **Consumption**
- **Renewable Energy Use**
- **Profit**

So, the **Production Volume in April cannot be determined from this chart**.",False,2700 million MWh.,False,0.00834,0.029925
bubble_24,bubble,How much revenue does Basketball generate in billions of dol,70,Basketball generates **70 billion dollars** in revenue.,True,Basketball generates **70 billion dollars** in revenue.,True,70 billion dollars.,True,0.0076125,0.0299025
bubble_240,bubble,Which organization has the highest fundraising revenue?,Salvation Army,The organization with the highest fundraising revenue is **Doctors Without Borde,False,"The **Salvation Army** has the highest fundraising revenue, at **1.4 billion dollars**.",True,Salvation Army.,True,0.007755,0.029895
bubble_241,bubble,What is the cost for investing in Renewable Energy?,2.5 Billion $,The cost for investing in **Renewable Energy** is **$2.5 billion**.,True,The cost for investing in **Renewable Energy** is **$2.5 billion**.,True,$2.5$ billion.,True,0.00773,0.029945
bubble_242,bubble,Which vehicle type has the highest environmental impact scor,Pipelines,The vehicle type with the **highest environmental impact score** is **Airplanes*,False,"From the chart, **Trains** have the highest environmental impact score, at **55**.",False,Trains.,False,0.007745,0.029885
bubble_243,bubble,Which material has the highest Efficiency Score?,Silicon,"**Silicon** has the highest Efficiency Score, with a score of **10**.",True,"From the chart, **Silicon** has the highest **Efficiency Score**, at **10**.",True,Silicon.,True,0.00774,0.02988
bubble_244,bubble,What is the profit margin for laptops?,20%,The profit margin for laptops is **20%**.,True,The profit margin for laptops is **20%**.,True,20%,True,0.007605,0.029865
bubble_246,bubble,What is the average salary difference between Administrative,$1000,"From the chart:

- **Administrative salary** = **$3,000/month**
- **Technical sa",True,"From the chart:

- **Administrative salary** = **3000**
- **Technical salary** = **4000**

**Average salary difference = 4000 - 3000 = 1000**

So, the **Technical job type earns 1000 more per month** than the **Administrative** job type.",True,"Administrative salary = 3000, Technical salary = 4000, so the difference is **1000**.",True,0.0084125,0.0301925
bubble_247,bubble,Which Research Area has the highest Public Interest Score?,Philosophy,"The research area with the highest **Public Interest Score** is **Philosophy**, ",True,"The research area with the highest Public Interest Score is **Philosophy**, with a score of **9.5**.",True,Philosophy.,True,0.00782,0.0299
bubble_248,bubble,How much greater is the viewership of basketball compared to,1.2 million,"From the chart, **basketball viewership = 2.0 million** and **hockey viewership ",True,"From the chart, **basketball viewership = 2.0 million** and **hockey viewership = 0.8 million**.

So the difference is:

**2.0 - 0.8 = 1.2 million**

So, **basketball has 1.2 million more viewers than hockey**.",True,"ERROR: Error code: 402 - {'error': {'message': 'Insufficient credits. Add more using https://openrouter.ai/settings/credits', 'code': 402}}",False,0.0084725,0.0
bubble_249,bubble,How many tonnes of pesticides are used for grapes?,20 tonnes,Grapes use **20 tonnes** of pesticides.,True,Grapes use **20 tonnes** of pesticides.,True,"ERROR: Error code: 402 - {'error': {'message': 'Insufficient credits. Add more using https://openrouter.ai/settings/credits', 'code': 402}}",False,0.00761,0.0
bubble_25,bubble,What is the score for Victim Impact in the case of Assault?,95,The Victim Impact score for **Assault** is **95**.,True,The Victim Impact score for **Assault** is **95**.,True,"ERROR: Error code: 402 - {'error': {'message': 'Insufficient credits. Add more using https://openrouter.ai/settings/credits', 'code': 402}}",False,0.00768,0.0
bubble_250,bubble,What is the Quality Life Years score for Heart Disease?,7.5,"From the chart, **Heart Disease** has a **Quality Life Years score of 6.5**.",False,The Quality Life Years score for **Heart Disease** is **7.2**.,True,"ERROR: Error code: 402 - {'error': {'message': 'Insufficient credits. Add more using https://openrouter.ai/settings/credits', 'code': 402}}",False,0.0077025,0.0
bubble_251,bubble,By how much does the Average Price of Shoes exceed that of C,$50,"From the chart:

- **Shoes average price** = **$100**
- **Clothing average price",True,"From the chart:

- **Shoes average price** = **$120**
- **Clothing average price** = **$80**

So, the average price of Shoes exceeds that of Clothing by **$40**.",False,"ERROR: Error code: 402 - {'error': {'message': 'Insufficient credits. Add more using https://openrouter.ai/settings/credits', 'code': 402}}",False,0.00813,0.0
bubble_252,bubble,Which company has the highest number of employment (in thous,Amazon,"Amazon has the highest employment, with **798 thousand employees**.",True,"From the chart, **Amazon** has the highest employment, at **798 thousand**.",True,"ERROR: Error code: 402 - {'error': {'message': 'Insufficient credits. Add more using https://openrouter.ai/settings/credits', 'code': 402}}",False,0.00772,0.0
bubble_267,bubble,Which destination has the highest revenue according to the d,USA,"According to the chart, **USA** has the highest revenue, at **1300 billion dolla",True,"According to the chart, **France** has the highest revenue, at about **$1,300 billion**.",False,USA.,True,0.0077925,0.0298725
bubble_268,bubble,What is the efficiency score for the Smartphones sector?,90,The efficiency score for the **Smartphones** sector is **90**.,True,The efficiency score for the **Smartphones** sector is **88**.,True,88,True,0.00767,0.029855
bubble_269,bubble,Which crop has the highest employment rate?,Sugar Cane,"The crop with the **highest employment rate** is **Sugar Cane**, at **20%**.",True,"From the chart, **Corn** has the highest employment rate at **17%**.",False,Sugar Cane.,True,0.0076975,0.02983
bubble_27,bubble,How many more months does it take to develop nanotechnology ,36 months,Nanotechnology takes **36 more months** to develop than energy storage technolog,True,"From the chart:

- **Nanotechnology development time:** 60 months  
- **Energy Storage development time:** 24 months  

Difference:

**60 - 24 = 36 months**

So, **nanotechnology takes 36 more months** to develop than energy storage technologies.",True,Nanotechnology takes **36 more months** than energy storage.,True,0.0083025,0.0300375
bubble_270,bubble,Which platform has the highest user satisfaction score?,Instagram,Instagram has the highest user satisfaction score: 90.,True,"From the chart, **Instagram** has the highest user satisfaction score at **90**.",True,Instagram.,True,0.0077125,0.0298675
bubble_271,bubble,What is the property value of the city with the highest rent,800 million $,"The city with the highest rental price is **San Jose** at **$3500**, and its **p",True,"The city with the highest rental price is **San Jose** at **$3500**, and its **property value is $3000 million**.",False,"The highest rental price is **San Jose ($3500)**, and its property value is **$800 million**.",True,0.007905,0.03021
bubble_272,bubble,What is the cost of wind energy in USD?,250,The cost of **wind energy** in the chart is **250 USD**.,True,The cost of **wind energy** shown in the chart is **300 USD**.,False,Wind energy costs **$250**.,True,0.0077,0.02996
bubble_273,bubble,Which utility company has the highest number of customers se,State Grid Corporation of China,The **State Grid Corporation of China** has the highest number of customers serv,True,"From the chart, **State Grid Corporation of China** has the highest number of customers served, at about **1,300 million** customers.",True,State Grid Corporation of China.,True,0.0078825,0.0299325
bubble_275,bubble,What was the Production Volume in April?,74,"In **April** (Furniture), the **production volume/quantity** was **400 thousand ",False,"The chart shows industries, not months. If you mean the 4th data point (April), the production volume/quantity is **500 thousand units**.",False,April’s Production Volume was **350 thousand units**.,False,0.00792,0.03
bubble_276,bubble,What was the Production Volume in April?,74,"The chart shown is about **transportation modes** and includes:

- Number of Veh",False,"The chart shown is about **transportation modes** (bicycle, motorcycle, car, truck, train) and displays **number of vehicles, total distance traveled, fuel efficiency, and average speed**.

It does **not include monthly production data**, so the **Production Volume in April cannot be determined from this image**.",False,450 million kilometers.,False,0.008415,0.029895
bubble_277,bubble,What was the Production Volume in April?,74,The chart shown does not include **Production Volume** or any **monthly data for,False,"The chart shown does not include monthly data or a metric labeled “Production Volume,” so **April’s production volume cannot be determined from this image**.",False,750 million dollars.,False,0.00789,0.029895
bubble_278,bubble,How many employees are there in the Department of Health & H,1.0 million,The Department of Health & Human Services has **80 employees** in the chart.,False,"The chart labels the **Department of Health & Human Services** with **“Number of Employees = 1”**, meaning **1 million employees**.",True,1 million.,True,0.007905,0.029895
bubble_279,bubble,What is the capital investment for wind energy?,$160 billion,"From the chart, the **capital investment for wind energy is 20**.

If you want, ",False,The capital investment for **wind energy** is **$160 billion**.,True,150 billion dollars.,True,0.0076675,0.0298975
bubble_28,bubble,Which restaurant type has the highest sustainability score?,Home Delivery,"The restaurant type with the highest sustainability score is **Home Delivery**, ",True,"From the chart, **Home Delivery** has the highest sustainability score, with a score of **10**.",True,Home Delivery.,True,0.0077725,0.0298825
bubble_281,bubble,Which legal subject has the highest Justice Delay Rate?,Constitution Law,"The legal subject with the highest Justice Delay Rate is **Constitution Law**, a",True,"The legal subject with the highest Justice Delay Rate is **Constitutional Law**, at **28%**.",False,Constitution Law.,True,0.007775,0.0299
bubble_282,bubble,How much funding does Literature receive?,420 million $,Literature receives **$420 million** in funding.,True,Literature receives **$430 million** in funding.,True,Literature receives **$420 million** in funding.,True,0.0076025,0.0299975
bubble_283,bubble,What was the Production Volume in April?,74,The chart shown is about **sports and entertainment performance metrics** with c,False,"The chart shown is about **sports and entertainment industry metrics** (revenue, attendance, social media followers, TV rating), and it does **not include Production Volume or months like April**.

So, **the Production Volume in April cannot be determined from this image**.",False,April’s Production Volume was **220**.,False,0.008265,0.02997
bubble_284,bubble,Which crime has the highest Law Enforcement (Score)?,Assault,Assault has the highest Law Enforcement score: 9.,True,"From the chart, **Assault** has the highest **Law Enforcement score**, which is **9**.",True,Assault.,True,0.007775,0.029885
bubble_285,bubble,How many faculties are there at Stanford?,349,Stanford has **349 faculty members** according to the chart.,True,"From the chart, **Stanford has 350 faculties**.",True,Stanford has **350 faculties**.,True,0.007635,0.029955
bubble_287,bubble,What is the dropout rate at Harvard University?,2%,Harvard University’s dropout rate is 2%.,True,Harvard University’s dropout rate is **2%**.,True,Harvard University’s dropout rate is **2%**.,True,0.0076225,0.0300175
bubble_288,bubble,What was the Production Volume in April?,74,The chart shown is about **social media and web platform analysis** and includes,False,"The chart shown is about **social media and web platform analysis** and includes:

- Active Users
- Engagement Rate
- Market Share
- Advertising Revenue

It does **not show “Production Volume”** or monthly data like **April**.

So, **the Production Volume in April cannot be determined from this chart**.",False,"8,000 million dollars.",False,0.00843,0.029925
bubble_289,bubble,What is the population difference between Tokyo and New York,29 million,"From the chart:

- **Tokyo population** = **20,000** (in the legend’s population",False,"From the chart:

- Tokyo population = 37.4 million
- New York population = 8.4 million

Difference = 37.4 − 8.4 = 29.0 million

So, the population difference is 29 million people.",True,"Tokyo’s population is 37.4 million and New York’s is 8.4 million, so the difference is **29.0 million**.",True,0.0082575,0.0303075
bubble_29,bubble,Which tax type has the highest revenue collected?,Income Tax,"The tax type with the highest revenue collected is **Income Tax**, at **$750 bil",True,"**Income Tax** has the highest revenue collected, at **$750 billion**.",True,Income Tax.,True,0.0076975,0.0298825
bubble_290,bubble,How much greater is the carbon footprint of Exxon Mobil comp,"350,000 metric tons","From the chart, Exxon Mobil’s carbon footprint is **320 million tons CO₂e**, whi",False,"From the chart:

- **Exxon Mobil carbon footprint:** 500,000 metric tons  
- **Total carbon footprint:** 180,000 metric tons  

Difference:

**500,000 − 180,000 = 320,000 metric tons**

So, **Exxon Mobil’s carbon footprint is 320,000 metric tons greater than Total’s**.",True,"Exxon Mobil’s carbon footprint is about **220,000 metric tons** greater than Total’s.",False,0.00855,0.03015
bubble_291,bubble,Which charity has the highest annual fundraising but the low,World Vision International,"From the chart, **St. Jude Children's Research Hospital** has the **highest annu",False,"From the chart, **World Vision International** has the **highest annual fundraising** (about **$1,000 million**) and the **lowest number of beneficiaries** among the highest-fundraising charities shown is **not** World Vision.

If you mean **the charity with the highest fundraising overall and then ask which has the lowest beneficiaries overall**, those are different charities:

- **Highest annual fundraising:** **World Vision International**
- **Lowest number of beneficiaries:** **St. Jude Children's Research Hospital** (about **50 thousand**)

So the charity that fits “highest annual fundraising but the lowest number of beneficiaries” does **not appear to be a single organization** on this chart.",True,World Vision International.,True,0.00951,0.02991
bubble_292,bubble,How much revenue did Clifford Chance generate?,30 Million $,Clifford Chance generated **$300 million** in revenue.,False,Clifford Chance generated **$30 million** in revenue.,True,Clifford Chance generated **$30 million**.,True,0.007635,0.03
bubble_293,bubble,Which policy has the highest Budget Allocation percentage?,Defense Policy with 40%,"The policy with the highest Budget Allocation percentage is **Defense Policy**, ",True,The **Defense Policy** has the highest **Budget Allocation** percentage at **45%**.,False,Defense Policy.,False,0.0077275,0.0298825
bubble_294,bubble,Which organization has the highest Impact Score?,World Wildlife Fund,"The **World Wildlife Fund** has the highest Impact Score, with a score of **95**",True,"The **World Wildlife Fund** has the highest **Impact Score**, at **95**.",True,World Wildlife Fund.,True,0.00771,0.029895
bubble_295,bubble,What is the Citizen Satisfaction score for Germany?,75,Germany’s Citizen Satisfaction score is **75**.,True,Germany’s Citizen Satisfaction score is **82**.,True,Germany’s Citizen Satisfaction score is **75**.,True,0.0075925,0.0299875
bubble_296,bubble,How much research funding does the Massachusetts Institute o,320,The Massachusetts Institute of Technology receives **$320 million** in research ,True,The chart shows that the **Massachusetts Institute of Technology (MIT)** receives **$450 million** in research funding.,False,Massachusetts Institute of Technology receives **$320 million** in research funding.,True,0.00781,0.03007
bubble_297,bubble,Which platform has the highest average time spent?,Facebook,"Facebook has the highest average time spent, at 86 minutes.",True,"Facebook has the highest average time spent, at 4.5 hours.",True,Facebook.,True,0.0076675,0.0298675
bubble_298,bubble,What is the Sustainability Score of Paris?,9,Paris has a **Sustainability Score of 9**.,True,Paris has a **Sustainability Score of 8.0**.,False,Paris’s Sustainability Score is **9.3**.,True,0.007665,0.03
bubble_299,bubble,Which device has the lowest convenience score?,Router,"The **Router** has the lowest convenience score, at **40**.",True,"The **Router** has the lowest convenience score, at **40**.",True,Router.,True,0.007665,0.029865
bubble_3,bubble,Which restaurant type has the highest employee satisfaction ,Fine Dining,The restaurant type with the highest employee satisfaction score is **Fine Dinin,True,"From the chart, **Fine Dining** has the highest employee satisfaction score, at **81**.",True,Fine Dining.,True,0.007745,0.029885
bubble_30,bubble,What is the difference between the Financial Return Score of,10 points,"From the chart, the **Financial Return Score** is:

- **Music:** 50  
- **Theate",True,"From the chart:

- **Music Financial Return Score = 50**
- **Theater Financial Return Score = 65**

**Difference = 65 - 50 = 15**

So, **Theater’s Financial Return Score is 15 points higher than Music’s**.",False,"Music’s Financial Return Score is 50 and Theater’s is 65, so the difference is **15**.",False,0.008295,0.030195
bubble_300,bubble,How many more millions of monthly active users does Facebook,1700 million users,"Facebook has **700 million** more monthly active users than Instagram.

- **Face",False,"From the chart:

- Facebook monthly active users = **2700 million**
- Instagram monthly active users = **1500 million**

Difference:

**2700 − 1500 = 1200 million**

So, **Facebook has 1,200 million more monthly active users than Instagram**.",False,"Facebook has **1,900 million** more monthly active users than Instagram.",False,0.0083425,0.0300775
bubble_31,bubble,Which company has invested the most in 2023?,Microsoft,"From the chart, **Microsoft** has invested the most in 2023, with an investment ",True,"From the chart, **Microsoft** has invested the most in 2023, with about **$28 billion**.",True,Microsoft.,True,0.0078075,0.0298725
bubble_32,bubble,Which health issue has the highest mortality rate according ,Cardiovascular Disease,"According to the data, **Cardiovascular Disease** has the highest mortality rate",True,"According to the chart, **Cardiovascular Disease** has the highest mortality rate at **20%**.",True,Cardiovascular Disease.,True,0.0025985,0.0299225
bubble_33,bubble,Which topic has the highest popularity score?,Psychology,"The topic with the highest popularity score is **Psychology**, with a popularity",True,"The topic with the highest popularity score is **Psychology**, with a popularity score of **900**.",True,Psychology.,True,0.007755,0.02988
bubble_34,bubble,What is the 'Attitudes to Education (Score)' for Non-Binary ,7,The **Attitudes to Education (Score)** for **Non-Binary** individuals is **7**.,True,The **Attitudes to Education (Score)** for **Non-Binary** individuals is **6**.,False,7,True,0.0077775,0.0298725
bubble_35,bubble,Which sector has the highest Environmental Impact score?,Energy Production,The **Energy Production** sector has the highest Environmental Impact score.,True,The sector with the highest Environmental Impact score is **Energy Production**.,True,Energy Production.,True,0.0076525,0.0298825
bubble_36,bubble,How much revenue is generated from soccer?,60 billion $,Soccer generates **$60 billion** in revenue.,True,Soccer generates **about $55 billion** in revenue.,True,Soccer generates **$60 billion** in revenue.,True,0.00762,0.03
bubble_37,bubble,Which network technology has the highest cost?,5G,"The network technology with the highest cost is **5G**, at **$300**.",True,"From the chart, **5G** has the highest cost at **$300**.",True,5G.,True,0.00771,0.02988
bubble_38,bubble,Which destination has the highest average spending?,Japan,"The destination with the highest average spending is **Japan**, at **$4,000** pe",True,"Japan has the highest average spending, at $4,000.",True,Japan.,True,0.007635,0.029865
bubble_39,bubble,What is the legality score for Intellectual Property Law?,90,The legality score for Intellectual Property Law is 80.,False,The legality score for **Intellectual Property Law** is **88**.,True,89,True,0.00767,0.029855
bubble_4,bubble,What is the total number of users (in millions) for Twitter ,0.9 million,"Twitter has 0.5 billion users and Reddit has 0.4 billion users.

Combined total:",True,"From the chart:

- **Twitter**: 0.4 million users  
- **Reddit**: 0.3 million users  

Combined total = **0.7 million users**.",False,"0.76 million
",False,0.0080625,0.0299325
bubble_40,bubble,What is the difference in average house prices between Downt,"$50,000","From the chart:

- **Downtown average house price:** **$450,000**
- **Suburbs av",True,"From the chart:

- **Downtown average house price:** **$350,000**
- **Suburbs average house price:** **$300,000**

**Difference = $50,000**

So, **Downtown is $50,000 more expensive than the Suburbs on average**.",True,"Downtown is **$50,000** higher than Suburbs.",True,0.008355,0.03006
bubble_41,bubble,How much is the User Growth for Instagram?,1.2 million,Instagram’s **User Growth** is **1.2 million**.,True,Instagram’s **User Growth** is **1.2 million**.,True,Instagram’s user growth is **1.8 million**.,False,0.0076525,0.0300175
bubble_42,bubble,In which category is the average spend per customer the high,Electronics,"The highest average spend per customer is in **Electronics**, at **$200**.",True,"From the chart labels, the **average spend per customer** values are:

- Electronics = **$120**
- Apparel = **$100**
- Groceries = **$200**
- Books = **$40**
- Toys = **$80**
- Home Furnishings = **$150**

The **highest** is **Groceries**, at **$200 per customer**.",True,Electronics.,True,0.00862,0.02989
bubble_43,bubble,How much is the Broadcast Audience for the NBA Finals?,120 million,The **Broadcast Audience for the NBA Finals is 150 million**.,False,The **NBA Finals** broadcast audience is **150 million**.,False,150 million.,False,0.0076425,0.0298875
bubble_44,bubble,What is the revenue in billions of dollars generated by Bask,25,Basketball generates **25 billion dollars** in revenue.,True,Basketball generates **25 billion dollars** in revenue.,True,25 billion dollars.,True,0.007615,0.029905
bubble_45,bubble,What is the appeal rate for cases in the County Court?,15%,The appeal rate for cases in the **County Court** is **15%**.,True,The appeal rate for the County Court is 15%.,True,15%,True,0.007615,0.029875
bubble_46,bubble,What is the total number of employees (in thousands) for XYZ,65,"From the chart legend:

- XYZ Corp. = 30 thousand employees
- RST Co. = 35 thous",True,"From the chart:

- **XYZ Corp.** = **30 thousand**
- **RST Co.** = **35 thousand**

Total = **65 thousand employees**.",True,"XYZ Corp. has **30** thousand employees and RST Co. has **35** thousand, so combined they have **65 thousand**.",True,0.007985,0.030305
bubble_47,bubble,How many more hours per week is the engagement in music comp,5 hours,"Music engagement is **9 hours/week** and dance engagement is **4 hours/week**.

",True,"Music engagement is **9 hours/week** and dance engagement is **7 hours/week**.

So, music has **2 more hours per week** of engagement than dance.",False,"ERROR: Error code: 402 - {'error': {'message': 'Insufficient credits. Add more using https://openrouter.ai/settings/credits', 'code': 402}}",False,0.0079675,0.0
bubble_48,bubble,Which crop has the highest production volume according to th,Corn,"According to the chart, **Corn** has the highest production volume, at about **1",True,"According to the chart, **Corn** has the highest production volume, at about **1,200 million tonnes**.",True,"ERROR: Error code: 402 - {'error': {'message': 'Insufficient credits. Add more using https://openrouter.ai/settings/credits', 'code': 402}}",False,0.00781,0.0
bubble_5,bubble,How many thousands of Engineering Graduates are there in the,2.4,The field of **Artificial Intelligence** has **2.4 thousand engineering graduate,True,"From the chart, **Artificial Intelligence** has **2.5 thousand engineering graduates**.",True,"ERROR: Error code: 402 - {'error': {'message': 'Insufficient credits. Add more using https://openrouter.ai/settings/credits', 'code': 402}}",False,0.00773,0.0
bubble_50,bubble,How much energy does the Solar Farm project use?,25 Megawatts,The Solar Farm project uses **25 megawatts** of energy.,True,The **Solar Farm** project uses **25 megawatts** of energy.,True,"ERROR: Error code: 402 - {'error': {'message': 'Insufficient credits. Add more using https://openrouter.ai/settings/credits', 'code': 402}}",False,0.007685,0.0
bubble_51,bubble,How many factory workers are employed in the production of s,1200 thousand,"The chart appears blank, so there’s no visible data point for smartphones.

If y",False,"The chart shows that **smartphones employ 1,200 thousand factory workers**, i.e. **1.2 million workers**.",True,"ERROR: Error code: 402 - {'error': {'message': 'Insufficient credits. Add more using https://openrouter.ai/settings/credits', 'code': 402}}",False,0.007855,0.0
bubble_52,bubble,What is the market share percentage for Coffee?,20%,Coffee has a market share of **20%**.,True,The market share percentage for **Coffee** is **18%**.,True,"ERROR: Error code: 402 - {'error': {'message': 'Insufficient credits. Add more using https://openrouter.ai/settings/credits', 'code': 402}}",False,0.0076525,0.0
bubble_53,bubble,What was the Production Volume in April?,74,"The chart shows **crop production volumes**, not monthly data. There is **no Apr",False,"The chart does not show months, so there is no April production volume provided.

It displays crop production volumes by crop, such as:
- Wheat: 780 million tonnes
- Rice: 520 million tonnes
- Corn: 1200 million tonnes
- Soybeans: 350 million tonnes
- Potatoes: 370 million tonnes
- Tomatoes: 180 million tonnes
- Barley: 160 million tonnes
- Carrots: 100 million tonnes
- Grapes: 90 million tonnes

If you want, I can help infer which value you meant if you share the monthly chart.",False,"ERROR: Error code: 402 - {'error': {'message': 'Insufficient credits. Add more using https://openrouter.ai/settings/credits', 'code': 402}}",False,0.0093,0.0
bubble_67,bubble,What is the Carbon Footprint for the Recycling Program?,5000 Metric Tons,"The **Carbon Footprint for the Recycling Program** is **5,000 metric tons**.",True,"The **Carbon Footprint for the Recycling Program** is **8,000 metric tons**.",False,5000 metric tons.,True,0.0077325,0.0299175
bubble_68,bubble,What is the profit margin for electronics?,30%,The profit margin for **electronics** is **30%**.,True,The profit margin for **electronics** is **30%**.,True,30%,True,0.007635,0.029865
bubble_69,bubble,Which field has the second-largest number of researchers?,Civil Engineering,The field with the second-largest number of researchers is **Biomedical Engineer,False,"From the chart, **Mechanical Engineering** has the largest number of researchers (500 thousand), so the **second-largest** is **Computer Science** with **450 thousand researchers**.",False,Civil Engineering.,True,0.007985,0.029885
bubble_7,bubble,Which property type has the greatest area?,Vacation Homes,"Vacation Homes have the greatest area, at 4.0 million square meters.",True,"The property type with the greatest area is **Vacation Homes**, with **4 million square meters**.",True,Vacation Homes.,True,0.00774,0.02988
bubble_70,bubble,Which material has an environmental impact score of 5?,Silicon,The material with an environmental impact score of **5** is **Silicon**.,True,The material with an environmental impact score of **5** is **Steel**.,False,Silicon.,True,0.0076875,0.0298875
bubble_71,bubble,Which website has the highest conversion rate?,YouTube,YouTube has the highest conversion rate at 6%.,True,"From the chart, **YouTube** has the highest conversion rate at **6%**.",True,YouTube.,True,0.007725,0.02988
bubble_72,bubble,What is the Bureaucratic Complexity score of the Climate Cha,400,The **Bureaucratic Complexity score** of **Climate Change Policies** is **400**.,True,The **Bureaucratic Complexity score** for **Climate Change Policies** is **400**.,True,500,False,0.007755,0.029865
bubble_73,bubble,Which product has the highest reliability score?,Home essentials,"The product with the **highest reliability score** is **Home essentials**, with ",True,"The product with the highest reliability score is **Furniture**, with a score of **10.1**.",False,Home essentials.,True,0.007755,0.02988
bubble_74,bubble,Which renewable source has the largest generation capacity?,Solar,"From the chart, **Solar** has the largest generation capacity at **500 GW**.",True,"From the chart, **Solar** has the largest generation capacity at **500 GW**.",True,Solar has the largest generation capacity.,True,0.0077125,0.0299425
bubble_75,bubble,How many deliveries did FedEx complete?,300 million,FedEx completed **300 million deliveries**.,True,FedEx completed **280 million deliveries**.,True,FedEx completed **350 million** deliveries.,False,0.007575,0.02997
bubble_76,bubble,Which subject has the highest research output?,Computer Science,"From the chart, **Computer Science** has the highest research output.

- **Resea",True,"The subject with the highest research output is **Computer Science**, with about **4,200 publications per year**.",True,Biology has the highest research output.,False,0.007785,0.029955
bubble_77,bubble,How many millions of units of furniture are produced?,25,Furniture produces **25 million units**.,True,Furniture has **18 million units** produced.,False,Furniture is **22 million units**.,False,0.00758,0.02996
bubble_78,bubble,How much research funding in million dollars is allocated to,200,Sociology is allocated **200 million dollars** in research funding.,True,Sociology is allocated **180 million dollars** in research funding.,True,Sociology is allocated **$210 million**.,True,0.00766,0.03001
bubble_79,bubble,What is the customer satisfaction score for PepsiCo?,80,PepsiCo’s customer satisfaction score is **85**.,True,PepsiCo’s customer satisfaction score is **80**.,True,80,True,0.007625,0.029855
bubble_8,bubble,Which platform has the highest engagement score?,Facebook,Facebook has the highest engagement score: 10.,True,"Facebook has the highest engagement score, at 10.2.",True,Facebook.,True,0.007635,0.029865
bubble_80,bubble,What was the Production Volume in April?,74,The chart shown is about company performance and does not include monthly produc,False,"The chart shown does not include monthly data or a “Production Volume” metric, so April’s production volume cannot be determined from this image.",False,"3000
",False,0.00786,0.02988
bubble_81,bubble,How much greater is the health spending for Mental Disorders,$800 billion,"From the legend:

- **Mental Disorders** health spending = **$50 billion**
- **H",False,"From the chart:

- **Mental Disorders health spending** = **$2000 billion**
- **Heart Disease health spending** = **$800 billion**

Difference:

**2000 - 800 = 1200 billion dollars**

So, **Mental Disorders spending is $1,200 billion greater** than Heart Disease spending.",True,Mental Disorders spending is **$800 billion** greater than Heart Disease.,True,0.0084375,0.0300675
bubble_82,bubble,What is the profit margin of electronic gadgets compared to ,30%,"From the chart:

- **Electronic Gadgets profit margin:** **30%**
- **Trucks prof",True,"From the chart:

- **Electronic Gadgets:** **30%** profit margin  
- **Trucks:** **18%** profit margin

So, **electronic gadgets have a 12 percentage point higher profit margin than trucks**.",True,Electronic gadgets have a **30%** profit margin versus **19%** for trucks — **11 percentage points higher**.,True,0.00817,0.03022
bubble_84,bubble,What is the difference in the number of employees between th,1000 employees,"Clothing has **5,000 employees** and Beauty and Personal Care has **4,000 employ",True,"From the chart:

- **Clothing employees:** 4,000  
- **Beauty and Personal Care employees:** 4,500  

**Difference = 4,500 - 4,000 = 500 employees.**",False,Clothing has 500 more employees than Beauty and Personal Care.,False,0.0081575,0.0300575
bubble_85,bubble,How many training hours are provided to each employee in the,20,The Sales department provides **20 training hours per employee**.,True,The Sales department provides **25 training hours per employee**.,False,Sales employees receive **25 training hours** each.,False,0.007635,0.03
bubble_87,bubble,What was the Production Volume in April?,74,"The chart shown is for **food and beverage products** and displays **Revenue, Ma",False,"The chart shown is about **food and beverage products** and displays **Revenue, Market Share, Customer Satisfaction, and Profit Margin** for products like Bread, Milk, Soda, Juice, Snacks, and Water.

It does **not show Production Volume** or any **monthly data such as April**.

So, **the Production Volume in April cannot be determined from this chart**.",False,April’s Production Volume was **500**.,False,0.00858,0.02997
bubble_88,bubble,What is the customer satisfaction score for dairy products?,7,The customer satisfaction score for **dairy products** is **7**.,True,The customer satisfaction score for **dairy products** is **8.2**.,False,8.5,False,0.0077,0.029885
bubble_89,bubble,Which department has the smallest employee size and what is ,HR; 8%,"The smallest employee size is **40**.

The departments with **40 employees** are",False,"The department with the smallest employee size is **HR**, with **80 employees**.

Its **turnover rate is 8%**.",True,"HR has the smallest employee size, and its turnover rate is 7%.",False,0.007875,0.030075
bubble_9,bubble,What is the Satisfaction Score for the South Pacific destina,5,The Satisfaction Score for the South Pacific destination is 5.,True,The South Pacific destination has a Satisfaction Score of 5.,True,5,True,0.0076275,0.0298575
bubble_90,bubble,Which field has the highest number of journals published?,Psychology,"**Psychology** has the highest number of journals published, with **600 journals",True,"From the chart, **Anthropology** has the highest number of journals published, with **600 journals**.",False,Psychology.,True,0.00779,0.029885
bubble_91,bubble,Which department has the highest Employee Satisfaction score,Finance,The **Finance** department has the highest Employee Satisfaction score at **85%*,True,"Finance has the highest Employee Satisfaction score, with a score of 85.",True,Finance.,True,0.007655,0.0298175
bubble_92,bubble,Which law firm has the highest client satisfaction score?,Kirkland & Ellis,"From the chart’s color scale for client satisfaction, **Kirkland & Ellis** has t",True,"From the chart, **Kirkland & Ellis** has the highest client satisfaction score, at **9.1**.",True,Kirkland & Ellis.,True,0.00782,0.02993
bubble_93,bubble,What was the Production Volume in April?,74,"The production volume in **April** was **1,000 thousand units**.",False,"The chart shows industries, not months, so **April is not represented**.

If you meant the **4th data point/category (Cars)**, its **Production Volume** is **900 thousand units**.",False,"April corresponds to **Cars**, and its Production Volume is **1,000 thousand units**.",False,0.00807,0.03012
bubble_94,bubble,How many jobs are generated by the AI Technology sector?,4.5 million,The AI Technology sector generates **4.5 million jobs**.,True,The **AI Technology** sector generates **4.5 million jobs**.,True,4.5 million jobs.,True,0.0076725,0.0299325
bubble_95,bubble,How many thousands of beneficiaries does the Salvation Army ,40,The Salvation Army serves **40 thousand beneficiaries annually**.,True,The Salvation Army serves **35 thousand beneficiaries annually**.,False,42 thousand.,True,0.007615,0.02989
bubble_96,bubble,Whose artwork was created in the earliest year?,Van Gogh's artwork was created in 1888,"The earliest artwork year shown is **1888**, which belongs to **Vincent van Gogh",True,"From the chart, the earliest year of creation is **1903**, which corresponds to **Monet**.",True,Van Gogh.,False,0.007775,0.029885
bubble_97,bubble,What was the Production Volume in April?,74,"The image shown is about **education data by subject**, not production volume by",False,"The image does not show monthly production data, so April’s **Production Volume** cannot be determined from this chart.

It displays **education data by subject**:
- Student Enrollment
- Teacher-Student Ratio
- Graduation Rate
- Average Teacher Salary

If you meant a different chart, please upload it and I’ll identify April’s production volume.",False,1400,False,0.00849,0.029865
bubble_98,bubble,What is the Global Reach of Cinema in millions?,150,Cinema has a **global reach of 150 million**.,True,Cinema's **Global Reach** is **150 million**.,True,150 million,True,0.007625,0.02987
bubble_99,bubble,What is the employment rate for Oats?,6.5%,The employment rate for **Oats** is **7%**.,True,The employment rate for **Oats** is **7%**.,True,8%,False,0.0075,0.0292575
radar_1,radar,What is the percentage change in taxation from Q1 to Q4?,30%,"From the chart, **Taxation (%)** is:

- **Q1 = 50**
- **Q4 = 55**

Percentage ch",False,"From the chart, **Taxation (%)** is:

- **Q1 = 50**
- **Q4 = 65**

Percentage change from Q1 to Q4:

\[
\frac{65 - 50}{50} \times 100 = 30\%
\]

**Answer: 30% increase.**",True,"Taxation rises from **50** in Q1 to **65** in Q4, a **30% increase**.",True,0.003261,0.030745
radar_10,radar,How much did the tax rate (%) increase from Q1 to Q4?,15%,"From the chart, the **tax rate** is:

- **Q1:** 80%
- **Q4:** 95%

So the increa",True,"From the chart, **Tax (%)** is:

- **Q1 = 80**
- **Q4 = 95**

So the increase from Q1 to Q4 is:

**95 - 80 = 15 percentage points**

So, the tax rate increased by **15%**.",True,Tax rate increased by **15 percentage points** (from **80%** in Q1 to **95%** in Q4).,True,0.0083275,0.0307775
radar_100,radar,Which category has the highest Guest Satisfaction score?,Luxury Cruise,"The category with the highest **Guest Satisfaction** score is **Luxury Cruise**,",True,"The category with the highest **Guest Satisfaction** score is **Wellness Retreat**, with a score of **94**.",False,Luxury Cruise.,True,0.0077725,0.0304025
radar_101,radar,Which category has the lowest score in Pollution Management?,Energy Usage,The category with the lowest score in **Pollution Management** is **Energy Usage,True,"In the **Pollution Management** category, the scores are:

- Forest Conservation: **80**
- Energy Usage: **70**
- Water Conservation: **90**
- Wildlife Protection: **75**
- Green Building Initiatives: **60**
- Eco-friendly Practices: **70**

The **lowest score** is **Green Building Initiatives**, with a score of **60**.",True,Energy Usage.,True,0.008585,0.030405
radar_102,radar,Which university has the highest faculty Quality Score?,Cambridge,"From the chart, **Cambridge** has the highest **Faculty Quality Score**, at abou",True,"From the chart, the **Faculty Quality** scores are:

- **Harvard:** 95  
- **MIT:** 91  
- **Stanford:** 94  
- **Oxford:** 92  
- **Cambridge:** 91  
- **Yale:** 92  

So, **Harvard** has the highest faculty Quality Score, with **95**.",True,Oxford.,False,0.0085525,0.0303875
radar_103,radar,What score did Barcelona receive for Local Cuisine?,90,Barcelona received a **90** for **Local Cuisine**.,True,Barcelona received a **95** for **Local Cuisine**.,True,90,True,0.0075925,0.0303725
radar_104,radar,What is the Cost per unit of Nuclear Energy?,$66,The **cost per unit of Nuclear Energy** is **$65**.,True,The **cost per unit of Nuclear Energy** is **$60**.,True,"64
",True,0.00764,0.03039
radar_105,radar,Which health facility has the highest Treatment Effectivenes,Dental Clinic,"The **Dental Clinic** has the highest **Treatment Effectiveness** score, with a ",True,"The facility with the highest **Treatment Effectiveness** score is **Maternity Center**, with a score of **95**.",False,Physiotherapy Center has the highest Treatment Effectiveness score (95).,False,0.0077925,0.0305725
radar_106,radar,Which team scored the lowest on Resource Allocation?,Team A,"On **Resource Allocation**, **Team D** scored the lowest, with a score of **70**",False,"Looking at the purple bars for **Resource Allocation (Score)**:

- **Team A:** 85  
- **Team B:** 70  
- **Team C:** 75  

So, **Team B** scored the lowest on Resource Allocation.",True,Team B.,False,0.0083,0.0303125
radar_107,radar,Which product category has the highest customer satisfaction,Groceries,"From the chart, **Groceries** has the highest customer satisfaction score at **9",True,"The product category with the highest customer satisfaction score is **Clothing**, with a score of **95**.",False,Clothing.,False,0.007745,0.030405
radar_109,radar,What is the score in Science for a Bachelors degree?,86,The **Science** score for a **Bachelors** degree is **70**.,False,The Science score for a **Bachelors** degree is **86**.,True,91,True,0.007645,0.02974
radar_11,radar,What is the score difference between waste management in Reg,15,"In **Waste Management**, **Region 1** scores **80** and **Region 4** scores **95",True,"Waste Management scores are:

- **Region 1:** 80
- **Region 4:** 95

**Difference = 95 - 80 = 15**

So, the score difference is **15 points**.",True,"Waste management scores: Region 1 = 80, Region 4 = 95, so the difference is **15**.",True,0.0081225,0.0307675
radar_110,radar,What is the publication count for Sociology?,70,The publication count for **Sociology** is **65**.,True,The publication count for **Sociology** is **65**.,True,82,False,0.00762,0.02973
radar_111,radar,Which power source has the lowest Sustainability Index (%)?,Hydro Power,Hydro Power has the lowest Sustainability Index at 35%.,True,"From the chart, the **Sustainability Index (%)** values are:

- Solar Power: **45%**
- Wind Power: **55%**
- Hydro Power: **35%**
- Coal Power: **40%**
- Nuclear Power: **50%**

The **lowest Sustainability Index** is **Hydro Power at 35%**.",True,Hydro Power.,True,0.008495,0.03042
radar_113,radar,Which criteria has the highest percentage for Green Energy?,Carbon Footprint Reduction,"For **Green Energy**, the **highest percentage** is **Sustainable Materials Use ",False,"For **Green Energy**, the **highest percentage** is **Waste Reduction (%) at 90%**.",False,"For **Green Energy**, the highest percentage is **Sustainable Materials Use (95%)**.",False,0.00773,0.030645
radar_114,radar,Which subject has the highest classroom participation percen,Physics,The subject with the highest **classroom participation percentage** is **English,False,"The highest classroom participation percentage is in **Math**, with **95%**.",False,Chemistry.,False,0.0076525,0.0304025
radar_115,radar,What is the sales number for Electronics in E-commerce Platf,90,The sales number for **Electronics** in **E-commerce Platform** is **90**.,True,The sales number for **Electronics** in **E-commerce Platform** is **95**.,True,95,True,0.0076825,0.02965
radar_116,radar,Which factory has the highest Production Efficiency percenta,Factory E,Factory E has the highest **Production Efficiency** at **90%**.,True,"From the chart, the **Production Efficiency (%)** values are:

- **Factory A:** 83%
- **Factory B:** 80%
- **Factory C:** 79%

So, **Factory A has the highest Production Efficiency percentage at 83%**.",False,Factory D.,False,0.0082225,0.0297625
radar_118,radar,Which organization has the lowest Administrative Cost?,UNICEF,"From the chart, **UNICEF** has the **lowest Administrative Cost**, at about **10",True,"From the chart, **UNICEF** has the lowest **Administrative Cost**, at **10%**.",True,UNICEF.,True,0.0077025,0.02967
radar_119,radar,What is the Revenue (Millions) for Baseball?,600,The Revenue for **Baseball** is **620 million**.,True,The **Revenue (Millions)** for **Baseball** is **600**.,True,"ERROR: Error code: 402 - {'error': {'message': 'Prompt tokens limit exceeded: 5967 > 3144. To increase, visit https://openrouter.ai/settings/credits and add more credits', 'code': 402, 'metadata': {'provider_name': None}}, 'user_id': 'user_2xmp6VJFKRi9uUscZmDo8S2llow'}",False,0.007655,0.0
radar_12,radar,Which category showed the least improvement from Q1 to Q4?,Employee Retention (%),"From the chart, the improvement from **Q1 to Q4** is:

- **Employee Retention:**",False,"From the chart, the Q1 to Q4 improvements are:

- **Employee Retention:** 80 → 95 = **+15**
- **Employee Satisfaction:** 60 → 75 = **+15**
- **Training Effectiveness:** 70 → 80 = **+10**
- **Recruiting Efficiency:** 90 → 95 = **+5**
- **Performance Evaluation:** 75 → 80 = **+5**

**Least improvement:** **Recruiting Efficiency** and **Performance Evaluation**, both with **+5**.",False,"ERROR: Error code: 402 - {'error': {'message': 'Prompt tokens limit exceeded: 5970 > 3144. To increase, visit https://openrouter.ai/settings/credits and add more credits', 'code': 402, 'metadata': {'provider_name': None}}, 'user_id': 'user_2xmp6VJFKRi9uUscZmDo8S2llow'}",False,0.0091025,0.0
radar_120,radar,What was the percentage increase in Renewable Energy Usage f,9%,"Renewable Energy Usage increased from **65% in Q1** to **75% in Q4**.

Percentag",False,"From the chart, **Renewable Energy Usage (%)** was:

- **Q1 = 70%**
- **Q4 = 79%**

Percentage increase from Q1 to Q4:

\[
\frac{79 - 70}{70} \times 100 = \frac{9}{70} \times 100 \approx 12.86\%
\]

**Answer: 12.86%**",True,"ERROR: Error code: 402 - {'error': {'message': 'Insufficient credits. Add more using https://openrouter.ai/settings/credits', 'code': 402}}",False,0.008735,0.0
radar_121,radar,Which academic field has the highest average score across al,Psychology,"From the chart, the average scores by field are:

- **History**: (85 + 90 + 88 +",True,"From the chart, the scores are:

- **Psychology:** 85, 90, 80, 95, 95 → average = **89**
- **History:** 70, 75, 90, 95, 90 → average = **84**
- **Philosophy:** 80, 85, 95, 90, 85 → average = **87**
- **Literature:** 90, 80, 85, 80, 75 → average = **82**

**Answer: Psychology** has the highest average score across all categories, with an average of **89**.",True,"ERROR: Error code: 402 - {'error': {'message': 'Insufficient credits. Add more using https://openrouter.ai/settings/credits', 'code': 402}}",False,0.0093525,0.0
radar_122,radar,Which healthcare facility has the highest average score acro,Rehabilitation Center,"From the chart, the average score for each facility across all aspects is:

- **",True,"From the chart, the scores are:

- **General Hospital**: 85, 90, 80, 95, 70 → average = **84**
- **Specialty Clinic**: 90, 85, 75, 80, 75 → average = **81**
- **Urgent Care**: 70, 75, 70, 80, 80 → average = **75**
- **Rehabilitation Center**: 80, 80, 90, 85, 65 → average = **80**
- **Psychiatric Facility**: 75, 70, 85, 80, 75 → average = **77**
- **Elderly Care Home**: 88, 85, 80, 95, 70 → average = **83.6**

### Answer:
**General Hospital** has the highest average score across all aspects, with an average of **84**",True,"ERROR: Error code: 402 - {'error': {'message': 'Insufficient credits. Add more using https://openrouter.ai/settings/credits', 'code': 402}}",False,0.01036,0.0
radar_123,radar,Which hospital has the highest Doctor Retention Rate?,Orthopedic Hospital,"From the chart, **Orthopedic Hospital** has the highest **Doctor Retention Rate*",True,The **Pediatric Hospital** has the highest **Doctor Retention Rate** at **92%**.,False,"ERROR: Error code: 402 - {'error': {'message': 'Insufficient credits. Add more using https://openrouter.ai/settings/credits', 'code': 402}}",False,0.00773,0.0
radar_124,radar,Which property type has the highest Location Score?,Apartments,The property type with the highest **Location Score** is **Apartments**.,True,"From the chart, **Apartments** have the highest **Location Score**, with a score of **85**.",True,"ERROR: Error code: 402 - {'error': {'message': 'Insufficient credits. Add more using https://openrouter.ai/settings/credits', 'code': 402}}",False,0.0077575,0.0
radar_140,radar,Which Region has the highest Hotel Occupancy Rate (%)?,Region D,"From the chart, **Region C** has the highest **Hotel Occupancy Rate (%)**, at **",False,"The region with the highest **Hotel Occupancy Rate (%)** is **Region A**, with **85%**.",False,Region D.,True,0.0077625,0.0304075
radar_141,radar,What is the Policy Impact score for Healthcare?,79,The **Policy Impact** score for **Healthcare** is **68**.,False,The **Policy Impact score for Healthcare** is **88**.,False,79,True,0.0076075,0.0303725
radar_142,radar,What is the score difference between Quality Control in Q4 a,25,"From the chart:

- **Quality Control in Q4** = **95**
- **Cost Reduction in Q2**",False,"From the chart:

- **Quality Control in Q4** = **95**
- **Cost Reduction in Q2** = **70**

**Score difference = 95 - 70 = 25**.",True,"Quality Control in Q4 is **95** and Cost Reduction in Q2 is **70**, so the difference is **25**.",True,0.008065,0.030785
radar_143,radar,What is the efficiency percentage of Geological Engineering?,92%,"From the radar chart, the **Efficiency (%)** values for **Geological Engineering",True,The **efficiency percentage of Geological Engineering** is **92%**.,True,The efficiency of Geological Engineering is **91%**.,True,0.007615,0.0297925
radar_145,radar,How many more retail properties are there in New York compar,5,"From the chart, **New York** has **85** retail properties and **Chicago** has **",True,"From the chart, **Retail properties** are:

- **New York:** 80  
- **Chicago:** 75  

So, **New York has 5 more retail properties than Chicago**.",True,New York has **10 more** retail properties than Chicago.,False,0.008025,0.03055
radar_146,radar,By how much do the English scores increase from Elementary t,10 points,"The English scores increase from **70** in Elementary to **95** in High school.
",False,"From the chart, the **English scores** are:

- **Elementary:** 85
- **High school:** 95

So the increase is **95 − 85 = 10 points**.",True,"English goes from **85** in Elementary to **95** in High school, so it increases by **10 points**.",True,0.00804,0.030745
radar_147,radar,By what percentage did the Market Share increase from Q1 to ,20%,"From the chart, **Market Share (%)** was:

- **Q1:** 18%
- **Q5:** 45%

Percenta",True,"From the chart, **Market Share (%)** is:

- **Q1 = 20**
- **Q5 = 40**

Percentage increase:

\[
\frac{40 - 20}{20} \times 100 = 100\%
\]

**Answer: 100%**
",True,"Market Share went from **20% in Q1** to **40% in Q5**, so it increased by **100%**.",True,0.0083275,0.0307925
radar_149,radar,Which energy source had the highest performance in the fourt,Nuclear,"In the fourth quarter, **Nuclear** had the highest performance, with a value of ",True,"In the fourth quarter (Q4), **Nuclear** had the highest performance, with a value of **100**.",True,Nuclear.,True,0.007795,0.03041
radar_15,radar,Which location has the highest score in waste management?,Location D,"The highest **waste management** score is at **Location D**, with a score of **1",True,"From the chart, the **Waste Management** scores are:

- **Location A:** 85  
- **Location B:** 90  
- **Location C:** 95  

So, **Location C** has the highest waste management score.",False,Location D.,True,0.00815,0.030405
radar_150,radar,Which topic has the highest Societal Impact score according ,Education,"According to the chart, **Culture** has the highest **Societal Impact** score, a",False,"According to the chart, the highest **Societal Impact** score is **95**, which belongs to **Culture**.",False,Culture has the highest **Societal Impact** score (**95**).,False,0.0078025,0.0305975
radar_151,radar,Which court has the highest score in Legal Aid Availability?,Civil Court,"The **Tax Court** has the highest **Legal Aid Availability** score, at **85%**.",False,The **Civil Court** has the highest **Legal Aid Availability** score at **85%**.,True,Family Court.,False,0.0077175,0.0304075
radar_152,radar,Which category has shown a consistent increase of 5 units pe,All of them,"From the chart, **all categories** show a consistent increase of **5 units per q",False,"The category is **Tax Revenue**.

Its values go:
- **Q1:** 60
- **Q2:** 65
- **Q3:** 70
- **Q4:** 75

This shows a **consistent increase of 5 units each quarter**.",False,**Tax Revenue** and **Infrastructure Investment**.,False,0.008305,0.03053
radar_153,radar,Which area of law has the highest enforcement index accordin,Employment Law,"According to the chart, **Employment Law** has the highest **Enforcement Index**",True,"According to the chart, **Employment Law** has the highest **Enforcement Index**, with a value of **6**.",True,Employment Law.,True,0.0078,0.030415
radar_154,radar,How much fuel does Truck 2 consume?,85 liters,Truck 2 consumes **85 liters** of fuel.,True,Truck 2 consumes **85 liters** of fuel.,True,Truck 2 consumes **95 liters** of fuel.,False,0.0075775,0.0305225
radar_155,radar,What is the daily new sign-ups difference between Youtube an,55 thousand,"From the chart, **Daily New Signups (Thousands)** are:

- **YouTube:** 80 thousa",True,"From the chart, **Daily New Signups (Thousands)** are:

- **YouTube:** 80
- **Twitter:** 25

**Difference = 80 - 25 = 55 thousand**

So, **YouTube has 55 thousand more daily new sign-ups than Twitter**.",True,"Youtube has **60 thousand** daily new sign-ups and Twitter has **25 thousand**, so the difference is **35 thousand**.",True,0.0083225,0.0307575
radar_156,radar,Which type of educational institute has the highest Faculty ,Private School,"From the chart, **Charter School** has the highest **Faculty Quality Score**, at",False,"From the chart, the **Faculty Quality Scores** are:

- **Primary School:** 84  
- **Secondary School:** 89  
- **Community College:** 83  
- **Public School:** 88  
- **Private School:** 92  

So, **Private School** has the **highest Faculty Quality Score (92)**.",True,Private School.,True,0.008455,0.03041
radar_157,radar,What is the Cost Efficiency Score of Environmental Law?,65,The Cost Efficiency Score for Environmental Law is 65.,True,The **Cost Efficiency Score** of **Environmental Law** is **65**.,True,65,True,0.007655,0.030375
radar_158,radar,What is the difference between the Streaming Subscriptions r,$600,"Streaming Subscriptions revenue is **$1900 on Monday** and **$2500 on Sunday**.
",True,"From the chart, **Streaming Subscriptions** revenue is:

- **Sunday:** $2,600  
- **Monday:** $2,400  

**Difference:** **$200** (Sunday is $200 higher than Monday).",True,Streaming Subscriptions revenue is **$200 higher on Sunday than Monday**.,False,0.0081175,0.0305975
radar_159,radar,Which platform has the highest user engagement according to ,Instagram,"According to the chart, **Instagram** has the highest **user engagement** at **8",True,"According to the chart, **Facebook** has the highest **User Engagement (%)** at **85%**.",False,Instagram has the highest user engagement (85%).,True,0.00775,0.0305
radar_16,radar,Which item has the highest yield per acre according to the d,Corn,"According to the chart, **Corn** has the highest **yield per acre**, at about **",True,"According to the chart, **Corn** has the highest **yield per acre**, at **5 tonnes/acre**.",True,Corn has the highest yield per acre.,True,0.0077825,0.0304875
radar_161,radar,Which establishment has the highest score for Customer Servi,Vegan Café,"The **Vegan Café** has the highest **Customer Service** score, with a score of *",True,"The establishment with the highest **Customer Service** score is **Vegan Café**, with a score of **95**.",True,Vegan Café.,True,0.007775,0.03042
radar_162,radar,By how much did the Market Share (%) increase from Q1 to Q4?,15%,"The **Market Share (%)** increased from **65% in Q1** to **75% in Q4**.

**Incre",False,"From the chart, **Market Share (%)** is:

- **Q1:** 65%
- **Q4:** 80%

So the increase from **Q1 to Q4** is:

**80% - 65% = 15 percentage points**

**Answer: 15 percentage points.**",True,Market Share increased by **15 percentage points** from Q1 (**65%**) to Q4 (**80%**).,True,0.00836,0.030735
radar_163,radar,How much more RAM does a desktop have compared to a smart wa,15 G,"From the chart:

- **Desktop RAM:** 16 GB  
- **Smart watch RAM:** 1 GB

So, a *",True,"From the chart:

- **Desktop RAM** = **16 GB**
- **Smart Watch RAM** = **1 GB**

So, a **desktop has 15 GB more RAM** than a smart watch.",True,Desktop RAM is **15 GB more** than a smart watch (**16 GB vs 1 GB**).,True,0.008055,0.030685
radar_164,radar,Which category has the highest percentage for Food Bank and ,Charitable Programs; 100%,"For **Food Bank**, the highest percentage is in **Fundraising (%)** at **80%**.",False,"For **Food Bank**, the category with the highest percentage is **Charitable Programs (%)** at **100%**.",True,"For **Food Bank**, the highest percentage is **Charitable Programs — 100%**.",True,0.0077875,0.0306575
radar_165,radar,Which category has the highest Volunteer Satisfaction Score?,Animal Welfare,The category with the highest **Volunteer Satisfaction Score** is **Animal Welfa,True,"From the chart, the **Volunteer Satisfaction Score** values are:

- **Educational Aid**: 80  
- **Healthcare Aid**: 75  
- **Child Aid**: 90  
- **Animal Welfare**: 70  

So, **Child Aid** has the highest Volunteer Satisfaction Score, with a score of **90**.",True,Animal Welfare.,True,0.00844,0.0296725
radar_166,radar,What is the percentage for Energy Efficiency in Q4?,80%,Energy Efficiency in **Q4** is **75%**.,True,The percentage for **Energy Efficiency in Q4** is **80%**.,True,80%,True,0.0076575,0.0303925
radar_167,radar,What is the Job Satisfaction Score for Training?,80,The **Job Satisfaction Score for Training** is **85**.,True,The **Job Satisfaction Score for Training** is **75**.,True,75,True,0.007555,0.0295225
radar_168,radar,What is the percentage increase in Hospital Bed Availability,25%,"Hospital Bed Availability increases from **57** in Q1 to **76** in Q4.

Percenta",False,"Hospital Bed Availability is **60% in Q1** and **75% in Q4**.

Percentage increase:

\[
\frac{75 - 60}{60} \times 100 = 25\%
\]

**Answer: 25%**",True,"Hospital Bed Availability rises from **60% in Q1** to **75% in Q4**.

Percentage increase = \(\frac{75-60}{60}\times100 = 25\%\).

**Answer: 25%**",True,0.008225,0.03111
radar_169,radar,Which institution has the highest Cultural Significance Scor,History Museum,"The **History Museum** has the highest **Cultural Significance Score**, with a s",True,"The institution with the highest **Cultural Significance Score** is the **History Museum**, with a score of **93**.",True,History Museum.,True,0.007805,0.030405
radar_17,radar,What is the difference in the Quality of Service score betwe,15,"From the chart, the **Quality of Service** score is:

- **Shanghai:** 50  
- **G",False,"From the chart, the **Quality of Service** score is:

- **Shanghai:** 70
- **Guangzhou:** 75

**Difference = 75 - 70 = 5**

So, the difference in the Quality of Service score between **Shanghai and Guangzhou is 5 points**.",False,"Shanghai’s Quality of Service score is 90 and Guangzhou’s is 80, so the difference is **10**.",False,0.0083575,0.0307325
radar_170,radar,Which category has the highest average percentage across all,Streaming Media Consumption (%),"From the chart, the category averages across all device types are:

- **Active U",True,"From the chart, the category values across the four devices are:

- Active Users: 80, 70, 75, 65 → average = 72.5
- E-commerce Transactions: 60, 50, 55, 45 → average = 52.5
- Social Media Engagement: 85, 70, 75, 35 → average = 66.25
- Streaming Media Consumption: 90, 80, 85, 50 → average = 76.25
- Security Issues Encountered: 40, 30, 35, 20 → average = 31.25

Highest average: Streaming Media Consumption (%) with 76.25%.",True,**Streaming Media Consumption (%)** has the highest average across all devices.,True,0.0096075,0.0305725
radar_171,radar,What is the percentage difference between Education Investme,2%,"Under **Foreign Policy**:

- **Education Investment** = **6%**
- **Healthcare In",True,"Under **Foreign Policy**:

- **Education Investment** = **8**
- **Healthcare Investment** = **6**

The difference is:

- **8 - 6 = 2**

Percentage difference (taking Healthcare Investment as the base):

- **(2 / 6) × 100 = 33.3%**

So, **Education Investment is 33.3% higher than Healthcare Investment under Foreign Policy**.",True,"Under **Foreign Policy**, **Education Investment = 7%** and **Healthcare Investment = 8%**, so the difference is **1%**.",False,0.0087175,0.0308375
radar_172,radar,How many tons per acre is the Fruit Yield at the Fruit Orcha,6.8,The **Fruit Yield at the Fruit Orchard** is **6 tons per acre**.,False,The Fruit Yield at the Fruit Orchard is **6.8 tons per acre**.,True,6.8 tons per acre.,True,0.00784,0.030475
radar_173,radar,What is the data security score for LinkedIn?,80,The data security score for LinkedIn is **80**.,True,LinkedIn’s **Data Security score** is **80**.,True,80,True,0.00761,0.030375
radar_174,radar,What is the Customer Satisfaction score for the French B&B?,82,The Customer Satisfaction score for the French B&B is 88.,True,The **Customer Satisfaction score** for the **French B&B** is **88**.,True,80,True,0.00769,0.03038
radar_175,radar,Which country has the highest average score across all the v,Country D,"From the chart, the approximate scores are:

- **Country A**: 90, 85, 88, 75, 70",True,"From the chart, the scores are:

- **Country A:** 85, 90, 95, 60, 85 → average = **83**
- **Country B:** 90, 75, 80, 70, 65 → average = **76**
- **Country C:** 80, 85, 90, 60, 75 → average = **78**

**Country A** has the highest average score across all variables.",False,Country E.,False,0.00886,0.03041
radar_176,radar,What is the average score of Social Sciences across all quar,77.5,"From the chart, Social Sciences scores are:

- Q1: 70
- Q2: 75
- Q3: 80
- Q4: 85",True,"The Social Sciences scores across the four quarters are:

- Q1: 85
- Q2: 80
- Q3: 75
- Q4: 70

Average score:

\[
\frac{85 + 80 + 75 + 70}{4} = \frac{310}{4} = 77.5
\]

**Answer: 77.5**",True,"Social Sciences scores are 70, 75, 80, and 85.

Average = \( (70 + 75 + 80 + 85) / 4 = 77.5 \).",True,0.008665,0.030995
radar_178,radar,By how many percentage points did Technology Adoption increa,15%,"Technology Adoption increased from **60% in Q1** to **75% in Q4**.

So, the incr",True,"Technology Adoption increased from **65% in Q1** to **80% in Q4**.

So, the increase was **15 percentage points**.",True,Technology Adoption increased by **15 percentage points** (from **65%** in Q1 to **80%** in Q4).,True,0.007895,0.03078
radar_179,radar,Which material has the lowest cost per kilogram?,Plastic,"From the chart, **concrete** has the lowest cost per kilogram.

Approximate cost",True,"From the chart, **Concrete** has the **lowest cost per kilogram**, at **0.1 USD/kg**.",False,Plastic.,True,0.0077725,0.0303875
radar_18,radar,What is the difference in public image score between Social ,5,"From the chart:

- **Social Services public image score:** 150  
- **Animal Resc",True,"From the chart:

- **Social Services public image score:** 75  
- **Animal Rescue public image score:** 80  

**Difference:** **5 points**  
Animal Rescue has a **5-point higher** public image score than Social Services.",True,Social Services has a public image score **5 points higher** than Animal Rescue (**85 vs 80**).,True,0.00818,0.030705
radar_180,radar,Which organization has the highest focus on Disaster Relief?,Red Cross,"From the radar chart, **Save the Children** has the highest **Disaster Relief Fo",False,"The organization with the highest focus on **Disaster Relief** is **Red Cross**, with a score of **90**.",True,Red Cross.,True,0.00779,0.030405
radar_181,radar,Which renewable energy source has the highest Energy Efficie,Hydropower,"According to the chart, **Hydropower** has the highest **Energy Efficiency (%)**",True,"According to the chart, **Hydropower** has the highest **Energy Efficiency**, at **85%**.",True,Hydropower.,True,0.00777,0.03043
radar_182,radar,What is the score for Sanitation Standards at a Dental Clini,90,The **Sanitation Standards** score for the **Dental Clinic** is **96**.,True,The **Sanitation Standards** score for the **Dental Clinic** is **90**.,True,80,False,0.0076925,0.0303825
radar_183,radar,Which energy source has the highest score in the category of,Hydropower,"In the **Renewable Energy Potential** category, **Hydropower** has the highest s",True,"In the **Renewable Energy Potential** category, **Hydropower** has the highest score with **95**.",True,Hydropower.,True,0.0077875,0.0304325
radar_184,radar,How much higher is the rental price in Sydney compared to Br,8 units,"From the chart, **Sydney's rental price is 22** and **Brisbane's is 12**.

So, *",False,"From the chart, **rental price** is:

- **Sydney:** 80  
- **Brisbane:** 50  

So, the rental price in Sydney is **30 higher** than in Brisbane.",False,Sydney’s rental price is **8 higher** than Brisbane’s.,True,0.0080525,0.0299225
radar_185,radar,Which sector had the highest performance in Q4 of 2024?,Financial Services,"In Q4 of 2024, **Financial Services** had the highest performance, with a value ",True,"In **Q4 2024**, **Financial Services** had the highest performance, with a value of **105**.",True,Financial Services.,True,0.0078,0.030415
radar_186,radar,Which energy source has the highest Maintenance score?,Gas,"From the radar chart, the **Maintenance** scores are approximately:

- **Solar:*",True,"From the chart, the **Maintenance** scores are:

- **Solar:** 80  
- **Wind:** 70  
- **Hydro:** 75  
- **Gas:** 90  

So, **Gas has the highest Maintenance score: 90**.",True,Wind has the highest Maintenance score.,False,0.0082225,0.0304625
radar_187,radar,Which technology showed the least growth from Q1 to Q4 in 20,Artificial Intelligence,"From the chart, growth from Q1 to Q4 is:

- **Mobile Apps:** 80 → 95 = **+15**
-",True,"From the chart:

- Mobile Apps: Q1 80 → Q4 95 = +15
- Internet Security: Q1 70 → Q4 90 = +20
- Cloud Computing: Q1 85 → Q4 105 = +20
- Automation: Q1 75 → Q4 100 = +25
- Artificial Intelligence: Q1 70 → Q4 85 = +15

Least growth: **Mobile Apps and Artificial Intelligence**, both with **+15**.",True,"Internet Security, Cloud Computing, Automation, and Artificial Intelligence (tie) — each grew by 15 from Q1 to Q4.",True,0.0090075,0.0307825
radar_188,radar,What is the maintenance cost of trains compared to trucks?,5 thousand dollars for trains and 10 thousand dollars for trucks,"From the chart, the **maintenance cost** is:

- **Train:** **$50,000**
- **Truck",False,"From the chart:

- **Train maintenance cost:** **5 thousand dollars**
- **Truck maintenance cost:** **10 thousand dollars**

So, **trains have a lower maintenance cost than trucks by 5 thousand dollars**, meaning **train maintenance costs are about half of truck maintenance costs**.",True,"Train maintenance cost is **5 thousand dollars**, compared to **10 thousand dollars for trucks** — so **trains cost half as much to maintain**.",True,0.0082875,0.0308275
radar_189,radar,Which aspect has the highest rating in Gallery C?,Exhibition Quality,"In **Gallery C**, the highest-rated aspect is **MuseumB**, with a rating of **95",False,"In **Gallery C**, the highest-rated aspect is **Cultural Impact**, with a score of **85**.",False,Exhibition Quality.,True,0.00776,0.03042
radar_19,radar,Which hotel category has the highest room occupancy rate?,Luxury hotel,"From the chart, the **Hotel chain** category has the highest **room occupancy ra",False,"From the chart, the **hotel category with the highest room occupancy rate is the City hotel**, at **95%**.",False,Beach hotel.,False,0.00779,0.030405
radar_190,radar,Which policy area has the highest score in Q2?,Security,"In Q2, **Security** has the highest score, with **96**.",True,"In Q2, **Security** has the highest score, with a value of **94**.",True,Security.,True,0.0077175,0.0303925
radar_191,radar,What was the Production Volume in April?,74,The chart does not show monthly data like April. It shows seasonal values only: ,True,The **Production Volume (Food Production)** in **April** was **70**.,True,"April corresponds to **Spring**, and the **Production Volume / Food Production** value there is **75**.",True,0.007665,0.030045
radar_192,radar,What is the performance difference between Route 3 in March ,5,"From the chart:

- **Route 3 in March** = **55**
- **Route 4 in February** = **6",True,"From the chart:

- **Route 3 in March** = **65**
- **Route 4 in February** = **65**

So, the **performance difference is 0**. They performed **equally**.",True,"ERROR: Error code: 402 - {'error': {'message': 'Insufficient credits. Add more using https://openrouter.ai/settings/credits', 'code': 402}}",False,0.008125,0.0
radar_193,radar,What month had the highest Website Traffic in the first half,January,The month with the highest **Website Traffic** in the first half of the year was,True,"The month with the highest **Website Traffic** was **June**, with a value of **100**.",False,"ERROR: Error code: 402 - {'error': {'message': 'Insufficient credits. Add more using https://openrouter.ai/settings/credits', 'code': 402}}",False,0.00788,0.0
radar_195,radar,Which aspect has the lowest performance score for hydroelect,Energy Production,"For **hydroelectric energy**, the **lowest performance score** is **Energy Produ",True,"For **hydroelectric energy**, the **lowest performance score** is **Energy Production**, with a score of **65**.",True,"ERROR: Error code: 402 - {'error': {'message': 'Insufficient credits. Add more using https://openrouter.ai/settings/credits', 'code': 402}}",False,0.00781,0.0
radar_196,radar,What was the Production Volume in April?,74,The **Production Volume in April** was **80**.,True,The **Production Volume in April** was **74**.,True,"ERROR: Error code: 402 - {'error': {'message': 'Insufficient credits. Add more using https://openrouter.ai/settings/credits', 'code': 402}}",False,0.00759,0.0
radar_197,radar,Which material has the highest thermal conductivity?,Material E,"From the chart, **Material E** has the highest **Thermal Conductivity**.

Approx",True,"From the chart, the **Thermal Conductivity** values are:

- Material A: **70**
- Material B: **65**
- Material C: **75**
- Material D: **80**
- Material E: **60**

So, **Material D** has the **highest thermal conductivity** with a value of **80**.",True,"ERROR: Error code: 402 - {'error': {'message': 'Insufficient credits. Add more using https://openrouter.ai/settings/credits', 'code': 402}}",False,0.00846,0.0
radar_198,radar,Which environmental aspect has the highest recorded value in,Renewable Energy Use,"In April, **Renewable Energy Use** has the highest recorded value, at **95**.",True,"In April, **Renewable Energy Use** has the highest recorded value, at **95**.",True,"ERROR: Error code: 402 - {'error': {'message': 'Insufficient credits. Add more using https://openrouter.ai/settings/credits', 'code': 402}}",False,0.0077175,0.0
radar_212,radar,By how many units did Fundraising Events increase from Q1 to,15,"Fundraising Events increased from **90** in Q1 to **105** in Q4, so the increase",True,"Fundraising Events increased from **90** in Q1 to **105** in Q4.

**Increase = 105 - 90 = 15 units**.",True,15 units.,True,0.0079025,0.02969
radar_213,radar,How many scores does Festival 2 have that are greater than o,1,"Festival 2 has **2 scores** that are **greater than or equal to 80**.

For Festi",False,"Festival 2 has scores: **80, 70, 90, 75, 85**.

Scores **greater than or equal to 80** are:
- **80**
- **90**
- **85**

So, the answer is **3**.",False,Festival 2 has **3** scores greater than or equal to 80.,False,0.00826,0.02998
radar_214,radar,Which category has the highest score in Quarter 4?,Performance Assessment,"In **Quarter 4**, the category with the **highest score** is **Performance Asses",True,"In Quarter 4, **Performance Assessment** has the highest score, with a value of **95**.",True,Performance Assessment.,True,0.0077475,0.0304075
radar_215,radar,Which category showed the greatest improvement from Q1 to Q4,Cost Efficiency,"From the chart, the improvement from **Q1 to Q4** is:

- **Patient Outcomes:** 8",True,"From the chart:

- Patient Outcomes: Q1 85 → Q4 105 = +20
- Research Quality: Q1 80 → Q4 95 = +15
- Care Quality: Q1 90 → Q4 100 = +10
- Patient Satisfaction: Q1 75 → Q4 90 = +15
- Cost Efficiency: Q1 70 → Q4 85 = +15

Greatest improvement: Patient Outcomes, with an increase of 20 points.",True,Care Quality and Cost Efficiency (tie).,True,0.0089825,0.0304875
radar_216,radar,By how many percentage points did the mortgage rate increase,1.5,"From the chart, the **mortgage rate** is:

- **Q1:** 3.5%
- **Q4:** 4.5%

So the",False,"The mortgage rate increased from **3.0% in Q1** to **4.5% in Q4**.

**Increase = 4.5% - 3.0% = 1.5 percentage points.**",True,"Mortgage rate rose from **3.0% in Q1** to **4.5% in Q4**, an increase of **1.5 percentage points**.",True,0.0081525,0.0308875
radar_217,radar,Which museum has the highest rating for Staff Friendliness?,Museum E,"From the radar chart, **Museum D** has the highest **Staff Friendliness** rating",False,"From the chart, the **Staff Friendliness** ratings are:

- **Museum A:** 82  
- **Museum B:** 79  
- **Museum C:** 89  

So, **Museum C** has the highest rating for **Staff Friendliness**.",False,Museum E.,True,0.0082275,0.0304075
radar_218,radar,Which sector has shown consistent improvement over all four ,Public Health,"From the chart, **all sectors** show consistent improvement across the four quar",True,"From the chart, the quarterly values are:

- **Public Health:** 85, 90, 95, 100  
- **Education:** 70, 75, 80, 85  
- **Transportation:** 95, 90, 85, 80  
- **Public Safety:** 65, 70, 75, 80  
- **Urban Development:** 80, 75, 70, 65  

The sectors that show **consistent improvement in every quarter** are:

- **Public Health**
- **Education**
- **Public Safety**",True,Transportation.,False,0.0092025,0.0303925
radar_219,radar,Which product has the highest sales in May?,Meat Products,"In **May**, **Meat Products** has the highest sales, at **98**.",True,"In **May**, **Meat Products** has the highest sales, with **100 units**.",True,Meat Products.,True,0.0077125,0.0297775
radar_22,radar,By how many points did Job Satisfaction score increase from ,15 points,"Job Satisfaction increased from **70** in Q1 to **85** in Q4, so it increased by",True,"Job Satisfaction increased from **70 in Q1** to **85 in Q4**.

**Increase = 85 - 70 = 15 points**.",True,15 points.,True,0.00791,0.03042
radar_220,radar,Which sport had the highest increase in popularity from 2020,Baseball,"From the chart, the increases from **2020 to 2021** are:

- **Basketball:** 85 →",True,"From the chart, the popularity scores from 2020 to 2021 changed as follows:

- Basketball: 90 → 95 = +5
- Soccer: 75 → 80 = +5
- Tennis: 85 → 90 = +5
- Golf: 85 → 90 = +5
- Baseball: 80 → 95 = +15

Baseball had the highest increase in popularity, with an increase of 15 points.",True,"Tennis and Baseball (tie, both increased by 10).",True,0.0088725,0.0305725
radar_221,radar,What is the average score for Science across all four quarte,74.5,"Science scores are **78, 76, 79, and 80** across the four quarters.

Average:

\",True,"From the chart, Science scores are:

- Quarter 1: 70
- Quarter 2: 73
- Quarter 3: 76
- Quarter 4: 79

Average = \( \frac{70 + 73 + 76 + 79}{4} = \frac{298}{4} = 74.5 \)

**Answer: 74.5**",True,"Science scores are 70, 76, 79, and 73.

Average = (70 + 76 + 79 + 73) / 4 = **74.5**.",True,0.00865,0.030965
radar_222,radar,What is the average score in English across all terms?,77.5,"English scores are 75, 78, 80, and 88.

Average = (75 + 78 + 80 + 88) / 4 = 321 ",True,"English scores are **85, 80, 75, and 70**.

Average:
\[
\frac{85 + 80 + 75 + 70}{4} = \frac{310}{4} = 77.5
\]

**Answer: 77.5**",True,"English scores by term are 70, 75, 80, and 85, so the average is **77.5**.",True,0.0083325,0.0307825
radar_223,radar,Which state has the highest Case Closure Time?,State D,"From the chart, **State C** has the highest **Case Closure Time**, at approximat",False,"From the chart, the **Case Closure Time** values are:

- **State A:** 100  
- **State B:** 95  
- **State C:** 85  

So, **State A has the highest Case Closure Time**.",False,State C.,False,0.0081625,0.0304025
radar_224,radar,What is the food and beverage revenue score in Q2?,82,The **Food and Beverage Revenue** score in **Q2** is **75**.,True,The **Food and Beverage Revenue** score in **Q2** is **82**.,True,86,True,0.00769,0.03038
radar_225,radar,How much did the dairy products sales increase from Month 1 ,13 Million $,"From the chart, dairy products sales were:

- Month 1: 30 million $
- Month 6: 5",False,"From the chart, **Dairy Products Sales** were:

- **Month 1:** 30 million dollars  
- **Month 6:** 43 million dollars  

So the increase is:

**43 - 30 = 13 million dollars**

**Answer: 13 million dollars.**",True,Dairy products sales increased by **13 million dollars** from Month 1 to Month 6.,True,0.0083175,0.0306775
radar_226,radar,Which factory has the highest Machine Efficiency score?,Factory D,Factory D has the highest **Machine Efficiency** score.,True,"From the chart, the **Machine Efficiency** scores are:

- **Factory A:** 75  
- **Factory B:** 80  
- **Factory C:** 90  

So, **Factory C** has the highest Machine Efficiency score.",False,Factory D.,True,0.0081475,0.0304025
radar_227,radar,Which energy source has the lowest utility cost according to,Geothermal,"According to the radar chart, **Wind** has the **lowest utility cost**.

Utility",True,"From the chart, the **Utility Costs** values are:

- **Solar:** 85  
- **Wind:** 79  
- **Hydro:** 75  
- **Geothermal:** 70  

So, **Geothermal** has the **lowest utility cost**.",True,Geothermal has the lowest utility cost.,True,0.0082625,0.0304875
radar_228,radar,By how many points does rail transportation in Q4 exceed air,15,"From the chart:

- **Rail in Q4 = 90**
- **Air in Q1 = 65**

Difference: **90 - ",False,"From the chart:

- **Rail in Q4 = 85**
- **Air in Q1 = 80**

Difference: **85 − 80 = 5 points**

**Answer: 5 points.**",False,"Rail in Q4 is 85 and Air in Q1 is 65, so it exceeds by **20 points**.",False,0.0080925,0.0307525
radar_229,radar,Which Engineering group has the highest Innovation Index?,Engineering C,"From the radar chart, the **Mechanical Engineering** group has the highest **Inn",False,"From the chart, the **Innovation Index** scores are:

- **Engineering A:** 85  
- **Engineering B:** 89  
- **Engineering C:** 78  

So, **Engineering B** has the highest Innovation Index.",True,Engineering D.,False,0.0081325,0.0304025
radar_23,radar,Which organization has the highest score in Fundraising Perf,Organization A,Organization A has the highest score in **Fundraising Performance** with a score,True,"From the chart, **Organization B** has the highest **Fundraising Performance** score, with a score of **95**.",False,Organization A.,True,0.0078075,0.0304075
radar_230,radar,Which housing aspect has the highest satisfaction score in Q,Price,"In **Q4**, **Price** has the highest satisfaction score, at **120**.",True,"In **Q4**, the housing aspect with the **highest satisfaction score** is **Price**, with a score of **95**.",True,Price.,True,0.007825,0.029755
radar_231,radar,Which power station has the highest rating in Safety Measure,Power Station D,Power Station D has the highest rating in **Safety Measures**.,True,"From the chart, the **Safety Measures** ratings are:

- **Power Station A:** 85  
- **Power Station B:** 90  
- **Power Station C:** 95  
- **Power Station D:** 100  

**Power Station D** has the highest Safety Measures rating, with a score of **100**.",True,Power Station D.,True,0.0084375,0.0304225
radar_232,radar,Which charity has the highest volunteer participation?,Charity A,"The charity with the highest **volunteer participation** is **Charity A**, with ",True,"From the chart, **Charity B** has the highest **Volunteer Participation** at **90**.

- Charity A: 75  
- Charity B: 90  
- Charity C: 85",True,Charity A has the highest volunteer participation.,True,0.0081625,0.0304
radar_233,radar,Which website has the highest user engagement according to t,Web C,"According to the chart, **Web D** has the highest **User Engagement**.

User Eng",True,"According to the chart, **Web C** has the highest **User Engagement** with a value of **74**.

User Engagement values:
- **Web A:** 68
- **Web B:** 72
- **Web C:** 74

So, **Web C** has the highest user engagement.",True,Web C.,True,0.00838,0.03041
radar_234,radar,Which healthcare facility has the highest score for Infectio,Healthcare Facility D,"Healthcare Facility D has the highest score for Infection Prevention, with a sco",True,"From the chart, **Healthcare Facility A** has the highest **Infection Prevention** score, with a value of **95**.",False,Healthcare Facility B.,False,0.0078225,0.0304225
radar_235,radar,By how much did the score for Quality increase from Q1 to Q4,15,"From the chart, **Quality** is **65** in **Q1** and **85** in **Q4**.

So the in",False,"From the chart, **Quality** scored:

- **Q1:** 80
- **Q4:** 85

So the increase from Q1 to Q4 is:

**85 - 80 = 5**

**Answer: 5 points.**",False,"Quality was **70 in Q1** and **85 in Q4**, so it increased by **15 points**.",True,0.008225,0.030735
radar_236,radar,Which product category has the smallest difference in scores,Service Quality,"From the chart, comparing **Cafe B** vs **Restaurant B**:

- **Coffee Quality:**",True,"From the chart:

- **Cafe B** scores: Coffee 90, Food 85, Service 80, Ambient 85, Price 72  
- **Restaurant B** scores: Coffee 87, Food 90, Service 80, Ambient 92, Price 78

Differences:

- **Coffee Quality**: 3
- **Food Taste**: 5
- **Service Quality**: 0
- **Ambient Environment**: 7
- **Price Level**: 6

**Answer: Service Quality** has the smallest difference, with **no difference (0)**.",True,Service Quality.,True,0.009305,0.03042
radar_237,radar,What is the value of Liabilities in Q3?,60,The value of **Liabilities in Q3** is **57**.,True,The value of **Liabilities in Q3** is **65**.,True,Liabilities in Q3 is **60**.,True,0.0076425,0.0305125
radar_238,radar,Which exhibition has the highest score for 'Accessible for E,Exhibition D,"The **""Accessible for Everyone""** category has the highest score for **Exhibitio",True,"In the **“Accessible for Everyone”** category, **Exhibition A** has the highest score with **100**.

Scores:
- **Exhibition A:** 100
- **Exhibition B:** 90
- **Exhibition C:** 95",False,Exhibition D.,True,0.00822,0.03043
radar_239,radar,Which subject showed continuous improvement over all four te,All listed subjects,"From the chart, **all subjects** showed continuous improvement across the four t",False,"From the chart:

- **Maths:** 75 → 80 → 85 → 90  
- **Science:** 80 → 85 → 90 → 95  
- **History:** 70 → 75 → 80 → 85  
- **Literature:** 85 → 80 → 90 → 95  
- **Foreign Language:** 65 → 70 → 75 → 80  

The subjects that showed **continuous improvement across all four terms** are:

**Maths, Science, History, and Foreign Language.**",False,Science and Foreign Language.,False,0.009125,0.030435
radar_24,radar,How much higher is the vegetable production in Canada compar,15,"From the chart, **vegetable production** is approximately:

- **Canada:** 90  
-",False,"From the chart, **vegetable production** is:

- **Canada:** 95 million tons  
- **France:** 80 million tons  

So, Canada’s vegetable production is **15 million tons higher** than France’s.",True,Vegetable production in Canada is **15 units** higher than in France.,True,0.0081125,0.0305925
radar_240,radar,What is the impact factor of Philosophy?,55,The **impact factor of Philosophy** is **50**.,True,The **impact factor of Philosophy** is **55**.,True,60,True,0.00759,0.02973
radar_241,radar,How much higher is Region D's score in Waste Management comp,15,"Region D’s Waste Management score is **10 points higher** than Region A’s.

- **",False,"From the chart, the **Waste Management** scores are:

- **Region A:** 85  
- **Region D:** 100  

So, **Region D's score is 15 points higher than Region A's**.",True,Region D’s Waste Management score is **10 points** higher than Region A’s.,False,0.00812,0.03063
radar_242,radar,What is the yield difference between wheat and tomato in Far,10,"From the chart for **Farm C**:

- **Wheat** yield = **70**
- **Tomato** yield = ",False,"From the chart for **Farm C**:

- **Wheat** = 90
- **Tomato** = 75

**Yield difference = 90 − 75 = 15 units.**",False,"Farm C has wheat = 80 and tomato = 70, so the difference is **10**.",True,0.0080525,0.0306825
radar_243,radar,Which subject showed the least improvement from Term 1 to Te,Physical Education Scores,"From the chart, improvement from **Term 1 to Term 4** is:

- **Math:** 85 → 95 =",False,"From the chart:

- **Math:** 80 → 95 = **+15**
- **Science:** 70 → 90 = **+20**
- **Reading:** 85 → 100 = **+15**
- **Art:** 75 → 85 = **+10**
- **Physical Education:** 65 → 80 = **+15**

**Art** showed the **least improvement**, with an increase of **10 points** from Term 1 to Term 4.",False,Physical Education showed the least improvement.,False,0.0089425,0.0304775
radar_244,radar,What is the energy efficiency ratio of Wind Power?,85%,The **energy efficiency ratio of Wind Power** is **50%**.,False,The energy efficiency ratio of Wind Power is 85%.,True,85%,True,0.00758,0.02975
radar_246,radar,Which category shows a consistent increase of 5 units every ,Audience Size,The category with a consistent increase of 5 units every quarter is **Media Cove,False,"The categories that increase by exactly 5 units each quarter are:

- **Audience Size**: 70 → 75 → 80 → 85  
- **Sponsorship**: 75 → 80 → 85 → 90  
- **Media Coverage**: 65 → 70 → 75 → 80

So, **Audience Size, Sponsorship, and Media Coverage** all show a consistent increase of 5 units every quarter.",True,Sponsorship.,False,0.0088175,0.0304275
radar_247,radar,What is the score for Product Quality in Q3?,88,The **Product Quality** score in **Q3** is **88**.,True,The **Product Quality** score in **Q3** is **88**.,True,88,True,0.0076575,0.0303775
radar_249,radar,How much has Online Shopping usage increased from Q1 to Q4?,15,"From the chart, **Online Shopping** is:

- **Q1:** 70
- **Q4:** 85

So the incre",True,"From the chart, **Online Shopping** usage is:

- **Q1:** 85
- **Q4:** 95

So the increase from Q1 to Q4 is:

**95 - 85 = 10**

✅ **Online Shopping usage increased by 10 units.**",False,Online Shopping increased by **15** from Q1 to Q4.,True,0.00831,0.03058
radar_25,radar,What are the High School Science Scores according to the dat,85,The High School Science score is **80**.,True,The **High School Science score** is **80**.,True,High School Science Score: **85**.,True,0.0076,0.0305
radar_250,radar,What is the resolution rate for environmental law?,85,The resolution rate for **Environmental Law** is **85%**.,True,The **resolution rate for Environmental Law is 70**.,False,"ERROR: Error code: 402 - {'error': {'message': 'Insufficient credits. Add more using https://openrouter.ai/settings/credits', 'code': 402}}",False,0.0075925,0.0
radar_251,radar,How much is the Cost Efficiency score of Prototype D?,90,Prototype D’s **Cost Efficiency** score is **90**.,True,Prototype D’s **Cost Efficiency** score is **75**.,False,Prototype D’s Cost Efficiency score is **90**.,True,0.0076125,0.0305275
radar_254,radar,What is the environmental impact rating of solar energy?,65,The environmental impact rating of **solar energy** is **70**.,True,The environmental impact rating of **solar energy** is **65**.,True,70,True,0.007625,0.029735
radar_255,radar,Which aspect has the highest rating for Court A?,Judicial Fairness,"For **Court A**, the **highest rating** is **Case Clearance**, with a score of *",False,"For **Court A**, the highest rating is **Judicial Fairness** with a score of **90**.",True,Judicial Fairness.,True,0.00776,0.030435
radar_256,radar,How much more does it cost to maintain Model D compared to M,$15,"From the chart’s **Maintenance Cost** values:

- **Model A** = 70  
- **Model D*",False,"From the chart:

- **Model A maintenance cost** = **$20**
- **Model D maintenance cost** = **$35**

So, **Model D costs $15 more to maintain than Model A**.",True,$10 more.,False,0.0080875,0.0304325
radar_257,radar,Which category showed steady improvement in every decade fro,Waste Management,The category that showed steady improvement in every decade from the 1990s to th,True,"From the chart, the categories that improved in every decade from the 1990s to the 2020s are:

- **Air Quality**: 50 → 60 → 70 → 80  
- **Water Quality**: 55 → 65 → 70 → 75  
- **Renewable Energy Use**: 25 → 35 → 60 → 75  
- **Waste Management**: 45 → 55 → 60 → 70  

**Forest Cover** did not improve every decade because it went **70 → 65 → 70 → 85**, which includes a decline from the 1990s to the 2000s.",True,Air Quality and Renewable Energy Use.,False,0.0095425,0.0304925
radar_258,radar,Which crop has the highest yield in the autumn season?,Corn,"In the **autumn** season, **Corn** has the highest yield, at about **95**.",True,"In **autumn**, **Soybeans** has the highest yield, at **90 tons**.",False,Corn.,True,0.0077175,0.0303925
radar_259,radar,Which sector shows a consistent growth of 5 billion dollars ,All sectors,"From the chart:

- **Technology:** 65 → 70 → 75 → 80
- **Healthcare:** 55 → 60 →",False,"The **Technology** sector shows a consistent growth of **5 billion dollars each quarter** throughout 2023:

- Q1: 65
- Q2: 70
- Q3: 75
- Q4: 80

So the answer is **Technology**.",False,"Technology, Healthcare, Retail, and Energy.",False,0.008305,0.030515
radar_26,radar,What is the score difference between Cafes and Diners in the,10,"In the **Brand Awareness** category:

- **Cafes**: 75
- **Diners**: 70

**Score ",False,"From the chart, the **Brand Awareness** scores are:

- **Cafes:** 80
- **Diners:** 70

So, the score difference is **10 points**.",True,"Cafes score 90 and Diners score 80 in Brand Awareness, so the difference is **10 points**.",True,0.0080325,0.0307525
radar_260,radar,Which sector had the least performance in Q2?,Healthcare,"In Q2, **Healthcare** had the lowest performance.

Approximate Q2 values:
- IT: ",True,"In **Q2**, **Healthcare** had the lowest performance, with a value of **55**.",True,Healthcare.,True,0.00773,0.03039
radar_261,radar,What is the popularity of Dubai during the Mild Season?,85,Dubai’s popularity during the **Mild Season** is **85**.,True,Dubai’s popularity during the **Mild Season** is **95**.,False,Dubai during the Mild Season is **85**.,True,0.0076425,0.0305125
radar_262,radar,What is the score for wind energy in terms of environmental ,65,The **environmental impact score for Wind energy is 65**.,True,The **environmental impact** score for **wind energy** is **30**.,False,60,True,0.0076775,0.0303825
radar_263,radar,What is the difference in Hotel Occupancy Rate between Sprin,10%,"From the chart, the **Hotel Occupancy Rate** is:

- **Spring:** 80
- **Autumn:**",True,"From the chart, the **Hotel Occupancy Rate** is:

- **Spring:** 75
- **Autumn:** 65

**Difference = 75 - 65 = 10**

So, the **Hotel Occupancy Rate is 10 percentage points higher in Spring than in Autumn**.",True,20 percentage points.,False,0.00834,0.03043
radar_264,radar,Which aspect has the highest value in Location A?,Housing Prices,"In **Location A**, the aspect with the highest value is **Housing Prices**.",True,"In **Location A**, the aspect with the highest value is **Housing Prices**, with a value of **180**.",True,"ERROR: Error code: 402 - {'error': {'message': 'Insufficient credits. Add more using https://openrouter.ai/settings/credits', 'code': 402}}",False,0.007775,0.0
radar_268,radar,Which organisation has the highest Nonprofit Program Expense,Organisation D,"From the chart, **Organisation A** has the highest **Nonprofit Program Expense P",False,"The **highest Nonprofit Program Expense Percentage** is for **Organisation A**, with a value of **85%**.",False,Organisation C.,False,0.007755,0.0296775
radar_269,radar,What is the score of Teamwork Quality in Q2?,80,The **Teamwork Quality** score in **Q2** is **80**.,True,The **Teamwork Quality** score in **Q2** is **85**.,True,80,True,0.0078125,0.03029
radar_27,radar,Which category has the highest quality percentage?,Dance,"The category with the highest **Quality (%)** is **Musical Instruments**, at **9",False,"The category with the highest **Quality (%)** is **Dance**, at **100%**.",True,The category with the highest **Quality (%)** is **Dance**.,True,0.007695,0.030565
radar_270,radar,Which Nonprofit has the lowest score in Community Outreach?,Nonprofit C,"From the chart, **Nonprofit C** has the lowest **Community Outreach** score.

- ",True,"The nonprofit with the lowest **Community Outreach** score is **Nonprofit C**, with a score of **75**.",True,Nonprofit C.,True,0.0077775,0.0297825
radar_271,radar,What is the difference in Staffing Efficiency between Large ,-10%,"From the chart, **Staffing Efficiency** is:

- **Large Firm:** 75  
- **Governme",False,"From the chart, **Staffing Efficiency** is:

- **Large Firm:** 80  
- **Government:** 90  

So, the difference is **10 points**, with **Government being higher**.",False,"Large Firms have a Staffing Efficiency of 90 and Government has 85, so the difference is **5**.",False,0.0080525,0.0307125
radar_272,radar,Which mode of transportation has the lowest Average Transit ,Air,"From the chart, **Air** has the **lowest Average Transit Time** at **2 days**.",True,"The mode of transportation with the lowest Average Transit Time is Air, at 1 day.",True,Air.,True,0.0076875,0.0303925
radar_273,radar,Which aspect has the highest rate in Quarter 4?,Regulatory Compliance,"In Quarter 4, **Regulatory Compliance** has the highest rate, at **92**.",True,"In Quarter 4, **Regulatory Compliance** has the highest rate, at **92**.",True,Regulatory Compliance.,True,0.0077175,0.0304225
radar_274,radar,What is the score difference between Economic Policy in Q2 a,5,"Economic Policy in Q2 is **80**, and National Defense in Q4 is **95**.

The scor",True,"From the chart:

- **Economic Policy in Q2 = 90**
- **National Defense in Q4 = 80**

**Score difference = 90 - 80 = 10**

So, the difference is **10 points**.",False,"Economic Policy in Q2 is **90** and National Defense in Q4 is **95**, so the difference is **5**.",True,0.00817,0.030785
radar_275,radar,Which test has the lowest Recall score?,Test A,"The **lowest Recall score** is in **Test B**, with a Recall of **70**.",False,"From the chart, the Recall scores are:

- Test A: 75
- Test B: 80
- Test C: 85
- Test D: 90

So, **Test A** has the lowest Recall score.",True,Test B.,False,0.0081225,0.02967
radar_276,radar,What is the score for Cost Efficiency for a Medium Law Firm?,65,The **Cost Efficiency** score for a **Medium Law Firm** is **70**.,True,The **Cost Efficiency** score for a **Medium Law Firm** is **65**.,True,60,True,0.0076925,0.0303825
radar_277,radar,Which category has the highest performance score in Region D,Public Safety,"In Region D, **Public Safety** has the highest performance score, at **100**.",True,"In **Region D**, the category with the highest performance score is **Public Safety**, with a score of **105**.",True,Public Safety.,True,0.0077925,0.0304075
radar_278,radar,What is the score for Facility Comfort at Theatre D?,88,The **Facility Comfort** score at **Theatre D** is **88**.,True,The **Facility Comfort** score for **Theatre D** is **88**.,True,"ERROR: Error code: 402 - {'error': {'message': 'Insufficient credits. Add more using https://openrouter.ai/settings/credits', 'code': 402}}",False,0.0076725,0.0
radar_281,radar,Which category showed a decrease in the fourth quarter compa,Product Returns,None of the categories showed a decrease in Q4 compared to Q1. All categories in,False,"Comparing Q1 to Q4:

- **Sales:** 80 → 95 increase  
- **Customer Retention:** 70 → 85 increase  
- **Online Traffic:** 75 → 90 increase  
- **Product Returns:** 60 → 45 **decrease**  
- **Market Expansion:** 85 → 100 increase  

**Answer: Product Returns** showed a decrease in the fourth quarter compared to the first quarter.",True,Customer Retention and Market Expansion.,False,0.0087775,0.0304775
radar_282,radar,How much did Residential Sales increase from Q1 to Q4?,15,"From the chart, **Residential Sales** were:

- **Q1:** 60  
- **Q4:** 75  

So t",True,"Residential Sales increased from **70** in Q1 to **85** in Q4.

So, the increase was **15**.",True,Residential Sales increased by **20** (from **60** in Q1 to **80** in Q4).,False,0.0078275,0.0307125
radar_284,radar,What is the average score for Science across all four terms?,87.5,"From the chart, Science scores are **85, 82, 88, and 90**.

Average:
\[
\frac{85",True,"From the chart, the Science scores across the four terms are:

- Term 1: 80
- Term 2: 85
- Term 3: 90
- Term 4: 95

Average \(= \frac{80 + 85 + 90 + 95}{4} = \frac{350}{4} = 87.5\)

**Answer: 87.5**",True,"Science scores are 80, 85, 90, and 95, so the average is **87.5**.",True,0.008725,0.030115
radar_285,radar,What is the difference in score between Collaboration in Q4 ,25,"From the chart:

- **Collaboration in Q4** = **90**
- **Resources in Q2** = **55",False,"From the chart:

- **Collaboration in Q4** = **75**
- **Resources in Q2** = **65**

**Difference = 75 - 65 = 10**

So, the difference is **10 points**.",False,"Collaboration in Q4 is **90** and Resources in Q2 is **65**, so the difference is **25**.",True,0.0081675,0.0307675
radar_286,radar,Which sport has the highest popularity according to the data,Soccer,"According to the chart, **Soccer** has the highest **Popularity** score, at **90",True,"According to the chart, **Basketball** has the highest popularity, with a value of **90**.",False,Basketball.,False,0.0077475,0.0297675
radar_287,radar,Which category has the highest score for Online?,Inventory Efficiency,"For the **Online** channel, the **highest score** is **Inventory Efficiency**, w",True,"For **Online**, the highest score is **Inventory Efficiency** with a score of **90**.",True,Inventory Efficiency.,True,0.0077125,0.0304025
radar_289,radar,What is the client satisfaction score for Employment Law?,89,The **client satisfaction score for Employment Law** is **90**.,True,The client satisfaction score for Employment Law is **89**.,True,82,True,0.007595,0.030375
radar_29,radar,What is the Production Volume of Factory D?,400 Unit/hour,Factory D's **Production Volume** is **80 units/hour**.,False,Factory D's production volume is **500 units/hour**.,False,Factory D’s Production Volume is **200 units/hour**.,False,0.0075925,0.0305375
radar_290,radar,Which aspect has the highest score in Philosophy?,Ethical Understanding,"In **Philosophy**, the aspect with the **highest score** is **Ethical Understand",True,"For **Philosophy**, the highest score is **95** in **Ethical Understanding**.",True,Ethical Understanding.,True,0.0077125,0.0304175
radar_291,radar,Which aspect does Web D score the lowest?,Content Quality,Web D scores the lowest in **User Engagement**.,False,"From the chart, **Web D** scores:

- Site Traffic: **75**
- User Engagement: **80**
- Content Quality: **70**
- Site Navigation: **95**
- Security: **90**

So, **Web D scores the lowest in Content Quality (70)**.",True,Content Quality.,True,0.008275,0.0296725
radar_293,radar,What is the difference in the score for Schedule Adherence b,15,"For **Schedule Adherence**:

- **Factory A** = **85**
- **Factory D** = **95**

",False,"From the chart, **Schedule Adherence** scores are:

- **Factory A:** 80
- **Factory D:** 95

**Difference = 95 - 80 = 15**

So, the difference in Schedule Adherence between Factory A and Factory D is **15 points**.",True,"Schedule Adherence: Factory A = 80, Factory D = 95, so the difference is **15**.",True,0.008335,0.03074
radar_295,radar,Which hospital provides the highest number of services for N,Hospital B,"For **Nursing and Residential Care**, **Hospital B** provides the highest number",True,"From the chart, the **Nursing and Residential Care** values are:

- **Hospital A:** 90  
- **Hospital B:** 95  
- **Hospital C:** 85  

So, **Hospital B** provides the highest number of services for **Nursing and Residential Care**.",True,Hospital B and Hospital D (tie at 95).,True,0.008325,0.030535
radar_297,radar,What is the score for Economic Development in Q2?,92,The score for **Economic Development** in **Q2** is **90**.,True,The score for **Economic Development in Q2** is **92**.,True,92,True,0.0076425,0.0303775
radar_298,radar,Which hospital has the highest staff responsiveness score?,Hospital D,"From the chart, **Hospital D** has the highest **staff responsiveness score**.

",True,"Hospital C has the highest staff responsiveness score, with a score of 9.",False,Hospital D.,True,0.0076525,0.0304025
radar_299,radar,What is Engineer A's score in Quality Assurance?,90,Engineer A's score in **Quality Assurance** is **75**.,False,Engineer A's score in **Quality Assurance** is **75**.,False,90,True,0.0077625,0.030285
radar_30,radar,Which category has the highest percentage for Greenpeace?,Donations (%),"For **Greenpeace**, the highest percentage is in **Donations (%)**, at **88%**.",True,"For **Greenpeace**, the percentages are:

- **Fundraising:** 80%
- **Volunteering:** 85%
- **Donations:** 90%
- **Public Awareness:** 70%

The **highest category is Donations at 90%**.",False,Volunteering (%) at 90%.,False,0.0082225,0.0304775
radar_300,radar,By how much does rice yield increase from Q1 to Q4?,160,"From the chart, **rice yield** is:

- **Q1:** 450
- **Q4:** 550

So the increase",False,"Rice yield increases from **400** in Q1 to **560** in Q4.

**Increase = 560 - 400 = 160 tons**.",True,"Rice yield goes from **400** in Q1 to **560** in Q4, so it increases by **160**.",True,0.007905,0.03076
radar_31,radar,Which category had the highest total advancement by the end ,Cloud Computing,"By the end of Q4 2023, **Cloud Computing** had the highest advancement, with a v",True,"By **Q4 2023**, **Cloud Computing** had the highest advancement, with a value of **95**.",True,Cloud Computing.,True,0.0078075,0.0304225
radar_32,radar,Who has the lowest score in Work-Life Balance?,Susan,Bob has the lowest score in **Work-Life Balance**.,False,"In **Work-Life Balance**, **Bob** has the lowest score.",False,Bob.,False,0.0076025,0.02966
radar_33,radar,Which subject shows a steady increase of 5 score points from,Art,"From the chart, **all subjects** show a steady increase of **5 points** from Cla",True,"From the chart:

- **Math**: 90, 95, 100, 105  
- **English**: 85, 90, 95, 100  
- **Science**: 80, 85, 90, 95  
- **History**: 75, 80, 85, 90  
- **Art**: 70, 75, 80, 85  

Each subject increases by **5 points** from one class to the next.

**Answer: All subjects — Math, English, Science, History, and Art.**",True,"English, Science, History, and Art.",True,0.00927,0.03052
radar_34,radar,What is the pass rate for middle school?,90%,The **pass rate for Middle School** is **90%**.,True,The **pass rate for Middle School** is **90%**.,True,85%,True,0.0076225,0.0303875
radar_35,radar,Which country has the lowest score for Environmental Protect,Austria,The country with the lowest score for **Environmental Protection** is **Austria*,True,"From the chart, **South Africa** has the **lowest Environmental Protection** score.",False,Austria.,True,0.0076475,0.029675
radar_36,radar,What is the cost of Solar energy per MWh?,50 dollars,The cost of **Solar energy** is **$50 per MWh**.,True,Solar energy costs **$50 per MWh**.,True,Solar energy costs **$50/MWh**.,True,0.0075825,0.0305125
radar_37,radar,What is the average number of customers in the third quarter,70,"In **Q3**, the **Number of Customers** is **65**.

So, the average number of cus",True,"From the chart, the **Number of Customers** in **Q3** is **90**.

So, the average number of customers in the third quarter is **90**.",False,70,True,0.00796,0.03038
radar_39,radar,Which category showed a 15% increase from Q1 to Q4 in 2021?,Product Quality,"From the chart, the categories that increased by **15 points** from **Q1 to Q4**",True,"From the chart:

- **Customer Satisfaction:** 85 → 100 = **+15**
- **Product Quality:** 90 → 105 = **+15**
- **Delivery Speed:** 80 → 95 = **+15**
- **Product Availability:** 75 → 90 = **+15**
- **Return Policy:** 70 → 85 = **+15**

So, **all categories** showed a **15-point increase** from **Q1 to Q4 in 2021**.",True,Delivery Speed (%) and Return Policy (%)。,False,0.0090125,0.0298625
radar_4,radar,What is the Delivery Speed score for Q4?,100,The image shown is an **academic performance comparison** radar chart for univer,False,The Delivery Speed score for **Q4** is **100**.,True,100,True,0.007625,0.030375
radar_40,radar,Which category showed the highest percentage in Q4?,Home Sales (%),"In **Q4**, **Home Sales (%)** showed the highest percentage at **95%**.",True,"In **Q4**, the category with the highest percentage is **Home Sales (%)** at **95%**.",True,Home Sales (%) at 95%.,True,0.00776,0.030465
radar_41,radar,By how much is the Water Consumption expected to decrease fr,25 m3/capita,"From the chart, **Water Consumption** goes from **90 m3/capita in 2020** to **70",False,"From the chart, **Water Consumption** is:

- **2020:** 90 m³/capita  
- **2025:** 65 m³/capita  

So the expected decrease is:

**90 - 65 = 25 m³/capita**

So, **Water Consumption is expected to decrease by 25 m³/capita from 2020 to 2025.**",True,"Water Consumption decreases from **90** in 2020 to **65** in 2025, so the expected decrease is **25 m³/capita**.",True,0.0086825,0.0308925
radar_42,radar,Which category had the highest increase in its figures from ,Fertilizer Use (kg),"From the chart, the Q1 to Q4 changes are:

- **Crop Yield:** 300 → 350 = **+50**",True,"From the chart, the Q1 to Q4 changes are:

- **Crop Yield:** 320 → 360 = **+40**
- **Pesticide Use:** 200 → 300 = **+100**
- **Water Usage:** 210 → 230 = **+20**
- **Fertilizer Use:** 600 → 800 = **+200**
- **Soil Quality:** 80 → 95 = **+15**

**Fertilizer Use (kg)** had the highest increase, with an increase of **200**.",True,Fertilizer Use (kg).,True,0.00914,0.03048
radar_43,radar,Which category had the highest consumption/generation in Q4?,Nuclear Generation,"In Q4, **Fuel Costs (USD)** had the highest value, at **80**.

If you mean only ",True,"In Q4, **Fuel Costs (USD)** had the highest value at **80**.

If you mean only energy consumption/generation categories, then **Nuclear Generation (kWh)** was highest at **70**.",True,Fuel Costs (USD).,False,0.008095,0.03044
radar_44,radar,What is the engagement score for Q2?,95,The engagement score for **Q2** is **95**.,True,The engagement score for **Q2** is **95**.,True,95,True,0.0076075,0.0303725
radar_45,radar,By how much did the Education (%) score increase from Q1 to ,15%,"The Education (%) score increased from 80 in Q1 to 95 in Q4, so it increased by ",True,"From the chart, **Education (%)** is **85** in **Q1** and **95** in **Q4**.

So the increase is:

**95 - 85 = 10 percentage points**

**Answer: 10%**",False,15 percentage points.,True,0.00818,0.030435
radar_46,radar,Which category scored exactly 95 in Q3?,Product Quality,The category that scored exactly 95 in Q3 is **Product Quality**.,True,"In **Q3**, the category that scored exactly **95** is **Online Experience**.",False,Online Experience.,False,0.0077,0.030405
radar_47,radar,Which city has the highest home ownership rate according to ,City D,"According to the chart, **City D** has the highest **home ownership rate** at **",True,"According to the chart, **City C** has the highest home ownership rate at **0.95** (or **95%**).",False,City D.,True,0.0078425,0.0304125
radar_48,radar,By how many percentage points did the Market Share increase ,15 percentage points,"Market Share increased from **65% in Q1** to **80% in Q4**.

So, the increase wa",True,"From the chart, **Market Share (%)** is:

- **Q1:** 65
- **Q4:** 80

So the increase is:

**80 - 65 = 15 percentage points**

**Answer: 15 percentage points.**",True,Market Share increased by **15 percentage points** from Q1 (**65%**) to Q4 (**80%**).,True,0.0082125,0.0307375
radar_49,radar,What is the increase in Customer Satisfaction from Q1 to Q4?,15%,"Customer Satisfaction increases from **60% in Q1** to **75% in Q4**.

**Increase",True,"Customer Satisfaction increased from **65% in Q1** to **75% in Q4**.

**Increase = 75% - 65% = 10 percentage points.**",False,Customer Satisfaction increased by **15 points** (from **60** in Q1 to **75** in Q4).,True,0.00798,0.03073
radar_5,radar,Who gives a higher friendliness score for Central & Western ,Susan,"Susan gives the higher friendliness score for Central & Western Europe.

- Susan",True,"For **Central & Western Europe**, **Bob** gives the higher friendliness score.

- **Susan:** about **6**
- **Bob:** about **8**",True,Bob.,False,0.0080475,0.030315
radar_50,radar,Which category scored the lowest in Q3?,Creativity (Score),"In Q3, **Creativity** scored the lowest, at **70**.",False,"In Q3, **Creativity** scored the lowest with a value of **65**.",False,Creativity scored the lowest in Q3.,False,0.0076975,0.0304925
radar_51,radar,Which platform has the highest Ad Reach (%)?,Facebook,"The highest **Ad Reach (%)** is on **Instagram**, at **85%**.",False,"From the chart, **Ad Reach (%)** values are:

- **Facebook:** 90%
- **Instagram:** 85%
- **Twitter:** 80%
- **Pinterest:** 70%
- **LinkedIn:** 60%

So, **Facebook has the highest Ad Reach (%) at 90%**.",True,Instagram has the highest Ad Reach (%) at **90%**.,False,0.0083725,0.0305525
radar_52,radar,What is the score for Adult Education in terms of Staff Qual,82,The score for **Adult Education** in **Staff Qualification** is **72**.,False,The score for **Adult Education** in **Staff Qualification** is **82**.,True,82,True,0.0076775,0.0303825
radar_53,radar,Which category has the highest popularity percentage?,NBA,"The category with the highest **popularity percentage** is **FIFA**, at **85%**.",False,"From the chart, the **Popularity (%)** values are:

- **GRAMMYs:** 75%
- **FIFA:** 85%
- **NBA:** 80%
- **CNN:** 70%

So, **FIFA** has the highest popularity percentage at **85%**.",True,"ERROR: Error code: 402 - {'error': {'message': 'Insufficient credits. Add more using https://openrouter.ai/settings/credits', 'code': 402}}",False,0.00831,0.0
radar_54,radar,Which element has the lowest Waste Recycling Ratio?,Noise,"From the chart, the **lowest Waste Recycling Ratio** is for **Noise**, at about ",True,"From the chart, the **Waste Recycling Ratio** values are:

- Air: **85**
- Water: **90**
- Soil: **70**
- Noise: **65**
- Light: **85**

The **lowest Waste Recycling Ratio** is **Noise (65%)**.",True,Noise has the lowest Waste Recycling Ratio.,True,0.0082825,0.0304775
radar_55,radar,What is the Recruitment Efficiency score for HR Team 5?,85,The Recruitment Efficiency score for **HR Team 5** is **82**.,True,The Recruitment Efficiency score for **HR Team 5** is **78**.,True,85,True,0.0077725,0.03019
radar_56,radar,Which factory has the highest waste management percentage ac,Factory E,"According to the chart, **Factory E** has the highest **waste management percent",True,"According to the chart, **Factory A** has the highest **Waste Management (%)** at **80%**.

- **Factory A:** 80%
- **Factory B:** 65%
- **Factory C:** 70%",False,Factory B.,False,0.0081275,0.0304125
radar_57,radar,Which aspect has the highest score in Labs Condition?,Robotics,"In **Labs Condition**, the highest score is in **Robotics**, with a score of **9",True,"In the **Labs Condition** category, **Bioengineering** has the highest score, with **95**.",False,"ERROR: Error code: 402 - {'error': {'message': 'Insufficient credits. Add more using https://openrouter.ai/settings/credits', 'code': 402}}",False,0.007745,0.0
radar_60,radar,Which platform has the highest Ad Revenue according to the d,YouTube,"According to the chart, **Twitter** has the highest **Ad Revenue ($M)**.",False,"According to the chart, **Facebook** has the highest **Ad Revenue**, at **$230 million**.",False,YouTube.,True,0.00775,0.03041
radar_61,radar,What is the fuel efficiency of river barges?,10 MPG,"From the chart, **river barges have a fuel efficiency of about 80 MPG**.

If you",False,The chart shows **River Barges** have a fuel efficiency of **500 MPG**.,False,10 MPG.,True,0.007685,0.029765
radar_63,radar,Which platform has the highest user engagement percentage?,YouTube,"From the chart, **YouTube** has the highest **User Engagement (%)** at **85%**.",True,"From the chart, **YouTube** has the highest **User Engagement (%)** at **85%**.",True,YouTube has the highest user engagement percentage at **85%**.,True,0.0077425,0.0305675
radar_64,radar,What is the change in the Policy Approval Rating from Q1 to ,15%,"From the chart, the **Policy Approval Rating** is:

- **Q1:** 68
- **Q4:** 85

S",False,"From the chart, the **Policy Approval Rating** is:

- **Q1:** 75%
- **Q4:** 80%

**Change = 80% - 75% = 5 percentage points**

So, the **Policy Approval Rating increased by 5 percentage points from Q1 to Q4**.",False,"Policy Approval Rating rises from **65% in Q1 to 80% in Q4**, a change of **+15 percentage points**.",True,0.008405,0.03081
radar_65,radar,What is the maintenance cost of a solar panel?,$20K,"From the chart, the **maintenance cost of a solar panel is 15**.",False,The maintenance cost of a **solar panel** is **$20K**.,True,"20K
",True,0.007655,0.029765
radar_67,radar,What is the Teacher-Student Ratio at Lee University?,12,The Teacher-Student Ratio at **Lee University** is **10:1**.,False,The **Teacher-Student Ratio at Lee University is 12**.,True,12,True,0.0076275,0.0303775
radar_68,radar,Which organization has the highest Volunteer Satisfaction sc,World Vision,"The highest **Volunteer Satisfaction** score is **88**, held by **Amnesty Intern",False,"The organization with the highest **Volunteer Satisfaction** score is **Red Cross**, with a score of **85**.",False,UNICEF.,False,0.0077575,0.0297625
radar_69,radar,Which product category has the highest inventory turnover?,Alcohol,"The product category with the highest **inventory turnover** is **Beverages**, w",False,"The product category with the highest **inventory turnover** is **Beverages**, with a value of **10**.",False,Alcohol has the highest inventory turnover.,True,0.0077725,0.0298225
radar_7,radar,Which category shows the smallest percentage increase from Q,Economic Equality,"From the chart:

- **Education:** 85 → 100, increase = 15, percentage increase =",True,"From the chart:

- **Education:** 80 → 100, increase = 25%
- **Social Development:** 70 → 85, increase ≈ 21.4%
- **Human Rights:** 85 → 95, increase ≈ 11.8%
- **Arts and Culture:** 65 → 80, increase ≈ 23.1%
- **Economic Equality:** 60 → 75, increase = 25%

**Smallest percentage increase:** **Human Rights (%)** with about **11.8%**.",True,"From the chart:

- Education: Q1 85 → Q4 100, increase = 15/85 ≈ 17.6%
- Social Development: 70 → 85, increase ≈ 21.4%
- Human Rights: 80 → 95, increase = 18.75%
- Arts and Culture: 65 → 80, increase ≈ 23.1%
- Economic Equality: 60 → 75, increase = 25%

**Education** shows the smallest percentage increase from Q1 to Q4.",True,0.00912,0.03208
radar_70,radar,Which category has the lowest Student Satisfaction score?,History,"The category with the lowest **Student Satisfaction** score is **History**, with",True,"The category with the lowest **Student Satisfaction** score is **Philosophy**, with a score of **70**.",False,Anthropology.,False,0.00791,0.0303275
radar_71,radar,Which aspect of law scored the highest in 'Client Satisfacti,Employment Law,"In **Client Satisfaction (Score)**, **Property Law** scored the highest with a s",False,"From the chart, **Family Law** scored the highest in **Client Satisfaction** with a score of **90**.",False,Property Law.,False,0.00778,0.0304125
radar_72,radar,What is the score difference between NASA and European Space,3,"From the radar chart, the **Resource Management** scores are:

- **NASA:** 88  
",False,"From the chart, in **Resource Management**:

- **NASA** = **92**
- **European Space Agency** = **90**

**Score difference = 2 points** (NASA is higher).",False,"ERROR: Error code: 402 - {'error': {'message': 'Insufficient credits. Add more using https://openrouter.ai/settings/credits', 'code': 402}}",False,0.0080475,0.0
radar_76,radar,Which activity shows the highest percentage increase from Q1,Program Expenses (%),"From the chart, the Q1 to Q4 values are:

- **Donations Received (%)**: 80 → 95 ",True,"From the chart, the Q1 → Q4 values are:

- Donations Received: 100 → 105
- Fundraising Efficiency: 80 → 95
- Administrative Expenses: 70 → 85
- Program Expenses: 95 → 110
- Public Support: 90 → 105

Percentage increases:

- Donations Received: \( \frac{105-100}{100} \times 100 = 5\% \)
- Fundraising Efficiency: \( \frac{95-80}{80} \times 100 = 18.75\% \)
- Administrative Expenses: \( \frac{85-70}{70} \times 100 \approx 21.43\% \)
- Program Expenses: \( \frac{110-95}{95} \times 100 \approx 15.79\% \)
- Public Support: \( \frac{105-90}{90} \times 100 \approx ",False,Public Support (%) shows the highest percentage increase from Q1 to Q4.,False,0.010365,0.029955
radar_77,radar,What is the total revenue for Beverage across all quarters?,$374 million,"The Beverage revenues by quarter are:

- Q1: 85
- Q2: 88
- Q3: 90
- Q4: 92

Tota",True,"From the chart, **Beverage** revenue by quarter is:

- **Q1:** 90
- **Q2:** 95
- **Q3:** 92
- **Q4:** 97

**Total revenue = 90 + 95 + 92 + 97 = 374**

**Answer: 374**",True,"Beverage revenue by quarter is 90, 92, 95, and 97, totaling **374**.",True,0.0084825,0.0300975
radar_79,radar,What is the market share percentage of Bakery Items?,25%,The market share of **Bakery Items** is **25%**.,True,The market share of **Bakery Items** is **25%**.,True,28%,False,0.00764,0.03039
radar_8,radar,What is the Public Safety score in the West region?,75,The **Public Safety** score in the **West** region is **70**.,True,The **Public Safety** score in the **West** region is **75**.,True,80,True,0.0076725,0.0303775
radar_80,radar,How much higher is the fuel efficiency of a plane compared t,285 MPG,"From the chart, the **plane** has a fuel efficiency of **5 MPG**, and the **carg",False,"From the chart:

- **Plane fuel efficiency** = **5 MPG**
- **Cargo Van fuel efficiency** = **15 MPG**

So, a plane is **not higher** in fuel efficiency than a cargo van — it is **10 MPG lower**.

If you mean as a comparison ratio:
- **5 / 15 = 1/3**

So the plane has **about 33% of the cargo van’s fuel efficiency**, or the cargo van is **3× more fuel efficient**.",False,"Plane fuel efficiency is 300 MPG and cargo van is 15 MPG, so the plane is **285 MPG higher**.",True,0.00896,0.03075
radar_81,radar,Which court has the highest conviction rate?,International Court,"The **Federal Court** has the highest conviction rate, at **88%**.",False,"From the chart, the **Conviction Rate (%)** values are:

- **Federal Court:** 85%
- **State Court:** 80%
- **Local Court:** 75%
- **International Court:** 95%

So, the **International Court** has the highest conviction rate at **95%**.",True,Federal Court.,False,0.00837,0.0304
radar_82,radar,Which product has the highest Supply Chain Efficiency percen,Organic Food,"From the chart, **Processed Food** has the highest **Supply Chain Efficiency (%)",False,"From the chart, the highest **Supply Chain Efficiency (%)** is **90%**, which belongs to **Processed Food**.",False,Wine (90%).,False,0.00779,0.03042
radar_83,radar,What is the average cost for commercial property?,50,The average cost for **commercial property** is **$50**.,True,The average cost for commercial property is $50.,True,"10
",False,0.0075625,0.0297475
radar_85,radar,Which product has the highest price?,Whole Foods,"From the chart, **Chipotle** has the highest **price**, at about **$9**.",False,"From the chart, the highest **Price ($)** value is **10**, which belongs to **Whole Foods**.",True,Whole Foods has the highest price.,True,0.0077525,0.0304575
radar_86,radar,How many thousands of website traffic does the Books categor,260,The **Books** category has **250 thousand** website traffic.,True,The **Books** category has **180 thousand** website traffic.,False,280 thousand.,True,0.007615,0.02977
radar_87,radar,Which activity has the highest media coverage per week?,Football,"From the chart, **Football** has the highest **Media Coverage (hrs/week)** at **",True,"From the chart, the **Media Coverage (hrs/week)** values are:

- Football: **95**
- Basketball: **85**
- Tennis: **70**
- Cinema: **55**

So, **Football** has the highest media coverage per week, at **95 hours/week**.",True,"ERROR: Error code: 402 - {'error': {'message': 'Insufficient credits. Add more using https://openrouter.ai/settings/credits', 'code': 402}}",False,0.0083,0.0
radar_88,radar,What is the Sustainability Index Score for Bioenergy?,95,"From the radar chart, the **Sustainability Index Score for Bioenergy is 95**.",True,The Sustainability Index Score for **Bioenergy** is **80**.,False,90,True,0.007625,0.030375
radar_89,radar,Which food crop requires the highest water usage per hectare,Wheat,"From the chart, **Rice** requires the highest water usage per hectare.

- Wheat:",True,"From the chart, **Rice** requires the highest water usage per hectare, at **24 units**.",False,Corn.,False,0.0077325,0.0303925
radar_90,radar,Which company has the highest profit margin according to the,Etsy,"According to the chart, **eBay** has the highest **Profit Margin (%)**, at about",False,"According to the chart, **eBay** has the highest **profit margin** at **18%**.",False,eBay has the highest profit margin.,False,0.00775,0.030485
radar_91,radar,Which platform has the highest ad revenue according to the d,Facebook,"According to the chart, **Facebook** has the highest **ad revenue**, at about **",True,"According to the chart, **Facebook** has the highest **ad revenue**, at **84.2 billion**.",True,Facebook.,True,0.007765,0.030395
radar_92,radar,Which sector has the lowest Operating Cost (%) as per the da,Banking,"The sector with the lowest **Operating Cost (%)** is **Banking**, at **60%**.",True,"From the chart, the **Operating Cost (%)** values are:

- **Real Estate**: 55%
- **Insurance**: 65%
- **Banking**: 60%
- **Manufacturing**: 50%

So, **Manufacturing** has the **lowest Operating Cost (%) at 50%**.",True,Insurance.,False,0.00843,0.0304
radar_93,radar,What is the Sale Price of a Duplex (in $100k)?,2.75,"The **sale price of a Duplex** is **2.8 ($100k)**.

So in dollars, that is **$28",True,"The **Sale Price of a Duplex** is **2.0 ($100k)**, i.e. **$200,000**.",False,2.5,True,0.007845,0.030415
radar_95,radar,Which energy source has the lowest cost in USD Million accor,Geothermal Power,"According to the chart, **Geothermal Power** has the **lowest cost**, at **60 US",True,"According to the chart, **Wind Power** has the **lowest cost**, at **70 USD Million**.",False,Solar Power has the lowest cost: **60 USD Million**.,False,0.0077575,0.0305675
radar_96,radar,Which museum has the highest score for conservation efforts?,Louvre Museum,"The **Museum of Modern Art** has the highest score for **Conservation Efforts**,",False,"The **Louvre Museum** has the highest **Conservation Efforts** score, with a score of **96**.",True,Saatchi Gallery.,False,0.00779,0.030435
radar_97,radar,What is the total production of wheat in January and Februar,2100 tons,"From the chart, wheat production is:

- **January:** 800
- **February:** 1,100

",True,"From the chart, wheat production is:

- January: 1800 tons  
- February: 2000 tons  

Total = 1800 + 2000 = 3800 tons

Answer: 3800 tons",True,"Wheat production was **1600 tons in January** and **1800 tons in February**, for a total of **3400 tons**.",False,0.008095,0.0308
radar_98,radar,Which product has the lowest Operating Costs percentage?,Product C,"From the chart, the **Operating Costs** percentages are approximately:

- **Prod",True,"From the chart, the **Operating Costs (%)** are:

- **Product A:** 60%
- **Product B:** 55%
- **Product C:** 50%

So, **Product C has the lowest Operating Costs percentage at 50%**.",True,Product B.,False,0.0082075,0.0304025
radar_99,radar,What is the Production Efficiency percentage of Factory E?,95%,Factory E's **Production Efficiency** is **95%**.,True,Factory E's **Production Efficiency** is **95%**.,True,90%,True,0.00761,0.02975
0,treemap,How much is the yield for rice?,960 metric tons,"The image is a treemap about **environmental protection efforts**, not crop yiel",False,"Renewable Energy Production is **24 percentage points** higher than Biodiversity Preservation.

- Renewable Energy Production: **30%**
- Biodiversity Preservation: **6%**

**Difference: 30% - 6% = 24%**",True,Renewable Energy Production is **24 percentage points** higher than Biodiversity Preservation.,True,0.003001,0.03005
10,treemap,What percentage of employee training hours is allocated to C,8%,Customer Service is allocated **10%** of the employee training hours.,False,Customer Service is allocated **8%** of employee training hours.,True,8%,True,0.0076325,0.0298275
100,treemap,What is the market share percentage of Fresh Produce?,15%,Fresh Produce has a market share of **15%**.,True,Fresh Produce has a market share of **15%**.,True,"ERROR: Error code: 402 - {'error': {'message': 'Insufficient credits. Add more using https://openrouter.ai/settings/credits', 'code': 402}}",False,0.007595,0.0
104,treemap,What is the combined market share percentage of Rail Transpo,13%,"Rail Transport is 10% and Intermodal Transport is 3%.

Combined market share = *",True,"Rail Transport is 10% and Intermodal Transport is 3%.

Combined market share = **13%**.",True,"Rail Transport is 10% and Intermodal Transport is 3%, so the combined market share is **13%**.",True,0.00779,0.03018
105,treemap,"How much is the percentage for ""Oilseeds""?",3%,The percentage for **Oilseeds** is **3%**.,True,Oilseeds is **3%**.,True,3%,True,0.00757,0.029825
106,treemap,What percentage of research funding is allocated to Computer,15,Computer Science is allocated **15%** of the research funding.,True,Computer Science is allocated **15%** of the research funding.,True,15%,True,0.00759,0.029665
107,treemap,What percentage of the workforce is allocated to IT Services,5%,IT Services is allocated **8%** of the workforce.,False,The workforce allocated to **IT Services** is **5%**.,True,5%,True,0.0076275,0.029755
108,treemap,What category has the smallest market share percentage accor,Corporate Finance,"The category with the smallest market share percentage is **Corporate Finance**,",True,"The category with the smallest market share percentage is **Corporate Finance**, at **3%**.",True,Corporate Finance.,True,0.007725,0.029845
109,treemap,What is the percentage of market share for Intermodal transp,5%,Intermodal transportation has a market share of 8%.,False,Intermodal transportation has a market share of **5%**.,True,5%,True,0.007645,0.0298775
11,treemap,What percentage of the food production is dedicated to veget,25%,Vegetables account for **25%** of the food production.,True,Vegetables account for **25%** of the food production.,True,25%,True,0.00763,0.029825
110,treemap,Which department has the lowest percentage allocation?,Finance,The **Finance** department has the lowest percentage allocation at **5%**.,True,"The department with the lowest percentage allocation is **Finance**, at **5%**.",True,Finance.,True,0.0077025,0.0298975
111,treemap,"What is the combined percentage share of TikTok, Twitter, Li",14%,"From the chart:

- TikTok = 8%
- Twitter = 6%
- LinkedIn = 4%
- Snapchat = 2%

C",False,"From the chart:

- TikTok = 7%
- Twitter = 4%
- LinkedIn = 2%
- Snapchat = 1%

Combined share = 7 + 4 + 2 + 1 = 14%

Answer: 14%",True,TikTok 7% + Twitter 4% + LinkedIn 2% + Snapchat 1% = **14%**,True,0.0082075,0.0300425
112,treemap,Which stage has a value of 4000000?,Feasibility Study,"The stage with a value of **4,000,000** is **Streaming Services**.",False,"The category with the smallest percentage of revenue is **Publishing**, at **1%**.",True,Publishing (1%).,True,0.0077175,0.0298675
113,treemap,Which genre has the third highest number of artworks sold?,Modernism,"The image shows **healthcare spending categories**, not artwork genres. Based on",False,Home Healthcare is allocated **3%**.,True,Home Healthcare is allocated **3%**.,True,0.007585,0.030005
114,treemap,How much larger is the market share of Professional Sports t,18%,"Professional Sports has a **25%** market share, while Books and Publishing has *",True,"Professional Sports has **25%** market share, and Books and Publishing has **7%**.

So the difference is:

**25% - 7% = 18 percentage points**

So, **Professional Sports is 18 percentage points larger** than Books and Publishing.",True,"ERROR: Error code: 402 - {'error': {'message': 'Insufficient credits. Add more using https://openrouter.ai/settings/credits', 'code': 402}}",False,0.008295,0.0
118,treemap,Which crop has the highest harvest yield according to the da,Corn,The image does not show crop harvest yields. It shows a treemap of **market shar,False,"Banking has **22%** market share and Insurance has **15%**.

So, Banking exceeds Insurance by **7 percentage points**.",True,7 percentage points.,True,0.0026885,0.0298575
119,treemap,What is the combined market share percentage of Snack Foods ,10%,"From the treemap, **Snack Foods = 12%** and **Seafood = 4%**.

So, their combine",False,"Snack Foods is **8%** and Seafood is **2%**.

**Combined market share = 10%**.",True,"Snack Foods is 8% and Seafood is 2%, so the combined market share is **10%**.",True,0.007835,0.030225
12,treemap,How much higher is the funding percentage for Anthropology c,10%,"From the chart:

- **Anthropology** = **18%**
- **Political Science** = **11%**
",True,"Anthropology has **18%** funding, while Political Science has **8%**.

So, the funding percentage for Anthropology is **10 percentage points higher** than Political Science.",True,Anthropology is **10 percentage points** higher than Political Science.,True,0.0081175,0.0304925
120,treemap,What percentage of the manufacturing process is taken up by ,22%,Component Fabrication takes up **20%** of the manufacturing process.,True,Component Fabrication takes up **22%** of the manufacturing process.,True,22%,True,0.007665,0.0298825
121,treemap,What percentage of legal expenditures is allocated to Public,15%,"From the chart, **Public Defense = 15** out of a total of:

35 + 30 + 15 + 10 + ",True,Public Defense is allocated **15%** of legal expenditures.,True,15%,True,0.007615,0.029825
122,treemap,How much greater is the value for the Introduction stage com,168,"The image provided shows **government spending across departments**, not stages ",False,"The department with the smallest allocation is **Agriculture**, at **4%**.",True,Agriculture.,True,0.007855,0.0304775
124,treemap,What transportation type has the smallest share of logistics,Pipeline and Intermodal,The transportation type with the smallest share of logistics volume is **Pipelin,False,"The smallest share of logistics volume is **5%**, shared by **Pipeline** and **Intermodal**.",False,Pipeline and Intermodal.,True,0.002581,0.007982
125,treemap,What percentage of the government budget is allocated to Sci,3%,Science and Technology is allocated **3%** of the government budget.,True,Science and Technology is allocated **3%** of the government budget.,True,3%,True,0.0076325,0.02976
126,treemap,Which month had the highest number of online stores associat,The question is unanswerable with the provided data,"The image shows a **web traffic distribution among social media platforms**, not",False,"The social media platforms with the least web traffic percentage are **Reddit** and **TikTok**, both at **2%**.",True,Reddit and TikTok (2% each).,True,0.0078225,0.029875
127,treemap,What is the combined percentage of the Clothing and Food & B,32%,"From the treemap, **Clothing = 25%** and **Food & Beverage = 10%**.

**Combined ",True,"Clothing is **20%** and Food & Beverage is **12%**.

Combined percentage: **32%**.",True,32%,True,0.0078375,0.0299125
128,treemap,What percentage of E-commerce sales does Health and Beauty r,4%,Health and Beauty represents **8%** of e-commerce sales.,False,Health and Beauty represents **4%** of e-commerce sales.,True,"ERROR: Error code: 402 - {'error': {'message': 'Insufficient credits. Add more using https://openrouter.ai/settings/credits', 'code': 402}}",False,0.007645,0.0
133,treemap,How much less does the Information Technology sector contrib,10%,"The Information Technology sector contributes 10%, while the Investment sector c",True,"The Investment sector contributes 20%, while Information Technology contributes 10%.

So, Information Technology contributes 10 percentage points less than the Investment sector.",True,Information Technology contributes **10 percentage points less** than Investment.,True,0.008045,0.0306225
135,treemap,What percentage of students are enrolled in High School educ,30%,The percentage of students enrolled in **High School** education is **25%**.,False,The percentage of students enrolled in **High School** education is **30%**.,True,30%,True,0.00769,0.029825
136,treemap,Which legal sector has the smallest proportional case load a,Environmental Law,The legal sector with the smallest proportional case load is **Environmental Law,True,"The legal sector with the smallest proportional case load is **Environmental Law**, at **5%**.",True,Environmental Law.,True,0.0077425,0.0298475
137,treemap,How many people are at the Evaluation stage according to the,61184,"The image shows donation allocations among charity and nonprofit sectors, not st",False,"Health Services is **25%** and Educational Programs is **20%**.

Combined: **25% + 20% = 45%**.",True,45%,True,0.007925,0.02991
139,treemap,Which sector has the highest percentage according to the por,Stock Market,"The sector with the highest percentage is **Cryptocurrency**, at **20%**.",False,The **Stock Market** sector has the highest percentage at **22%**.,True,Stock Market (22%).,True,0.0076775,0.0298725
14,treemap,How much percentage is allocated to Medicine and Health?,17%,Medicine and Health is allocated **20%**.,False,Medicine and Health is allocated **17%**.,True,17%,True,0.0075825,0.0298225
140,treemap,What percentage of government spending is allocated to Socia,25%,"From the chart:

- **Social Security** = **15%**
- **Infrastructure** = **10%**
",True,"Social Security is **15%** and Infrastructure is **10%**.

Combined: **15% + 10% = 25%**

**Answer: 25%**",True,"Social Security is 15% and Infrastructure is 10%, so combined they account for **25%**.",True,0.002781,0.0307025
141,treemap,What is the percentage of the Electronics category?,20%,The **Electronics** category is **18%**.,True,The **Electronics** category is **20%**.,True,20%,True,0.0075925,0.02975
142,treemap,Which branch of legal affairs has the lowest percentage focu,Immigration Law,The branch with the lowest percentage focus is **Immigration Law**.,True,"According to the chart, **Immigration Law** has the lowest percentage focus at **2%**.",True,"Immigration Law, at 2%.",True,0.0077425,0.030495
143,treemap,Which discipline has the highest percentage of research fund,Engineering,"According to the treemap, **Engineering** has the highest percentage of research",True,Engineering has the highest percentage of research funding at **20%**.,True,Engineering (20%).,True,0.0024885,0.0077665
144,treemap,What type of property has the smallest market share percenta,"Manufactured Home, Co-op, and Vacation Home (all are tied with 5%)","The smallest market share percentage is **5%**.

The property types with **5%** ",True,"The smallest market share percentage is **5%**, shared by **Manufactured Home**, **Vacation Home**, and **Co-op**.",True,"ERROR: Error code: 402 - {'error': {'message': 'Insufficient credits. Add more using https://openrouter.ai/settings/credits', 'code': 402}}",False,0.00784,0.0
145,treemap,How much larger is the percentage of Cereals compared to Pou,33%,"From the treemap, **Cereals = 35%** and **Poultry = 4%**.

So the difference is:",True,"Cereals = 35% and Poultry = 2%.

Difference = 35% − 2% = 33 percentage points.

So, Cereals is 33 percentage points larger than Poultry.",True,"ERROR: Error code: 402 - {'error': {'message': 'Insufficient credits. Add more using https://openrouter.ai/settings/credits', 'code': 402}}",False,0.0080875,0.0
149,treemap,Which two sectors together sum up to a smaller percentage th,'Cruises' and 'Tourist Attractions',"From the chart:

- **Hotels = 35%**

Two sectors that together are smaller than ",False,"From the chart:

- Hotels = 35%
- Restaurants = 25%
- Travel Agencies = 15%
- Airlines = 10%
- Cruises = 8%
- Tourist Attractions = 4%
- Event Planning = 3%

Two sectors that together are still less than Hotels (35%) include:

- Travel Agencies + Airlines = 25%
- Airlines + Cruises = 18%
- Cruises + Tourist Attractions = 12%
- Tourist Attractions + Event Planning = 7%

One valid answer is: **Travel Agencies and Airlines**.",False,"Hotels is 35%. One such pair is **Travel Agencies and Airlines**: **15% + 10% = 25%**, which is smaller than Hotels alone.",False,0.0091325,0.0304125
15,treemap,How much higher is the percentage allocation for the Executi,25%,"From the treemap, the Executive branch is allocated **35%** and Defense is **10%",True,"Executive is **35%** and Defense is **10%**.

So, the Executive allocation is **25 percentage points higher** than Defense.",True,25 percentage points.,True,0.0078925,0.029915
150,treemap,Which crop type has the lowest production share according to,Beverages,"According to the treemap, **Beverages** has the **lowest production share**.",True,"The crop type with the lowest production share is **Beverages**, at **1%**.",True,Beverages.,True,0.00774,0.02986
151,treemap,How much percentage is allocated to Healthcare?,10%,Healthcare is allocated **15%**.,False,Healthcare is allocated **10%**.,True,Healthcare is allocated **10%**.,True,0.00753,0.0304775
153,treemap,How much less is the percentage of Snack Foods as compared t,10%,"From the chart:

- **Meat & Poultry** = **15%**
- **Snack Foods** = **5%**

So, ",True,"From the chart:

- Meat & Poultry = 13%
- Snack Foods = 3%

Difference = 13% − 3% = 10%

So, Snack Foods is 10% less than Meat & Poultry.",True,Snack Foods is 10 percentage points less than Meat & Poultry.,True,0.008185,0.030035
154,treemap,What is the freight volume percentage for the sea transporta,20%,The freight volume percentage for sea transportation is 15%.,False,The freight volume percentage for sea transportation is **20%**.,True,20%,True,0.0076325,0.0298275
155,treemap,What percentage of the energy mix does nuclear power constit,15%,Nuclear power constitutes **15%** of the energy mix.,True,Nuclear power constitutes **15%** of the energy mix.,True,15%,True,0.00763,0.029825
156,treemap,What is the value of Shipments during the Project Planning s,666,"The image shows an **e-commerce sales distribution by product category**, not pr",False,"Electronics accounts for **30%** of sales, while Jewelry accounts for **2%**.

So, Electronics is **28 percentage points** higher than Jewelry.",True,Electronics is 28 percentage points more than Jewelry.,True,0.0079375,0.0299675
157,treemap,"Which category has a higher percentage, Video Games or Theat",Video Games,"Video Games has a higher percentage than Theater.

- Video Games: 10%
- Theater:",True,"Video Games has the higher percentage.

- Video Games: 10%
- Theater: 7%",True,Video Games.,True,0.0076975,0.0296825
158,treemap,What is the combined market share percentage of Condos and T,25%,"Condos are **10%** and Townhouses are **8%**, so their combined market share is ",False,"Condos are **15%** and Townhouses are **10%**.

So, their combined market share is **25%**.",True,"ERROR: Error code: 402 - {'error': {'message': 'Insufficient credits. Add more using https://openrouter.ai/settings/credits', 'code': 402}}",False,0.007845,0.0
159,treemap,What percentage of healthcare expenditure is spent on Outpat,18%,Outpatient Care accounts for **18%** of healthcare expenditure.,True,Outpatient Care accounts for **18%** of healthcare expenditure.,True,"ERROR: Error code: 402 - {'error': {'message': 'Insufficient credits. Add more using https://openrouter.ai/settings/credits', 'code': 402}}",False,0.007645,0.0
162,treemap,What percentage of online usage is taken up by E-Learning?,3%,E-Learning takes up **5%** of online usage.,False,E-Learning takes up **3%** of online usage.,True,3%,True,0.0024635,0.007704
163,treemap,"What is the value for the ""Initial Consultation"" stage?",1000,"The image does not show an **""Initial Consultation""** stage. It’s a treemap with",False,"Music Concerts are **19%** and Broadcasting Rights are **14%**.

Combined total: **19% + 14% = 33%**.",True,"Music Concerts is 19% and Broadcasting Rights is 14%, so combined they are **33%**.",True,0.0079525,0.0302
164,treemap,What is the combined percentage of Food Services and Recreat,30%,"Food Services is **20%** and Recreational Activities is **10%**.

**Combined per",True,"Food Services is 20% and Recreational Activities is 10%.

Combined percentage: 30%.",True,"Food Services is 20% and Recreational Activities is 10%, so combined they are **30%**.",True,0.0077525,0.0301575
165,treemap,What percentage of the total is represented by E-commerce an,24%,"From the treemap, the values appear to be:

- E-commerce = 25
- Artificial Intel",True,"From the chart:

- E-commerce = 20
- Artificial Intelligence = 4

Combined = 24

Total = 15 + 20 + 10 + 25 + 4 + 2 + 9 + 15 = 100

So the percentage is:

24 / 100 × 100% = 24%

Answer: 24%",True,"E-commerce is 20% and Artificial Intelligence is 4%, so combined they represent **24%**.",True,0.008555,0.030135
166,treemap,What is the combined percentage of Classicism and Impression,33%,"Classicism is 18 and Impressionism is 15.

Combined: **18 + 15 = 33%**.",True,"Classicism is **18%** and Impressionism is **15%**.

Combined: **18% + 15% = 33%**.",True,33%,True,0.0078875,0.0304
167,treemap,How much more percentage is allocated to the Executive branc,15%,"From the chart:

- **Executive** = 30%
- **Judicial** = 20%

Difference:

**30% ",False,"The Executive branch is allocated **30%**, and the Judicial branch is allocated **15%**.

So the Executive branch has **15 percentage points more** allocated than the Judicial branch.",True,15% more.,True,0.0080025,0.0298675
168,treemap,What percentage of the budget is spent on Early Childhood ed,12%,Early Childhood education accounts for **15%** of the budget.,False,Early Childhood education gets **12%** of the budget.,True,12%,True,0.0076175,0.0298275
169,treemap,What is the combined percentage for Online Gaming and Educat,15%,"Online Gaming is 10% and Educational Platforms is 5%, so the combined percentage",True,"Online Gaming is **10%** and Educational Platforms is **5%**.

**Combined percentage = 15%**.",True,15%,True,0.00783,0.029845
17,treemap,What percentage of E-commerce Sales Distribution is attribut,10%,Food & Beverage accounts for **10%** of the e-commerce sales distribution.,True,Food & Beverage accounts for **10%** of the e-commerce sales distribution.,True,10%,True,0.0076825,0.0298325
170,treemap,How many more million users spend 1-2 hours daily compared t,47.6 million,"The image provided shows environmental efforts, not user daily hours, so it does",False,Water Conservation is assigned **15%**.,True,15%,True,0.00757,0.029825
171,treemap,How much larger is the market share of Single-Family Homes c,25%,"From the chart:

- **Single-Family Homes:** 30%
- **Condominiums:** 15%

So, **S",False,"From the chart:

- **Single-Family Homes:** 40%
- **Condominiums:** 15%

Difference:

**40% - 15% = 25 percentage points**

So, **Single-Family Homes have a market share 25 percentage points larger than Condominiums**.",True,25 percentage points.,True,0.00838,0.0299225
172,treemap,Which department has the smallest percentage according to th,Production,"The department with the smallest percentage is **Production**, at **7%**.",True,"The department with the smallest percentage is **Production**, at **3%**.",True,"ERROR: Error code: 402 - {'error': {'message': 'Insufficient credits. Add more using https://openrouter.ai/settings/credits', 'code': 402}}",False,0.00766,0.0
173,treemap,What percentage of the renewable energy utilization is accou,21%,"From the treemap:

- **Geothermal = 15%**
- **Nuclear = 12%**

So together:

**1",False,"Geothermal is **11%** and Nuclear is **10%**.

So together:

**11% + 10% = 21%**

**Answer: 21%**",True,"Geothermal is 11% and Nuclear is 10%, so together they account for **21%**.",True,0.008025,0.03022
176,treemap,How much more percentage of the budget is allocated to Defen,10%,"From the chart:

- **Defense** = 25%
- **Healthcare** = 20%

Difference = **25% ",False,"Defense is allocated **30%** and Healthcare is allocated **20%**.

So, Defense has **10 percentage points more** than Healthcare.

If you mean **relative to Healthcare**, then:

\[
\frac{30 - 20}{20} \times 100 = 50\%
\]

So, **Defense is 50% more than Healthcare**.",True,Defense is allocated **10 percentage points** more than Healthcare.,True,0.00859,0.030065
177,treemap,What percentage of the Sustainable Agriculture aspect is rep,10%,"The values shown sum to 100:

- Greenhouse Gas Emissions: 30
- Renewable Energy ",True,The Sustainable Agriculture aspect represents **10%** of the data.,True,10%,True,0.007655,0.02991
178,treemap,What is the percentage difference between Renewable Energy a,20%,"Renewable Energy is 35% and Water Conservation is 15%.

The percentage differenc",True,"From the chart:

- **Renewable Energy = 35%**
- **Water Conservation = 15%**

**Percentage difference = 35% - 15% = 20%**

So, the percentage difference between **Renewable Energy** and **Water Conservation** is **20%**.",True,"Renewable Energy is 35% and Water Conservation is 15%, so the difference is **20%**.",True,0.0083525,0.0301425
179,treemap,What percentage of the budget is allocated to Corrections?,15%,Corrections is allocated **15%** of the budget.,True,Corrections is allocated **15%** of the budget.,True,15%,True,0.007615,0.029825
18,treemap,Which renewable energy source has the smallest usage percent,Nuclear,"According to the chart, **Geothermal** has the smallest usage percentage at **10",False,"According to the chart, **Nuclear** has the smallest usage percentage at **5%**.",True,Nuclear (5%).,True,0.0077625,0.0299575
180,treemap,What percentage of freight volume is transported by air?,15%,Air transports **15%** of the freight volume.,True,Air transports **15%** of the freight volume.,True,15%,True,0.0075975,0.0298225
181,treemap,What percentage of total healthcare spending is for Hospital,60%,"Hospital Care is **32%** and Physician Services is **25%**.

Combined: **32% + 2",True,"Hospital Care is **38%** and Physician Services is **22%**.

Combined: **38% + 22% = 60%**

**Answer: 60%**",True,"Hospital Care is 38% and Physician Services is 22%, so combined they are **60%**.",True,0.008,0.030135
183,treemap,By how much does the percentage for Health exceed that for t,10%,"Health is **25%** and Environment is **15%**.

So, Health exceeds Environment by",True,"Health is **25%** and Environment is **15%**.

So, Health exceeds Environment by **10 percentage points**.",True,Health is 10 percentage points higher than Environment.,True,0.0078025,0.0298025
184,treemap,What is the combined percentage of the bottom three categori,7%,"From the treemap, the bottom three categories are:

- Toys & Hobbies = 8%
- Book",False,"The bottom three categories are:

- Toys & Hobbies: 4%
- Books: 2%
- Stationery: 1%

Combined percentage = **4% + 2% + 1% = 7%**.",True,Toys & Hobbies (4) + Books (2) + Stationery (1) = **7%**,True,0.0081425,0.0300225
185,treemap,Which category has the highest percentage in the Tourism and,Accommodation,Accommodation has the highest percentage at 25%.,True,"The category with the highest percentage is **Accommodation**, at **25%**.",True,Accommodation (25%).,True,0.007665,0.0297925
186,treemap,What is the value difference between the 'Development' and ',50,The image shown is a treemap of **internet usage categories** and does **not inc,False,Search Engines account for **20%** of Internet usage.,True,20%,True,0.007615,0.029825
187,treemap,How much bigger is the percentage of Cereals production comp,17%,"Cereals = 22%  
Fisheries = 5%

Difference = 22% - 5% = 17 percentage points

So",True,"Cereals is **17 percentage points** bigger than Fisheries.

- **Cereals:** 22%
- **Fisheries:** 5%
- **Difference:** 22% − 5% = **17%**",True,"ERROR: Error code: 402 - {'error': {'message': 'Insufficient credits. Add more using https://openrouter.ai/settings/credits', 'code': 402}}",False,0.00816,0.0
190,treemap,What is the percentage difference between Road and Air trans,25%,"From the chart:

- **Road = 40%**
- **Air = 15%**

**Percentage difference = 40%",True,"Road is **40%** and Air is **15%**.

The percentage difference is:

**40% - 15% = 25%**

So, the difference between Road and Air transportation modes is **25 percentage points**.",True,"Road is 40% and Air is 15%, so the difference is **25 percentage points**.",True,0.008315,0.0307425
191,treemap,What percentage of the workforce is distributed between Sale,35%,"From the treemap, the department sizes appear to be:

- Sales: 20%
- Marketing: ",False,"Sales is **20%** and Marketing is **15%**.

Combined: **20% + 15% = 35%**

**Answer: 35%**",True,"Sales is 20% and Marketing is 15%, so combined they make up **35%** of the workforce.",True,0.00798,0.0302125
192,treemap,What is the market share percentage of Rail transportation?,25%,Rail transportation has a market share of **20%**.,False,Rail transportation has a market share of **25%**.,True,25%,True,0.007625,0.0298725
193,treemap,What is the value for the Conversion stage in the Consumer J,1000,"The image provided shows **allocation of expenditure across legal branches**, no",False,The **Law Enforcement** branch has the same expenditure allocation as the **Legislative** branch — both are **25**.,True,Law Enforcement.,True,0.002646,0.007957
194,treemap,How many individuals reached the Consideration stage?,4000,"The image shows a **funding distribution treemap for nonprofit sectors**, not a ",False,"Health receives 25 million dollars, while Animal Welfare receives 3 million dollars.

So, Health receives 22 million dollars more than Animal Welfare.",True,Health receives 22 percentage points more than Animal Welfare.,True,0.0078725,0.0299625
195,treemap,What is the combined market sales percentage for Tea and Cof,15%,"From the treemap:

- **Tea and Coffee** = **12%**
- **Organic Foods** = **6%**

",False,"Tea and Coffee is **10%** and Organic Foods is **5%**.

Combined market sales percentage:
**10% + 5% = 15%**.",True,"Tea and Coffee is 10% and Organic Foods is 5%, so the combined percentage is **15%**.",True,0.00799,0.030245
196,treemap,What is the value at the Inquiries stage?,1000,"There is no **“Inquiries”** stage shown in the chart.

The chart displays these ",False,Environmental Science has the least research funding allocation at **3%**.,True,Environmental Science.,True,0.0076575,0.02989
197,treemap,How much higher is the percentage of fuel usage in Road Tran,15%,"From the chart:

- **Road Transport:** 40%
- **Maritime Shipping:** 25%

So, the",True,"Road Transport uses **15 percentage points** more fuel than Maritime Shipping.

- **Road Transport:** 40%
- **Maritime Shipping:** 25%
- **Difference:** **40% - 25% = 15%**",True,Road Transport is **15 percentage points** higher than Maritime Shipping.,True,0.008155,0.030005
198,treemap,What is the percentage difference between Fashion and Books ,6%,"From the chart:

- **Fashion** = 8
- **Books & Media** = 2

Difference = **8 - 2",True,"From the chart:

- **Fashion** = **8%**
- **Books & Media** = **2%**

**Percentage difference = 8% - 2% = 6 percentage points.**

If you mean how much higher Fashion is relative to Books & Media:

\[
\frac{8 - 2}{2} \times 100 = 300\%
\]

So:
- **Difference in share:** **6 percentage points**
- **Fashion is 300% higher than Books & Media**",True,"Fashion is **8%** and Books & Media is **2%**, so the difference is **6 percentage points**.",True,0.0090175,0.0301775
199,treemap,How many people are at the Consideration stage?,10000,"The image shows **department workforce distribution**, not funnel stages like **",False,"According to the chart, **Sales and Marketing accounts for 20% of the workforce**.",True,20%,True,0.007715,0.0297675
2,treemap,What percentage of Global Internet Usage is dedicated to Cyb,10%,Cybersecurity accounts for **10%** of global internet usage in the chart.,True,Cybersecurity accounts for **10%** of global internet usage in the chart.,True,"ERROR: Error code: 402 - {'error': {'message': 'Insufficient credits. Add more using https://openrouter.ai/settings/credits', 'code': 402}}",False,0.0076775,0.0
202,treemap,What percentage of research funding is allocated to Psycholo,6%,Psychology is allocated **6%** of the research funding.,True,Psychology is allocated **6%** of the research funding.,True,6%,True,0.0076475,0.0299025
203,treemap,What percentage of the total Healthcare Expenditure is alloc,10%,"From the treemap, **Mental Health Services** accounts for **10%** of the total h",True,Mental Health Services is allocated **10%** of the total healthcare expenditure.,True,10%,True,0.00767,0.029835
204,treemap,Which product category has the smallest market share accordi,Frozen Foods,"According to the treemap, **Frozen Foods** has the smallest market share.",True,"The product category with the smallest market share is **Frozen Foods**, at **3%**.",True,Frozen Foods.,True,0.007745,0.029925
205,treemap,Which legal branch has the same expenditure allocation as th,Law Enforcement,The branch with the same expenditure allocation as the **Legislative** branch is,True,The **Law Enforcement** branch has the same expenditure allocation as the **Legislative** branch — both are **25**.,True,Law Enforcement.,True,0.002646,0.007957
206,treemap,Which legal branch has the same expenditure allocation as th,Law Enforcement,"From the chart, the **Legislative** branch has the same expenditure allocation a",True,The **Law Enforcement** branch has the same expenditure allocation as the **Legislative** branch — both are **25%**.,True,Law Enforcement.,True,0.002661,0.007957
207,treemap,How much more percentage does Painting have compared to Film,18%,"From the chart:

- **Painting** attendance = **35**
- **Film** attendance = **12",False,"Painting attendance is **25%**, and Film attendance is **7%**.

Difference:
**25% - 7% = 18%**

So, **Painting has 18 percentage points more attendance than Film**.",True,18 percentage points.,True,0.0081175,0.0298625
208,treemap,What is the combined market share percentage of Confectioner,28%,"From the chart:

- **Confectionery** = **10%**
- **Bakery Products** = **10%**

",False,"Confectionery is 15% and Bakery Products is 13%.

Combined market share = **28%**.",True,"Confectionery is 15% and Bakery Products is 13%, so combined they are **28%**.",True,0.00781,0.03023
209,treemap,What is the value associated with the Quality Control stage?,40,"The chart does not show a **Quality Control** stage, so there is **no value asso",False,"Early Childhood is **10%** and Special Education is **5%**.

So, combined allocation = **15%**.",True,15%,True,0.0078325,0.0298325
21,treemap,What is the total percentage of research funding allocated t,47%,"From the treemap:

- **Biology** = 18%
- **Physics** = 15%
- **Chemistry** = 12%",True,"Biology, Physics, and Chemistry receive:

- Biology: 18%
- Physics: 15%
- Chemistry: 14%

Total = 18% + 15% + 14% = 47%

Answer: 47%",True,Biology 18% + Physics 15% + Chemistry 14% = **47%**,True,0.0081875,0.0301125
210,treemap,What is the value at the Research stage in the Legal Process,60.0,The image provided shows **“Proportional Investments in Sustainability Initiativ,False,The percentage of proportional investments in **Water Conservation** is **10%**.,True,10%,True,0.00768,0.02983
211,treemap,What is the percentage for Food Services in the revenue dist,25%,Food Services accounts for **25%** of the revenue distribution.,True,Food Services accounts for **25%** of the revenue distribution.,True,25%,True,0.0076525,0.0299075
212,treemap,What percentage of government spending is allocated to Socia,25%,"Social Security is **15%** and Infrastructure is **10%**.

Combined: **15% + 10%",True,"Social Security is **15%** and Infrastructure is **10%**.

Combined: **15% + 10% = 25%**

**Answer: 25%**",True,"ERROR: Error code: 402 - {'error': {'message': 'Insufficient credits. Add more using https://openrouter.ai/settings/credits', 'code': 402}}",False,0.002781,0.0
216,treemap,What percentage of healthcare expenditure is allocated to Me,10%,"Mental Health Services is **5%** and Long-Term Care is **5%**.

Combined, they a",True,"Mental Health Services is **5%** and Long-Term Care is **5%**.

Combined, they account for **10%** of healthcare expenditure.",True,Mental Health Services (5%) + Long-Term Care (5%) = **10%**.,True,0.0079275,0.030145
217,treemap,How many have signed up according to the data?,2000,The image is a treemap titled **“Allocation of Research Funding Across Science a,False,Environmental Science is allocated **7%** of the research funding.,True,Environmental Science is allocated **7%**.,True,0.0076125,0.0305
218,treemap,How much higher is the percentage contribution of Solar ener,19%,"From the chart:

- **Solar = 20%**
- **Geothermal = 5%**

So, **Solar is 15 perc",True,"Solar contributes **22%**, while Geothermal contributes **3%**.

So, Solar is **19 percentage points higher** than Geothermal.",True,Solar is 19 percentage points higher than Geothermal.,True,0.00788,0.02997
219,treemap,How many average hospital visits per person are there in the,3.5,"The image provided is a treemap about **financial sectors**, not hospital visits",False,"Banking is **25%** and Insurance is **20%**.

Combined, they make up **45%** of the portfolio.",True,45%,True,0.007845,0.0297625
22,treemap,What percentage of the budget is allocated for Energy?,3%,Energy is allocated **5%** of the budget.,False,The budget allocated for **Energy** is **3%**.,True,3%,True,0.00761,0.0297525
220,treemap,How many houses were sold in the price range of 500-600 thou,40,The image provided is a treemap about **Human Resources Management focus areas**,False,Compensation and Benefits is **14%** of the HR management focus.,True,14%,True,0.0076875,0.0299125
221,treemap,What is the freight volume difference between rail and pipel,650.1 million tons,The image shown appears to be about **employee engagement scores by department**,False,"Marketing is **15%** and Human Resources is **10%**.

So, the combined percentage is **25%**.",True,25%,True,0.00783,0.02983
222,treemap,What is the difference in value between the Interest and Con,1500,"The chart shown is about **research funding fields**, not stages like **Interest",False,Political Science is allocated **10%** of the research funding.,True,10%,True,0.007615,0.0303975
223,treemap,In which month did the number of retailers hit the lowest fi,"The dataset does not provide information regarding the number of retailers for each month, only the sales figures","The provided image is a **utility usage breakdown by energy source**, not monthl",False,"The least used energy source is **Hydroelectric**, at **5%**.",True,Hydroelectric.,True,0.0076925,0.0298575
224,treemap,How many fewer individuals are at the Treatment Plan stage c,15520,"The chart shown is about legal issues handled in 2023, not about stages like Dia",False,Real Estate Litigation represents **10%** of the legal issues handled in 2023.,True,10%,True,0.0076875,0.030395
225,treemap,What percentage of the revenue is contributed by Food Servic,25%,Food Services contributes **25%** of the revenue in the tourism and hospitality ,True,Food Services contributes **25%** of the revenue in the tourism and hospitality industry.,True,"ERROR: Error code: 402 - {'error': {'message': 'Insufficient credits. Add more using https://openrouter.ai/settings/credits', 'code': 402}}",False,0.007705,0.0
23,treemap,What percentage is allotted to Law Enforcement?,25%,Law Enforcement is allotted **25%**.,True,Law Enforcement is allotted **25%**.,True,25%,True,0.007575,0.0298675
230,treemap,What is the combined percentage of investment in Artificial ,33%,"Artificial Intelligence is **17%** and Biotechnology is **16%**.

Combined inves",True,"Artificial Intelligence is **17%** and Biotechnology is **16%**.

Combined percentage: **33%**.",True,"Artificial Intelligence is 17% and Biotechnology is 16%, so combined they are **33%**.",True,0.007805,0.030195
231,treemap,Which country has the highest CO2 emissions according to the,China,The image does not show CO2 emissions data. It shows **market share distribution,False,"Beverages has a market share of 25%, and Dairy Products has 10%.

So, the difference is 15 percentage points.",True,Beverages is 15 percentage points higher than Dairy Products.,True,0.007885,0.03008
232,treemap,How many individuals have 9-11 years of education?,3500,"The image shows department workforce distribution, not education levels, so the ",False,"Administration is **15%** and IT Support is **10%**.

So, Administration exceeds IT Support by **5 percentage points**.",True,"Administration is 15% and IT Support is 10%, so Administration exceeds IT Support by **5 percentage points**.",True,0.00802,0.0307925
234,treemap,What is the combined market share percentage of Renewable an,22%,"Renewable is 20% and Hydropower is 5%, so their combined market share is 25%.",True,"Renewable is **20%** and Hydropower is **2%**.

**Combined market share = 22%**.",True,"Renewable is 20% and Hydropower is 2%, so combined they are **22%**.",True,0.0078525,0.0301525
235,treemap,What is the combined percentage of Clothing and Home & Garde,35%,"From the treemap, **Clothing = 25%** and **Home & Garden = 10%**.

**Combined pe",True,"Clothing is **20%** and Home & Garden is **15%**.

**Combined percentage = 35%**.",True,35%,True,0.0078425,0.02988
236,treemap,How much higher is the percentage of research funds for Comp,5%,"Computer Science has **17%** and Chemical Engineering has **12%**.

So, the perc",True,"Computer Science has **17%** and Chemical Engineering has **12%**.

So, the percentage for Computer Science is **5 percentage points higher** than Chemical Engineering.",True,Computer Science is **5 percentage points** higher than Chemical Engineering.,True,0.00798,0.030085
237,treemap,What is the combined percentage of energy usage for Nuclear ,36%,"Nuclear is 19% and Renewables is 17%, so combined they account for 36%.",True,"Nuclear is **19%** and Renewables is **17%**.

Combined: **19% + 17% = 36%**.",True,"Nuclear is 19% and Renewables is 17%, so combined they are **36%**.",True,0.00793,0.0301925
238,treemap,What is the value of Shipments during the Project Planning s,666,The image does not show “Shipments” or “Project Planning.” It’s a treemap about ,False,"The field with the smallest percentage of practicing lawyers is **Environmental Law**, at **3%**.",True,Environmental Law (3%).,True,0.0077275,0.02981
239,treemap,What percentage more is the market share of Snacks compared ,17%,"From the treemap:

- **Snacks** = 20%
- **Bakery Goods** = 10%

Difference = **2",False,"Snacks has **25%** market share and Bakery Goods has **8%**.

The difference is:

**25% - 8% = 17%**

So, **Snacks has 17 percentage points more market share than Bakery Goods**.

If you mean **percent more relative to Bakery Goods**, then:

\[
\frac{25 - 8}{8} \times 100 = 212.5\%
\]

So, **Snacks has 212.5% more market share than Bakery Goods**.",True,Snacks is **212.5% more** than Bakery Goods.,False,0.0090975,0.0300925
24,treemap,What is the combined percentage for Pharmaceuticals and Food,33%,"Pharmaceuticals is 12% and Food Products is 15%, so their combined percentage is",False,"Pharmaceuticals is **17%** and Food Products is **16%**.

Combined percentage: **33%**.",True,33%,True,0.0078175,0.0298325
240,treemap,Which crop type has the lowest percentage distribution in gl,Sugar Crops,"The crop type with the lowest percentage distribution is **Sugar Crops**, at **2",True,"The crop type with the lowest percentage distribution is **Sugar Crops**, at **2%**.",True,"ERROR: Error code: 402 - {'error': {'message': 'Insufficient credits. Add more using https://openrouter.ai/settings/credits', 'code': 402}}",False,0.0077525,0.0
244,treemap,What percentage of E-commerce Sales is made up by Toys & Gam,5%,"From the treemap, **Toys & Games** accounts for **8%** of total e-commerce sales",False,Toys & Games makes up **5%** of e-commerce sales.,True,5%,True,0.0076675,0.0298325
245,treemap,"What is the total percentage represented by Modernism, Surre",31%,"From the treemap, the percentages are:

- **Modernism** = 15%
- **Surrealism** =",True,"From the chart:

- **Modernism** = 16%
- **Surrealism** = 8%
- **Pop Art** = 7%

Total = **16 + 8 + 7 = 31%**

**Answer: 31%**",True,Modernism 16% + Surrealism 8% + Pop Art 7% = **31%**,True,0.0082225,0.0299975
246,treemap,What percentage of research funding is allocated to Linguist,12%,Linguistics is allocated **12%** of the research funding.,True,Linguistics is allocated **12%** of the research funding.,True,12%,True,0.007665,0.029905
247,treemap,What is the percentage difference in research funding betwee,3%,"Biology is **18%** and Physics is **15%**.

The difference is **3 percentage poi",True,"Biology has **18%** and Physics has **15%**.

The difference is:

**18% - 15% = 3 percentage points**

So, the percentage difference in research funding between Biology and Physics is **3 percentage points**.",True,"Biology is 18% and Physics is 15%, so the difference is **3 percentage points**.",True,0.008205,0.03013
248,treemap,How much more is the usage share percentage of YouTube compa,18%,"From the chart:

- **YouTube:** 18%
- **Twitter:** 4%

So, **YouTube’s usage sha",True,"From the chart:

- **YouTube:** 20%
- **Twitter:** 2%

So, **YouTube's usage share is 18 percentage points higher than Twitter's**.",True,YouTube is 18 percentage points higher than Twitter.,True,0.0079975,0.03054
25,treemap,How many more subscribers are there at the Interest stage th,14000 subscribers,"The difference is **150 subscribers**.

If the funnel values are:
- **Interest:*",False,"The category with the smallest market share is **Others**, at **2%**.",True,Others has the smallest market share (2%).,True,0.0078125,0.0304125
250,treemap,What transportation type has the smallest share of logistics,Pipeline and Intermodal,"The smallest share is a tie between **Pipeline** and **Intermodal**, each at **5",False,"The smallest share of logistics volume is **5%**, shared by **Pipeline** and **Intermodal**.",False,Pipeline and Intermodal.,True,0.007765,0.02987
251,treemap,How many more people are at the Interest stage compared to t,70000,"The image shown is an energy utilization treemap, not a funnel chart with stages",False,"Nuclear is **20%** and Renewables is **12%**.

Combined: **20% + 12% = 32%**

So, **Nuclear and Renewables together cover 32%** of the energy utilization breakdown.",True,"Nuclear is 20% and Renewables is 12%, so combined they cover **32%**.",True,0.0081975,0.0301375
252,treemap,Which sector has the smallest percentage of revenue distribu,Live Theatre,The sector with the smallest percentage of revenue distribution is **Live Theatr,True,"The sector with the smallest percentage of revenue distribution is **Live Theatre**, at **5%**.",True,Live Theatre (5%).,True,0.0077325,0.0298675
253,treemap,What is the combined percentage of expenditure on Physician ,48%,"From the chart:

- Physician Services = 25%
- Prescription Drugs = 20%
- Mental ",True,"From the chart:

- Physician Services = 25%
- Prescription Drugs = 20%
- Mental Health Services = 3%

Combined percentage = 25% + 20% + 3% = 48%

So, the combined expenditure is 48%.",True,"Physician Services = 25%, Prescription Drugs = 20%, Mental Health Services = 3% → combined **48%**.",True,0.00811,0.02966
254,treemap,What are the combined percentages for Social Media and Onlin,40%,"According to the chart:

- **Social Media** = **25%**
- **Online Shopping** = **",True,"Social Media is 25% and Online Shopping is 15%, so combined they are 40%.",True,"Social Media is 25% and Online Shopping is 15%, so combined they are **40%**.",True,0.0077525,0.0301425
255,treemap,How much percentage does Nursing Home Care represent in the ,6%,Nursing Home Care represents **6%** of the healthcare expenditures.,True,Nursing Home Care represents **6%** of healthcare expenditures.,True,"ERROR: Error code: 402 - {'error': {'message': 'Insufficient credits. Add more using https://openrouter.ai/settings/credits', 'code': 402}}",False,0.0076175,0.0
26,treemap,What percentage of online usage is taken up by E-Learning?,3%,E-Learning takes up **10%** of online usage.,False,E-Learning takes up **3%** of online usage.,True,3%,True,0.0024635,0.02988
260,treemap,What is the combined percentage allocation for Defense and H,39%,"Defense is **21%** and Healthcare is **18%**.

Combined allocation: **39%**.",True,"Defense is 21% and Healthcare is 18%.

Combined allocation: **39%**.",True,39%,True,0.007705,0.0297575
261,treemap,How much greater is the percentage for Hotels compared to Ev,30%,"Hotels account for **35%** and Event Planning accounts for **5%**.

So, the perc",True,"Hotels account for **35%** and Event Planning accounts for **5%**.

So, the percentage for Hotels is **30 percentage points greater** than Event Planning.",True,Hotels are 30 percentage points greater than Event Planning (35% vs 5%).,True,0.00798,0.030145
262,treemap,How much higher is the market share of Single-Family Homes c,20%,"From the chart:

- **Single-Family Home:** 35%
- **Townhouse:** 15%

**Differenc",True,"From the chart:

- **Single-Family Home** = **35%**
- **Townhouse** = **15%**

Difference: **35% - 15% = 20 percentage points**

So, **Single-Family Homes have a market share 20 percentage points higher than Townhouses**.",True,20 percentage points.,True,0.00838,0.02987
263,treemap,What is the percentage of revenue for Home and Garden catego,15%,The **Home and Garden** category accounts for **12%** of the revenue.,False,The **Home and Garden** category accounts for **15%** of the revenue.,True,15%,True,0.007675,0.0303975
264,treemap,What is the combined market share percentage of Private Equi,15%,"From the treemap:

- **Private Equity** = 10%
- **Real Estate** = 7%
- **Venture",False,Private Equity (7%) + Real Estate (5%) + Venture Capital (3%) = **15%**.,True,Private Equity (7) + Real Estate (5) + Venture Capital (3) = **15%**.,True,0.0077975,0.0301575
265,treemap,What transportation type has the smallest share of logistics,Pipeline and Intermodal,"The smallest share is tied between **Pipeline** and **Intermodal**, at **5% each",False,"The smallest share of logistics volume is **5%**, shared by **Intermodal** and **Pipeline**.",False,Pipeline and Intermodal.,True,0.002581,0.007982
266,treemap,What percentage of the government budget is allocated to Sci,3%,Science and Technology is allocated **5%** of the government budget.,False,Science and Technology is allocated **3%** of the government budget.,True,3%,True,0.0076325,0.02976
267,treemap,"What is the total percentage for Apartments, Townhouses, and",40%,"The total is **45%**.

- Apartments: **25%**
- Townhouses: **12%**
- Multi-famil",False,Apartments (25%) + Townhouses (10%) + Multi-family Units (5%) = **40%**.,True,40%,True,0.00781,0.02984
268,treemap,What percentage of the utility usage is covered by Nuclear e,20%,"From the treemap, the values appear to be:

- Coal: 30
- Natural Gas: 35
- Nucle",True,Nuclear energy covers **20%** of the utility usage.,True,20%,True,0.0076325,0.0298275
269,treemap,What is the combined percentage of the workforce in the Engi,25%,"From the chart:

- Engineering = 10%
- IT = 10%
- Finance = 6%

Combined percent",True,"Engineering is **10%**, IT is **10%**, and Finance is **5%**.

So, the combined percentage is:

**10% + 10% + 5% = 25%**

**Answer: 25%**",True,"ERROR: Error code: 402 - {'error': {'message': 'Insufficient credits. Add more using https://openrouter.ai/settings/credits', 'code': 402}}",False,0.0083225,0.0
273,treemap,How much higher is the funding percentage for Anthropology c,12%,"Anthropology has **18%** funding, while Political Science has **8%**.

So, Anthr",False,"Anthropology is funded at 18% and Political Science at 6%, so the difference is 12 percentage points.",True,Anthropology is **12 percentage points** higher than Political Science.,True,0.0078175,0.0300125
274,treemap,What stage has a value of 800?,Production Planning,The stage with a value of **800** is **Judicial**.,False,The **Law Enforcement** branch has the same expenditure allocation as the **Legislative** branch — both are **25 million dollars**.,True,Law Enforcement.,True,0.002676,0.007957
275,treemap,What is the combined percentage of Beverage Manufacturers an,20%,"Beverage Manufacturers is 10% and Confectionery is 10%, so combined they make up",True,"Beverage Manufacturers is 10% and Confectionery is 10%, so their combined market revenue share is **20%**.",True,20%,True,0.0078425,0.0296925
276,treemap,What percentage of resources is allocated to Legal Services?,15%,Legal Services is allocated **20%** of the resources.,False,Legal Services is allocated **15%** of the resources.,True,15%,True,0.0076125,0.0298225
277,treemap,How much greater is the Internet usage share for Streaming S,12%,"From the treemap, **Streaming Services = 20%** and **Internet of Things = 5%**.
",False,"Streaming Services has a 15% share, while Internet of Things has 3%.

So the difference is 12 percentage points.",True,12 percentage points.,True,0.00784,0.02987
278,treemap,What is the percentage difference between Social Networking ,30%,"From the treemap, **Social Networking = 30%** and **Blogging Platforms = 8%**.

",True,"From the chart:

- **Social Networking = 35%**
- **Blogging Platforms = 5%**

**Percentage difference = 35% - 5% = 30%**

So, the percentage difference is **30%**.",True,"Social Networking is 35% and Blogging Platforms is 5%, so the difference is **30%**.",True,0.0082075,0.0080315
28,treemap,How much larger is the percentage of Social Media compared t,21%,"From the chart:

- **Social Media** = **25%**
- **Cloud Services** = **7%**

Dif",False,"From the chart:

- **Social Media** = **25%**
- **Cloud Services** = **4%**

Difference:

**25% - 4% = 21 percentage points**

So, **Social Media is 21 percentage points larger than Cloud Services**.",True,Social Media is **21 percentage points** larger than Cloud Services.,True,0.00828,0.03001
280,treemap,Which crime category has the highest number of cases?,Assault,The image is not about crime; it shows **healthcare expenditure by services in 2,False,Dental Services account for **10%** of healthcare expenditure.,True,10%,True,0.0076275,0.029875
281,treemap,What is the total percentage of Film and Video Gaming in the,36%,"From the treemap, **Film = 30%** and **Video Gaming = 10%**.

So, the total perc",False,"Film is **30%** and Video Gaming is **6%**.

So, the total percentage is **36%**.",True,36%,True,0.0078725,0.0299325
283,treemap,What is the value at the Implementation stage?,80,"There is no **“Implementation”** stage shown in this chart.

The chart displays ",False,"Painting is **25%** and Literature is **10%**.

So, the public engagement percentage for painting is **15 percentage points more** than literature.",True,15 percentage points.,True,0.0079225,0.0298625
284,treemap,What is the combined government funding percentage for Prima,45%,"Primary Education is **25%** and Secondary Education is **20%**.

Combined gover",True,"Primary Education is **25%** and Secondary Education is **20%**.

**Combined government funding = 45%**.",True,"ERROR: Error code: 402 - {'error': {'message': 'Prompt tokens limit exceeded: 5981 > 3144. To increase, visit https://openrouter.ai/settings/credits and add more credits', 'code': 402, 'metadata': {'provider_name': None}}, 'user_id': 'user_2xmp6VJFKRi9uUscZmDo8S2llow'}",False,0.0078525,0.0
285,treemap,Which crop type has the highest yield according to the given,Sugarcane,"The image shows a **government budget distribution treemap**, not crop yield dat",False,Social Security is allocated **10%** of the budget.,True,"ERROR: Error code: 402 - {'error': {'message': 'Insufficient credits. Add more using https://openrouter.ai/settings/credits', 'code': 402}}",False,0.007735,0.0
29,treemap,Which discipline has the highest percentage of research fund,Engineering,Engineering has the highest percentage of research funding at **20%**.,True,Engineering has the highest percentage of research funding at **20%**.,True,Engineering (20%).,True,0.0076725,0.0299425
292,treemap,What is the value for the Research stage in the customer jou,800,The image shown is a treemap of **manufacturing output by production component i,False,"Automotive production is **18 percentage points higher** than Chemicals in 2023.

- **Automotive:** 25%
- **Chemicals:** 7%
- **Difference:** **25% - 7% = 18%**",True,Automotive is **18 percentage points** higher than Chemicals in 2023.,True,0.008205,0.03013
293,treemap,Which subject area has the lowest percentage of research fun,Arts,The subject area with the lowest percentage of research funding allocation is **,True,The **Arts** subject area has the lowest research funding allocation at **5%**.,True,Arts (5%).,True,0.00772,0.0299075
294,treemap,By what percentage do Health Services exceed Arts and Cultur,15%,"Health Services has a fundraising efficiency of **25%**, while Arts and Culture ",True,"From the chart:

- **Health Services** = **25**
- **Arts and Culture** = **10**

Percentage by which Health Services exceeds Arts and Culture:

\[
\frac{25 - 10}{10} \times 100 = 150\%
\]

**Answer: 150%**",True,Health Services is **150%** higher than Arts and Culture in fundraising efficiency.,True,0.0083875,0.0300425
295,treemap,What is the average GPA of Graduate Students?,3.7,"The image shows a **tourist visits distribution by region**, not student GPA dat",False,"Oceania has the smallest percentage of global tourist visits, at 2%.",True,Oceania.,True,0.007675,0.029855
296,treemap,What is the market share percentage of the Retail sector?,8,The Retail sector's market share is 10%.,False,The Retail sector's market share is **8%**.,True,8%,True,0.007615,0.029825
298,treemap,What is the combined percentage for the Environmental and Im,5%,The combined percentage for the **Environmental** and **Immigration** Department,True,"The Environmental Department is **2%** and the Immigration Department is **3%**.

**Combined percentage = 2% + 3% = 5%**.",True,"Environmental is 2% and Immigration is 3%, so combined they are **5%**.",True,0.0079625,0.0300975
299,treemap,What is the combined percentage of Multi-Family Buildings an,12%,"Multi-Family Buildings are 10% and Luxury Residences are 2%.

Combined percentag",True,"From the chart:

- **Multi-Family Buildings** = **10%**
- **Luxury Residences** = **2%**

**Combined percentage = 12%**.",True,"Multi-Family Buildings is 10% and Luxury Residences is 2%, so the combined percentage is **12%**.",True,0.0080075,0.030255
30,treemap,What percentage of focus does Public Interest Law have withi,13%,"From the treemap, **Public Interest Law** appears to account for **12%** of **Le",True,Public Interest Law has a focus of **13%** within Legal Affairs.,True,13%,True,0.0076475,0.02976
35,treemap,What is the value difference between the Screening and Selec,400,The chart shown is about **educational spending categories** and does **not incl,False,"Early Childhood Education is **15%** and Continuing Education is **10%**.

Combined: **15% + 10% = 25%**.",True,"Early Childhood Education is 15% and Continuing Education is 10%, so combined they are **25%**.",True,0.007925,0.03015
36,treemap,What is the value difference between a Master's degree and a,20,The value difference between a **Master’s degree** and a **Doctorate degree** is,False,"Fruits are 20% and Vegetables are 20%, so combined they make 40%.",True,40%,True,0.00774,0.02983
37,treemap,How much more is the internet usage percentage of Social Med,15%,"From the chart:

- **Social Media** = **20%**
- **Online Education** = **10%**

",False,"Social Media is **15 percentage points** higher than Online Education.

- **Social Media:** 25%
- **Online Education:** 10%

**Difference:** 25% - 10% = **15%**",True,Social Media is **15 percentage points** higher than Online Education.,True,0.0081075,0.0300025
38,treemap,How much larger is the Banking sector's market share compare,15%,"Banking has 30% market share and Real Estate has 15%.

So, Banking is larger by ",True,"The Banking sector's market share is **15 percentage points larger** than Real Estate's in 2023.

- **Banking:** 30%
- **Real Estate:** 15%
- **Difference:** **30% - 15% = 15%**",True,Banking is 15 percentage points larger than Real Estate in 2023.,True,0.00828,0.0301075
39,treemap,What is the percentage allocated to Educational Technology?,4%,Educational Technology is allocated **4%**.,True,Educational Technology is allocated **4%**.,True,4%,True,0.007585,0.0299
4,treemap,What percentage of Internet usage is taken up by Online Shop,15%,Online Shopping takes up **15%** of Internet usage.,True,Online Shopping takes up **15%** of internet usage.,True,15%,True,0.0076,0.0303975
40,treemap,What is the percentage of e-commerce sales for Health & Beau,10%,The percentage for **Health & Beauty** is **12%**.,False,The percentage for **Health & Beauty** is **10%**.,True,10%,True,0.0076625,0.02988
41,treemap,What percentage of the population has at least a Bachelor's ,41.4%,"The chart shown is about **active users across major social media platforms**, n",False,"Facebook's active user percentage is **23 percentage points** greater than TikTok's.

- **Facebook:** 30%
- **TikTok:** 7%
- **Difference:** 30% − 7% = **23%**",True,Facebook is 23 percentage points higher than TikTok.,True,0.008165,0.02997
42,treemap,Which category has the smallest percentage of revenue distri,Amusement Parks,"The category with the smallest percentage is **Amusement Parks**, at **5%**.",True,"The category with the smallest percentage is **Amusement Parks**, at **2%**.",True,Amusement Parks (2%).,True,0.00773,0.0299475
43,treemap,What is the combined percentage of funding for Social Scienc,38%,Social Sciences (15%) + Business (15%) + Law (8%) = **38%**.,True,"From the chart:

- Social Sciences = 15%
- Business = 15%
- Law = 8%

Combined funding = 15% + 15% + 8% = 38%.

So, the combined percentage is 38%.",True,38%,True,0.0081975,0.0298375
44,treemap,What percentage of the revenue is attributed to Cultural Att,5%,Cultural Attractions account for **8%** of the total revenue.,False,Cultural Attractions account for **5%** of the revenue.,True,5%,True,0.00759,0.029665
45,treemap,Which category has the smallest percentage in manufacturing ,Machinery,The category with the smallest percentage is **Machinery**.,True,"The category with the smallest percentage is **Machinery**, at **2%**.",True,"ERROR: Error code: 402 - {'error': {'message': 'Insufficient credits. Add more using https://openrouter.ai/settings/credits', 'code': 402}}",False,0.0076875,0.0
49,treemap,How much greater is the value for Research compared to Imple,60,Research is **20 units greater** than Implementation.,False,"Meat and Poultry is 10% and Seafood is 5%, so their combined market share is 15%.",True,15%,True,0.0078175,0.029885
5,treemap,Which legal branch has the same expenditure allocation as th,Law Enforcement,The **Law Enforcement** branch has the same expenditure allocation as the **Legi,True,The **Law Enforcement** branch has the same expenditure allocation as the **Legislative** branch — both are **25**.,True,Law Enforcement.,True,0.002646,0.029845
50,treemap,"How many nonprofits received donations in the range of $50,0",18,"The image is a treemap about **legal affairs categories** and their percentages,",False,"Consumer Protection is **15%** and Intellectual Property Rights is **8%**.

So, the percentage focus on Consumer Protection is **7 percentage points greater** than Intellectual Property Rights.",True,Consumer Protection is **7 percentage points** greater than Intellectual Property Rights.,True,0.0080025,0.029965
51,treemap,What percentage of efficiency is attributed to Molding in th,17%,Molding is attributed **12%** efficiency in the manufacturing processes.,False,Molding is attributed **17%** efficiency.,True,Molding is **17%**.,True,0.007575,0.0304925
52,treemap,What is the market share percentage of Dairy Products?,10%,The market share of **Dairy Products** is **22%**.,False,Dairy Products has a market share of **10%**.,True,"ERROR: Error code: 402 - {'error': {'message': 'Insufficient credits. Add more using https://openrouter.ai/settings/credits', 'code': 402}}",False,0.0076475,0.0
53,treemap,What is the difference in yield between potato and tomato cr,7.8 tons per hectare,The image shown is a treemap of **manufacturing and production phases** and does,False,Research and Development is dedicated **5%** of the manufacturing and production phases.,True,Research and Development is **5%**.,True,0.0076675,0.02987
54,treemap,What is the combined percentage of Vegetables and Fruits in ,45%,"Vegetables are **25%** and Fruits are **20%**.

So, combined:

**25% + 20% = 45%",True,"Vegetables are **25%** and Fruits are **20%**.

Combined percentage: **25% + 20% = 45%**.",True,45%,True,0.007925,0.0298875
55,treemap,What percentage of donations are allocated to Environment an,25%,"Environment and Wildlife is 15% and Arts and Culture is 10%.

Combined, they are",True,"Environment and Wildlife is **15%** and Arts and Culture is **10%**.

Combined: **15% + 10% = 25%**

**Answer: 25%**",True,"Environment and Wildlife is 15% and Arts and Culture is 10%, so combined they are **25%**.",True,0.0080325,0.0301675
56,treemap,What percentage of government spending is allocated to Socia,25%,"From the chart:

- **Social Security:** 15%
- **Infrastructure:** 10%

Combined:",True,"Social Security is **15%** and Infrastructure is **10%**.

Combined: **15% + 10% = 25%**

**Answer: 25%**",True,"Social Security is 15% and Infrastructure is 10%, so combined they are **25%**.",True,0.007965,0.0082235
57,treemap,What is the combined percentage of usage for Online Educatio,13%,"Online Education is 10% and Web Development is 3%, so combined they are **13%**.",True,"Online Education is **10%** and Web Development is **3%**.

**Combined usage = 10% + 3% = 13%**.",True,"Online Education is 10% and Web Development is 3%, so the combined usage is **13%**.",True,0.00795,0.0301975
58,treemap,Which policy area has the highest budget allocation accordin,Defense,"According to the chart, **Investment** has the highest budget/revenue allocation",False,"Insurance has a higher revenue percentage than Real Estate.

- **Insurance:** 15%
- **Real Estate:** 14%

So, **Insurance is higher by 1 percentage point**.",True,Insurance.,True,0.00813,0.03031
59,treemap,How much greater is the percentage of Single-Family Homes co,10%,"From the chart:

- **Single-Family Homes** = **30%**
- **Condominiums** = **15%*",False,"Single-Family Homes are **10 percentage points** greater than Condominiums.

Calculation:
**30% - 20% = 10%**",True,"ERROR: Error code: 402 - {'error': {'message': 'Insufficient credits. Add more using https://openrouter.ai/settings/credits', 'code': 402}}",False,0.007915,0.0
62,treemap,How much higher is the percentage of Apartments sold compare,18%,"From the chart:

- **Apartments** = **25%**
- **Duplexes** = **8%**

So, the per",True,"Apartments account for **25%**, while Duplexes account for **7%**.

So, the percentage of Apartments sold is **18 percentage points higher** than Duplexes.",True,Apartments are **18 percentage points** higher than Duplexes.,True,0.0079825,0.0299975
63,treemap,Which environmental aspect has the smallest allocation of re,Eco-friendly Transport,The environmental aspect with the smallest allocation is **Eco-friendly Transpor,True,"The environmental aspect with the smallest allocation is **Eco-friendly Transport**, with **10%**.",True,Eco-friendly Transport.,True,0.0077275,0.0298625
64,treemap,What percentage of Academic Funds is allocated to Secondary ,25%,Secondary Education is allocated **25%** of the Academic Funds.,True,Secondary Education is allocated **25%** of the academic funds.,True,25%,True,0.00763,0.029825
65,treemap,How many people are in the 'Preparing' stage according to th,10000,The image does not show any stage labeled **“Preparing.”** It displays investmen,False,The investment allocated to the **Real Estate** sector is **15%**.,True,15%,True,0.0076975,0.0299075
66,treemap,What percentage of the efforts is dedicated to Conservation ,25%,Conservation Efforts account for **25%** of the efforts.,True,The percentage dedicated to **Conservation Efforts** is **25%**.,True,25%,True,0.0076775,0.0298275
67,treemap,What percentage of internet activity is represented by remot,10%,Remote work represents **12%** of internet activity.,False,Remote work represents **10%** of internet activity in the chart.,True,10%,True,0.007645,0.029825
68,treemap,How much more is the percentage of Single-Family Homes compa,20%,"Single-Family Homes are **20 percentage points more** than Rental Markets.

- **",True,"Single-Family Homes are **30%**, and Rental Markets are **10%**.

So, the percentage of Single-Family Homes is **20 percentage points more** than Rental Markets.",True,Single-Family Homes is **20 percentage points** higher than Rental Markets.,True,0.0080275,0.0300425
7,treemap,What is the combined percentage of the workforce in Human Re,30%,"Human Resources = 10%  
Finance = 10%  
IT = 10%

Combined percentage = **30%**.",True,"From the chart:

- Human Resources = 10%
- Finance = 10%
- IT = 10%

Combined percentage = 10% + 10% + 10% = 30%

So, the combined percentage is 30%.",True,"Human Resources = 10%, Finance = 10%, IT = 10%, so combined = **30%**.",True,0.0082025,0.0301725
70,treemap,What percentage of Global Agriculture Production is represen,15%,Dairy represents **15%** of global agriculture production.,True,Dairy represents **15%** of global agriculture production.,True,15%,True,0.007615,0.029825
71,treemap,How much larger is the share of Consumer Electronics compare,19%,"From the chart:

- **Consumer Electronics** = **20%**
- **Chemicals** = **8%**

",True,"From the chart:

- Consumer Electronics = 22%
- Chemicals = 3%

Difference: 22% - 3% = 19 percentage points

So, Consumer Electronics is 19 percentage points larger than Chemicals.",True,Consumer Electronics is **19 percentage points** larger than Chemicals (**22% vs 3%**).,True,0.0081075,0.03068
72,treemap,What is the sum of the percentages allocated to Conservation,40%,"Conservation Efforts is 25% and Sustainable Agriculture is 15%.

Their sum is 40",True,"Conservation Efforts is 25% and Sustainable Agriculture is 15%.

Their sum is **40%**.",True,"ERROR: Error code: 402 - {'error': {'message': 'Insufficient credits. Add more using https://openrouter.ai/settings/credits', 'code': 402}}",False,0.0077925,0.0
76,treemap,How much percentage is allocated to Biodiversity Conservatio,10%,Biodiversity Conservation is allocated **10%** of the environmental efforts.,True,Biodiversity Conservation is allocated **10%** of the environmental efforts.,True,Biodiversity Conservation is allocated **10%**.,True,0.0076675,0.0299675
77,treemap,Which category holds the smallest percentage in global agric,Sugar Crops,"The smallest category is **Sugar Crops**, at **2%**.",True,"The smallest category is **Sugar Crops**, at **2%**.",True,Sugar Crops (2%).,True,0.00766,0.029885
78,treemap,How much more is invested in Artificial Intelligence than in,18%,"From the chart:

- **Artificial Intelligence**: 25
- **Quantum Computing**: 10

",False,"Artificial Intelligence has **25%** investment, while Quantum Computing has **7%**.

So, **Artificial Intelligence is invested in 18 percentage points more than Quantum Computing**.",True,Artificial Intelligence has 18 percentage points more investment than Quantum Computing.,True,0.008,0.030075
79,treemap,Which department has a higher percentage of workforce distri,Marketing,"IT Support has a higher workforce distribution than Marketing.

- **IT Support:*",True,"Marketing has a higher workforce distribution than IT Support.

- Marketing: 17%
- IT Support: 10%",True,Marketing has a higher percentage (17%) than IT Support (10%).,True,0.00781,0.030095
8,treemap,What percentage of the total research funding is allocated t,14%,"The funding values shown add up to:

22 + 18 + 15 + 14 + 11 + 10 + 8 + 2 = 100

",True,"From the chart, the funding amounts are:

- Artificial Intelligence: 14
- Biotechnology: 18
- Renewable Energy: 15
- Space Exploration: 22
- Materials Science: 11
- Earth Sciences: 8
- Mechanical Engineering: 2
- Electronics: 10

Total funding = 14 + 18 + 15 + 22 + 11 + 8 + 2 + 10 = 100

Percentage allocated to Artificial Intelligence:

\[
\frac{14}{100} \times 100\% = 14\%
\]

So, Artificial Intelligence receives 14% of the total research funding.",True,14%,True,0.009465,0.02983
80,treemap,What percentage of the initiatives is allocated for Water Co,15%,Water Conservation is allocated **15%** of the initiatives.,True,Water Conservation is allocated **15%** of the initiatives.,True,15%,True,0.0077725,0.030455
81,treemap,What percentage of HR resources is allocated to Employee Rel,9%,Employee Relations is allocated **9%** of HR resources.,True,Employee Relations is allocated **9%** of HR resources.,True,9%,True,0.007635,0.029905
82,treemap,What percentage of government spending is allocated to Scien,3%,Science/Technology is allocated **5%** of government spending.,False,Science/Technology is allocated **3%** of government spending.,True,3%,True,0.007645,0.0298775
84,treemap,How much more is the Banking category's percentage compared ,23%,"Banking is **20 percentage points** higher than Wealth Management.

- **Banking:",False,"Banking is **23 percentage points** more than Wealth Management.

- **Banking:** 25%
- **Wealth Management:** 2%

**Difference:** 25% - 2% = **23%**",True,Banking is **23 percentage points** more than Wealth Management.,True,0.0081175,0.0299975
85,treemap,What is the percentage difference between Social Networking ,30%,"From the chart:

- **Social Networking = 35**
- **Blogging Platforms = 10**

Dif",False,"From the chart:

- **Social Networking** = **35%**
- **Blogging Platforms** = **5%**

**Percentage difference = 35% - 5% = 30%**

So, the percentage difference is **30%**.",True,"Social Networking is 35% and Blogging Platforms is 5%, so the difference is **30%**.",True,0.0030535,0.0302075
86,treemap,What are the combined percentages of Bakery Goods and Bevera,37%,"Bakery Goods is **15%** and Beverages is **22%**.

**Combined percentage = 15% +",True,"Bakery Goods is **15%** and Beverages is **22%**.

Combined: **15% + 22% = 37%**.",True,"Bakery Goods is 15% and Beverages is 22%, so combined they are **37%**.",True,0.00794,0.0302025
87,treemap,How much higher is the market share of Banking compared to C,13%,"From the treemap, **Banking = 25%** and **Consumer Finance = 10%**.

So, the mar",False,"Banking has **22%** market share, while Consumer Finance has **9%**.

So, Banking is **13 percentage points higher** than Consumer Finance.",True,"ERROR: Error code: 402 - {'error': {'message': 'Insufficient credits. Add more using https://openrouter.ai/settings/credits', 'code': 402}}",False,0.0078975,0.0
90,treemap,Which social media platform has the least daily active users,Twotter,The image shown is a treemap of **revenue distribution in the sports and enterta,False,"Video Games account for **10%** and Amusement Parks for **5%**.

Together, they share **15%** of the industry's revenue.",True,Video Games and Amusement Parks together share **15%** of the revenue.,True,0.00792,0.030055
91,treemap,What is the value associated with the Design and Engineering,800,The value for **Design and Engineering** is **5**.,False,"Secondary Education is **10 percentage points** higher than Postgraduate.

- **Secondary Education:** 20%
- **Postgraduate:** 10%

**Difference:** 20% − 10% = **10 percentage points**",True,0 percentage points.,True,0.0081425,0.0299475
92,treemap,How many countries have CO2 emissions higher than 30 metric ,22,The image shown is about **online usage distribution across internet activities ,False,E-Learning takes up **3%** of online usage.,True,3%,True,0.0076475,0.007704
93,treemap,What two categories make up 45% of the Internet usage distri,Social Media and Online Shopping,"The two categories that make up **45%** are:

- **Social Media** — 25%
- **Strea",False,"The two categories are **Social Media (25%)** and **Online Shopping (20%)**, which add up to **45%**.",False,Social Media and Online Shopping.,True,0.0078625,0.0298925
94,treemap,What percentage of cases are managed by Special Jurisdiction,20%,Special Jurisdiction Courts manage **20%** of cases.,True,The chart shows **Special Jurisdiction Courts = 20%** of cases.,True,20%,True,0.0076775,0.0298275
95,treemap,What percentage of the initiatives is dedicated to Pollution,10%,Pollution Control is dedicated **10%** of the initiatives.,True,Pollution Control is **10%** of the initiatives.,True,10%,True,0.0076275,0.029875
97,treemap,What is the combined percentage of the Consumer Goods and Au,45%,"From the treemap, **Consumer Goods = 20%** and **Automotive = 18%**.

So, their ",False,"Consumer Goods is **25%** and Automotive is **20%**.

**Combined percentage = 45%**.",True,45%,True,0.0077825,0.02976
98,treemap,What is the combined percentage of Instagram and WhatsApp us,30%,"Instagram is **15%** and WhatsApp is **15%**.

**Combined usage = 30%**.",True,"Instagram is 15% and WhatsApp is 15%, so combined they are **30%**.",True,30%,True,0.007735,0.0297575
99,treemap,Which sector has the smallest percentage according to the gi,Government Bonds,"The sector with the smallest percentage is **Government Bonds**, at **3%**.",True,"The sector with the smallest percentage is **Government Bonds**, at **3%**.",True,Government Bonds (3%).,True,0.0076925,0.0298725
