chart_id,chart_type,question,expected,response,correct,cost,input_tokens,output_tokens,latency_ms
radar_1,radar,What is the percentage change in taxation from Q1 to Q4?,30%,"From the chart, **Taxation (%)** is:

- **Q1 = 50**
- **Q4 = 65**

Percentage change from Q1 to Q4:

\[
\frac{65 - 50}{50} \times 100 = 30\%
\]

**Answer: 30% increase.**",True,0.003261,2946,72,3406.9433747790754
0,treemap,How much higher is the allocation percentage for Renewable Energy Production than for Biodiversity Preservation?,24%,"Renewable Energy Production is **24 percentage points** higher than Biodiversity Preservation.

- Renewable Energy Production: **30%**
- Biodiversity Preservation: **6%**

**Difference: 30% - 6% = 24%**",True,0.003001,2956,53,6637.467083055526
area_chart_1,area_chart,What percentage of government spending was allocated to infrastructure in 2020?,20%,"In 2020, **20%** of government spending was allocated to **infrastructure**.",True,0.0025585,2953,24,3438.9064577408135
bubble_1,bubble,How much higher is the energy output of nuclear plants compared to natural gas plants?,1300 Megawatts,"From the chart:

- **Nuclear energy output:** **1600 MW**
- **Natural gas energy output:** **900 MW**

So the difference is:

**1600 − 900 = 700 MW**

So, **nuclear plants output 700 MW more energy than natural gas plants**.",False,0.003191,2960,65,3051.461999770254
bubble_264,bubble,Which energy source has the highest revenue?,Oil,"From the chart, **Oil** has the highest revenue at **$600 billion**.",True,0.00771,2952,22,2675.623333081603
area_chart_122,area_chart,How many bakery locations are there in China?,2000,China has **900 bakery locations**.,False,0.0075625,2953,12,8708.729625213891
area_chart_79,area_chart,What was the production trend for Corn from 2018 to 2023?,It increased every year,"Corn production showed a steady upward trend from 2018 to 2023.

- 2018: 300
- 2019: 350
- 2020: 400
- 2021: 420
- 2022: 460
- 2023: 500

Overall, corn production increased by 200 units over the period, with no declines in any year.",False,0.0087075,2955,88,6389.4085409119725
area_chart_259,area_chart,Which sector has the highest revenue according to the data?,IT,"The sector with the **highest revenue** is **Telecom**, with revenue of **$30,000**.",True,0.0077625,2943,27,7388.826332986355
bubble_170,bubble,Which product has the highest profit margin percentage?,Cosmetics,"From the chart, **Cosmetics** has the highest profit margin percentage at **40%**.",True,0.0077425,2953,24,5130.566874984652
bubble_80,bubble,What was the Production Volume in April?,74,"The chart shown does not include monthly data or a “Production Volume” metric, so April’s production volume cannot be determined from this image.",False,0.00786,2952,32,2422.4685416556895
radar_173,radar,What is the data security score for LinkedIn?,80,LinkedIn’s **Data Security score** is **80**.,True,0.00761,2942,17,3146.153667010367
radar_260,radar,Which sector had the least performance in Q2?,Healthcare,"In **Q2**, **Healthcare** had the lowest performance, with a value of **55**.",True,0.00773,2942,25,4350.459042005241
radar_8,radar,What is the Public Safety score in the West region?,75,The **Public Safety** score in the **West** region is **75**.,True,0.0076725,2943,21,3406.559166032821
230,treemap,What is the combined percentage of investment in Artificial Intelligence and Biotechnology?,33%,"Artificial Intelligence is **17%** and Biotechnology is **16%**.

Combined percentage: **33%**.",True,0.007805,2960,27,3408.5409590043128
285,treemap,What percentage of the budget is allocated to Social Security?,10%,Social Security is allocated **10%** of the budget.,True,0.007735,2998,16,1807.7117092907429
169,treemap,What is the combined percentage for Online Gaming and Educational Platforms according to the Global Internet Usage Distribution?,15%,"Online Gaming is **10%** and Educational Platforms is **5%**.

**Combined percentage = 15%**.",True,0.00783,2958,29,6036.51841590181
7,treemap,"What is the combined percentage of the workforce in Human Resources, Finance, and IT departments?",30%,"From the chart:

- Human Resources = 10%
- Finance = 10%
- IT = 10%

Combined percentage = 10% + 10% + 10% = 30%

So, the combined percentage is 30%.",True,0.0082025,2957,54,3474.834917113185
87,treemap,How much higher is the market share of Banking compared to Consumer Finance?,13%,"Banking has **22%** market share, while Consumer Finance has **9%**.

So, Banking is **13 percentage points higher** than Consumer Finance.",True,0.0078975,2937,37,2141.5736661292613
35,treemap,What percentage of spending is allocated to Early Childhood Education and Continuing Education combined?,25%,"Early Childhood Education is **15%** and Continuing Education is **10%**.

Combined: **15% + 10% = 25%**.",True,0.007925,2954,36,4321.428791619837
area_chart_26,area_chart,In which quarter did Profit ($) have the highest value?,Q1,Profit ($) was highest in **Q3**.,False,0.00776,3014,15,2883.5020000115037
area_chart_123,area_chart,Which industry has the lowest Net Profits?,Education,The industry with the lowest **Net Profits** is **Retail**.,False,0.007655,2948,19,4189.9541658349335
area_chart_8,area_chart,How much more electricity was consumed in May compared to January?,5000 kWh,"From the chart, electricity usage was:

- **January:** 22,000 kWh  
- **May:** 30,000 kWh  

So the increase was:

**30,000 − 22,000 = 8,000 kWh**

**Answer: 8,000 kWh more.**",False,0.00841,2956,68,3712.090332992375
bubble_265,bubble,What is the market value of Microsoft?,1550 billion dollars,"Microsoft’s market value in the chart is **$2,000 billion** (about **$2.0 trillion**).",False,0.007815,2952,29,3771.013916004449
bubble_171,bubble,What is the stock for the product category with the highest annual sales?,50 million,"The product category with the highest annual sales is **Electronics** at **$1500 million**, and its **stock is 50 million**.",True,0.007905,2958,34,6979.950708337128
radar_174,radar,What is the Customer Satisfaction score for the French B&B?,82,The **Customer Satisfaction score** for the **French B&B** is **88**.,True,0.00769,2944,22,4462.168457917869
radar_261,radar,What is the popularity of Dubai during the Mild Season?,85,Dubai’s popularity during the **Mild Season** is **95**.,False,0.0076425,2943,19,4457.216582726687
bubble_81,bubble,How much greater is the health spending for Mental Disorders compared to that for Heart Disease?,$800 billion,"From the chart:

- **Mental Disorders health spending** = **$2000 billion**
- **Heart Disease health spending** = **$800 billion**

Difference:

**2000 - 800 = 1200 billion dollars**

So, **Mental Disorders spending is $1,200 billion greater** than Heart Disease spending.",True,0.0084375,2961,69,5687.737667001784
radar_80,radar,How much higher is the fuel efficiency of a plane compared to a cargo van?,285 MPG,"From the chart:

- **Plane fuel efficiency** = **5 MPG**
- **Cargo Van fuel efficiency** = **15 MPG**

So, a plane is **not higher** in fuel efficiency than a cargo van — it is **10 MPG lower**.

If you mean as a comparison ratio:
- **5 / 15 = 1/3**

So the plane has **about 33% of the cargo van’s fuel efficiency**, or the cargo van is **3× more fuel efficient**.",False,0.00896,2948,106,2812.289624940604
area_chart_260,area_chart,"In which month did the Customers reach 30,000 for the first time?",August,"The number of **Customers first reached 30,000 in September**.",False,0.0076725,2955,19,2453.781667165458
area_chart_124,area_chart,Which region has the highest Soybean production?,Asia,"From the chart, **Africa** has the highest **Soybean production**, at about **220,000 tons**.",False,0.0078025,2953,28,3535.8282499946654
area_chart_80,area_chart,By how much did the Revenue ($) increase from Q1 to Q4?,"$50,000","From the chart, Revenue was:

- **Q1:** \$250,000  
- **Q4:** \$550,000  

Increase = **\$550,000 - \$250,000 = \$300,000**

**Answer: \$300,000**
",True,0.008255,2960,57,3523.8276668824255
17,treemap,What percentage of E-commerce Sales Distribution is attributed to Food & Beverage?,10%,Food & Beverage accounts for **10%** of the e-commerce sales distribution.,True,0.0076825,2953,20,4781.00241580978
bubble_172,bubble,Which farm has the highest total yield when combining both fruit and vegetable yields?,Golden Plains Farm,"From the chart:

- Green Valley Farm: 1500 + 2000 = 3500
- Blue Lake Farm: 1600 + 1700 = 3300
- Silver Mountain Farm: 1800 + 2100 = 3900
- Red Hills Farm: 1900 + 2200 = 4100
- Golden Plains Farm: 2000 + 2300 = 4300

Highest total yield: Golden Plains Farm with 4,300 metric tonnes.",True,0.0090175,2959,108,4482.330083381385
bubble_266,bubble,How many total works does Henri Matisse have?,800,"From the chart, **Henri Matisse** has **20,000 total works**.",False,0.0077475,2955,24,2584.6111671999097
170,treemap,What percentage is assigned to Water Conservation in the chart?,15%,Water Conservation is assigned **15%**.,True,0.00757,2950,13,2119.6521250531077
bubble_82,bubble,What is the profit margin of electronic gadgets compared to trucks?,30%,"From the chart:

- **Electronic Gadgets:** **30%** profit margin  
- **Trucks:** **18%** profit margin

So, **electronic gadgets have a 12 percentage point higher profit margin than trucks**.",True,0.00817,2956,52,4124.494208022952
radar_262,radar,What is the score for wind energy in terms of environmental impact?,65,The **environmental impact** score for **wind energy** is **30**.,False,0.0076775,2945,21,4014.031833037734
radar_81,radar,Which court has the highest conviction rate?,International Court,"From the chart, the **Conviction Rate (%)** values are:

- **Federal Court:** 85%
- **State Court:** 80%
- **Local Court:** 75%
- **International Court:** 95%

So, the **International Court** has the highest conviction rate at **95%**.",True,0.00837,2940,68,5019.841417204589
radar_175,radar,Which country has the highest average score across all the variables?,Country D,"From the chart, the scores are:

- **Country A:** 85, 90, 95, 60, 85 → average = **83**
- **Country B:** 90, 75, 80, 70, 65 → average = **76**
- **Country C:** 80, 85, 90, 60, 75 → average = **78**

**Country A** has the highest average score across all variables.",False,0.00886,2944,100,6037.430957891047
25,treemap,Which category has the smallest market share according to the data?,Others,"The category with the smallest market share is **Others**, at **2%**.",True,0.0078125,2999,21,2025.0856671482325
198,treemap,What is the percentage difference between Fashion and Books & Media sales? ,6%,"From the chart:

- **Fashion** = **8%**
- **Books & Media** = **2%**

**Percentage difference = 8% - 2% = 6 percentage points.**

If you mean how much higher Fashion is relative to Books & Media:

\[
\frac{8 - 2}{2} \times 100 = 300\%
\]

So:
- **Difference in share:** **6 percentage points**
- **Fashion is 300% higher than Books & Media**",True,0.0090175,2953,109,6205.983875319362
213,treemap,What percentage of the budget is allocated to Regulatory Agencies within Law and Legal Affairs?,7%,Regulatory Agencies are allocated **7%** of the budget within Law and Legal Affairs.,True,0.0077375,2963,22,3387.5924577005208
267,treemap,"What is the total percentage for Apartments, Townhouses, and Multi-family Units together?",40%,Apartments (25%) + Townhouses (10%) + Multi-family Units (5%) = **40%**.,True,0.00781,2956,28,4605.386333074421
area_chart_261,area_chart,Which region has the highest number of Livestock heads?,Middle East,"The **Middle East** has the highest number of **Livestock heads**, with **10,000**.",True,0.0077775,2955,26,2461.1194590106606
bubble_173,bubble,What is the difference in Market Capitalization between Apple Inc. and Microsoft?,$300 billion,"From the chart:

- **Apple Inc. market capitalization** = **2000 billion dollars**
- **Microsoft market capitalization** = **1700 billion dollars**

**Difference = 2000 - 1700 = 300 billion dollars**

So, **Apple Inc.'s market capitalization is 300 billion dollars higher than Microsoft's.**",True,0.0084625,2959,71,3606.7033750005066
area_chart_125,area_chart,Which category has the highest number of Festival Events?,Football,"From the chart, the highest number of **Festival Events** is in **Comedy**, with **250 events**.",False,0.0077775,2949,27,4777.511875145137
bubble_267,bubble,Which destination has the highest revenue according to the data?,USA,"According to the chart, **France** has the highest revenue, at about **$1,300 billion**.",False,0.0077925,2955,27,2317.9602082818747
area_chart_81,area_chart,Which department has the highest number of employees in Customer Service?,Administration,"From the chart, **Customer Service** has the highest number of employees in the **Sales department**, with **220 employees**.",False,0.00797,3008,30,5032.237667124718
radar_263,radar,What is the difference in Hotel Occupancy Rate between Spring and Autumn?,10%,"From the chart, the **Hotel Occupancy Rate** is:

- **Spring:** 75
- **Autumn:** 65

**Difference = 75 - 65 = 10**

So, the **Hotel Occupancy Rate is 10 percentage points higher in Spring than in Autumn**.",True,0.00834,2946,65,2460.3173746727407
radar_176,radar,What is the average score of Social Sciences across all quarters?,77.5,"The Social Sciences scores across the four quarters are:

- Q1: 85
- Q2: 80
- Q3: 75
- Q4: 70

Average score:

\[
\frac{85 + 80 + 75 + 70}{4} = \frac{310}{4} = 77.5
\]

**Answer: 77.5**",True,0.008665,2944,87,2490.875667426735
bubble_84,bubble,What is the difference in the number of employees between the Clothing and Beauty and Personal Care categories?,1000 employees,"From the chart:

- **Clothing employees:** 4,000  
- **Beauty and Personal Care employees:** 4,500  

**Difference = 4,500 - 4,000 = 500 employees.**",False,0.0081575,2963,50,2583.838166669011
radar_82,radar,Which product has the highest Supply Chain Efficiency percentage?,Organic Food,"From the chart, the highest **Supply Chain Efficiency (%)** is **90%**, which belongs to **Processed Food**.",False,0.00779,2942,29,2116.0767497494817
52,treemap,What is the market share percentage of Dairy Products?,10%,Dairy Products has a market share of **10%**.,True,0.0076475,2957,17,1896.1804998107255
area_chart_262,area_chart,How many attendees were there at art galleries in April?,60,There were **60 attendees** at **art galleries in April**.,True,0.007505,2894,18,2892.2848752699792
area_chart_126,area_chart,Which region had the lowest number of single-family homes sold?,Michigan,"From the chart, the **Midwest** had the **lowest number of single-family homes sold**, with **150 sales**.",False,0.0078275,2951,30,2974.604499991983
area_chart_83,area_chart,Which month had the highest renewable energy usage in the year 2020?,December,"The highest renewable energy usage in 2020 was in **December**, at **95,000 MWh**.",True,0.0078025,2959,27,3418.7015001662076
171,treemap,How much larger is the market share of Single-Family Homes compared to Condominiums?,25%,"From the chart:

- **Single-Family Homes:** 40%
- **Condominiums:** 15%

Difference:

**40% - 15% = 25 percentage points**

So, **Single-Family Homes have a market share 25 percentage points larger than Condominiums**.",True,0.00838,2962,65,5359.162916895002
bubble_174,bubble,What is the market capitalization of Facebook in billion dollars?,800,Facebook’s market capitalization is **$740 billion**.,True,0.0076125,2955,15,4109.810750000179
bubble_268,bubble,What is the efficiency score for the Smartphones sector?,90,The efficiency score for the **Smartphones** sector is **88**.,True,0.00767,2954,19,3271.375915966928
radar_178,radar,By how many percentage points did Technology Adoption increase from Q1 to Q4?,15%,"Technology Adoption increased from **65% in Q1** to **80% in Q4**.

So, the increase was **15 percentage points**.",True,0.007895,2948,35,3223.524999804795
radar_264,radar,Which aspect has the highest value in Location A?,Housing Prices,"In **Location A**, the aspect with the highest value is **Housing Prices**, with a value of **180**.",True,0.007775,2942,28,2025.2636671066284
radar_83,radar,What is the average cost for commercial property?,50,The average cost for commercial property is $50.,True,0.0075625,2941,14,1776.182749774307
172,treemap,Which department has the smallest percentage according to the given data?,Production,"The department with the smallest percentage is **Production**, at **3%**.",True,0.00766,2944,20,1883.811208885163
bubble_85,bubble,How many training hours are provided to each employee in the Sales department?,20,The Sales department provides **25 training hours per employee**.,False,0.007635,2958,16,6036.2127921544015
area_chart_263,area_chart,How many artists are associated with the Visual Arts category?,150,The **Visual Arts** category has **120 artists** associated with it.,False,0.00766,2950,19,2460.2560829371214
area_chart_127,area_chart,How much did the sea freight volume increase from January to December?,220000 kg,"From the chart, **Sea Freight** is:

- **January:** 100,000 kg  
- **December:** 320,000 kg  

So the increase is:

**320,000 − 100,000 = 220,000 kg**

**Answer: 220,000 kg**",True,0.0083525,2957,64,5670.599584002048
area_chart_84,area_chart,How many 5-star resorts are available?,50,There are **50** 5-star resorts available.,True,0.007595,2948,15,3878.234874922782
bubble_177,bubble,How many products does Nestle have?,200,Nestle has **200 products** according to the chart.,True,0.00762,2952,16,2887.4980420805514
radar_179,radar,Which material has the lowest cost per kilogram?,Plastic,"From the chart, **Concrete** has the **lowest cost per kilogram**, at **0.1 USD/kg**.",False,0.0077725,2941,28,2739.200625102967
radar_85,radar,Which product has the highest price?,Whole Foods,"From the chart, the highest **Price ($)** value is **10**, which belongs to **Whole Foods**.",True,0.0077525,2939,27,2449.8595842160285
bubble_269,bubble,Which crop has the highest employment rate?,Sugar Cane,"From the chart, **Corn** has the highest employment rate at **17%**.",False,0.0076975,2947,22,8916.677416767925
radar_265,radar,Which product category showed the highest sales in March?,Fruits & Vegetables,"In **March**, **Fruits & Vegetables** showed the highest sales, with **105** units.",True,0.007745,2942,26,4483.832333236933
173,treemap,What percentage of the renewable energy utilization is accounted for by Geothermal and Nuclear together?,21%,"Geothermal is **11%** and Nuclear is **10%**.

So together:

**11% + 10% = 21%**

**Answer: 21%**",True,0.008025,2964,41,2647.8886250406504
bubble_87,bubble,What was the Production Volume in April?,74,"The chart shown is about **food and beverage products** and displays **Revenue, Market Share, Customer Satisfaction, and Profit Margin** for products like Bread, Milk, Soda, Juice, Snacks, and Water.

It does **not show Production Volume** or any **monthly data such as April**.

So, **the Production Volume in April cannot be determined from this chart**.",False,0.00858,2952,80,7060.601583216339
231,treemap,How much higher is the market share percentage of Beverages than Dairy Products?,15%,"Beverages has a market share of 25%, and Dairy Products has 10%.

So, the difference is 15 percentage points.",True,0.007885,2962,32,3158.6929578334093
287,treemap,What percentage of the total is dedicated to Compensation and Benefits according to the data?,15%,Compensation and Benefits is **15%** of the total.,True,0.0078075,3021,17,3534.7568751312792
88,treemap,Which legal branch has the same expenditure allocation as the Legislative branch?,Law Enforcement,The **Law Enforcement** branch has the same expenditure allocation as the **Legislative** branch — both are **25 million dollars**.,True,0.00786,2952,32,3153.192417230457
area_chart_128,area_chart,Which category has the highest e-commerce sales value?,Electronics,"The category with the highest **e-commerce sales** is **Electronics**, at **$170,000**.",True,0.0077775,2949,27,3145.035249646753
70,treemap,What percentage of Global Agriculture Production is represented by Dairy?,15%,Dairy represents **15%** of global agriculture production.,True,0.007615,2950,16,3166.865583974868
36,treemap,What is the combined percentage of production for Fruits and Vegetables?,40%,"Fruits are 20% and Vegetables are 20%, so combined they make 40%.",True,0.00774,2952,24,5693.692208267748
bubble_27,bubble,How many more months does it take to develop nanotechnology compared to energy storage technologies?,36 months,"From the chart:

- **Nanotechnology development time:** 60 months  
- **Energy Storage development time:** 24 months  

Difference:

**60 - 24 = 36 months**

So, **nanotechnology takes 36 more months** to develop than energy storage technologies.",True,0.0083025,2961,60,2539.2238749191165
area_chart_264,area_chart,Which department experienced the largest increase in employee satisfaction from 2019 to 2023?,HR,"From the chart, employee satisfaction changed from 2019 to 2023 as follows:

- **HR:** 70 → 82 = **+12**
- **Sales:** 65 → 76 = **+11**
- **IT:** 75 → 86 = **+11**
- **Administration:** 60 → 71 = **+11**
- **R&D:** 80 → 91 = **+11**

**Answer: HR** experienced the largest increase in employee satisfaction, with an increase of **12 points**.",True,0.00913,2962,115,5008.200041949749
area_chart_85,area_chart,In which quarter was the Electronics Production the lowest?,Q1,Electronics production was lowest in **Q1**.,True,0.0076175,2957,15,4994.8340421542525
bubble_179,bubble,How many million units of Wine were sold?,500,Wine sold **600 million units**.,False,0.0075625,2953,12,4988.950042054057
174,treemap,Which housing category has the smallest market share according to the data?,Mobile Homes,"The housing category with the smallest market share is **Mobile Homes**, at **2%**.",True,0.007725,2952,23,2168.143707793206
bubble_88,bubble,What is the customer satisfaction score for dairy products?,7,The customer satisfaction score for **dairy products** is **8.2**.,False,0.0077,2954,21,4879.6472498215735
radar_18,radar,What is the difference in public image score between Social Services and Animal Rescue organizations?,5,"From the chart:

- **Social Services public image score:** 75  
- **Animal Rescue public image score:** 80  

**Difference:** **5 points**  
Animal Rescue has a **5-point higher** public image score than Social Services.",True,0.00818,2948,54,4920.507709030062
radar_266,radar,What is the Customer Satisfaction score for the Theater?,75,The **Customer Satisfaction** score for the **Theater** is **75**.,True,0.00767,2942,21,3563.1225421093404
area_chart_129,area_chart,What was the infrastructure spending ($) in 2017?,3500,"The infrastructure spending in **2017** was **$3,400**.",True,0.00769,2956,20,3322.238833643496
area_chart_265,area_chart,What is the Internet Speed for the Social Networking category?,100,The Internet Speed for the **Social Networking** category is **60**.,False,0.00766,2950,19,1958.8642921298742
radar_86,radar,How many thousands of website traffic does the Books category have?,260,The **Books** category has **180 thousand** website traffic.,False,0.007615,2944,17,8020.136833190918
area_chart_86,area_chart,How many more Litigation cases does Law Firm A handle than Law Firm D?,50 cases,"From the chart, Litigation cases are:

- **Law Firm A:** 50
- **Law Firm D:** 35

So, **Law Firm A handles 15 more Litigation cases than Law Firm D.**",True,0.0081175,2959,48,4572.965041268617
bubble_270,bubble,Which platform has the highest user satisfaction score?,Instagram,"From the chart, **Instagram** has the highest user satisfaction score at **90**.",True,0.0077125,2953,22,3442.626291885972
radar_180,radar,Which organization has the highest focus on Disaster Relief?,Red Cross,"The organization with the highest focus on **Disaster Relief** is **Red Cross**, with a score of **90**.",True,0.00779,2942,29,3618.474207818508
radar_267,radar,Which metric showed the most improvement from Q1 to Q4?,Employee Retention,"From the chart:

- **Recruitment:** Q1 = 70, Q4 = 85 → **+15**
- **Employee training:** Q1 = 55, Q4 = 70 → **+15**
- **Work-life balance:** Q1 = 70, Q4 = 85 → **+15**
- **Employee Retention:** Q1 = 80, Q4 = 95 → **+15**
- **Compensation and Benefits:** Q1 = 75, Q4 = 90 → **+15**

**Answer:** All metrics showed the same improvement from Q1 to Q4: **15 points**.",True,0.0094325,2945,138,3507.1898750029504
bubble_89,bubble,Which department has the smallest employee size and what is their turnover rate?,HR; 8%,"The department with the smallest employee size is **HR**, with **80 employees**.

Its **turnover rate is 8%**.",True,0.007875,2958,32,5632.118792273104
bubble_18,bubble,How much does the treatment of Liver Disease cost compared to Stroke?,$1000 less,"From the chart:

- **Liver Disease treatment cost:** **$5,000 thousand** = **$5.0 million**
- **Stroke treatment cost:** **$5,500 thousand** = **$5.5 million**

So, **Liver Disease costs $500 thousand less than Stroke** to treat.",False,0.0084275,2957,69,8148.343124892563
250,treemap,What transportation type has the smallest share of logistics volume?,Pipeline and Intermodal,"The smallest share of logistics volume is **5%**, shared by **Pipeline** and **Intermodal**.",False,0.007765,2950,26,1722.5792077369988
radar_87,radar,Which activity has the highest media coverage per week?,Football,"From the chart, the **Media Coverage (hrs/week)** values are:

- Football: **95**
- Basketball: **85**
- Tennis: **70**
- Cinema: **55**

So, **Football** has the highest media coverage per week, at **95 hours/week**.",True,0.0083,2942,63,5702.259708195925
199,treemap,What percentage of the workforce is involved in Sales and Marketing according to the chart?,20%,"According to the chart, **Sales and Marketing accounts for 20% of the workforce**.",True,0.007715,2948,23,3707.600250374526
214,treemap,What is the combined percentage of the pharmaceuticals and heavy machinery sectors?,33%,"Pharmaceuticals is **18%** and Heavy Machinery is **15%**.

Combined: **18% + 15% = 33%**.",True,0.00792,2952,36,5496.567958034575
175,treemap,How much higher is the percentage of Electronics compared to Beauty Products in E-commerce sales in 2023?,23%,"Electronics is **23 percentage points** higher than Beauty Products.

- **Electronics:** 30%
- **Beauty Products:** 7%
- **Difference:** 30% - 7% = **23%**",True,0.008135,2960,49,7528.829459100962
area_chart_87,area_chart,In what year did Mathematics publications first reach 800?,2019,"From the chart, Mathematics publications first reach **800 in 2019**.",True,0.007695,2958,20,2842.5232921727
area_chart_13,area_chart,What is the total revenue for the given months?,"$2,490,000","The monthly revenues shown are:

- January: $350,000
- February: $420,000
- March: $390,000
- April: $510,000
- May: $540,000

Total revenue:

**$350,000 + $420,000 + $390,000 + $510,000 + $540,000 = $2,210,000**

**Answer: $2,210,000**",False,0.008825,2954,96,5797.296542208642
area_chart_267,area_chart,How many more projects are there in Materials Science for Chemistry than for Engineering?,15,"From the chart, for **Materials Science**:

- **Chemistry** = 35 projects  
- **Engineering** = 25 projects  

So, **35 - 25 = 10**.

**Answer: 10 more projects.**",False,0.008315,3002,54,6004.247332923114
bubble_180,bubble,What is the market share of Instagram?,30%,Instagram’s market share is **30%**.,True,0.0075775,2947,14,4638.5694169439375
bubble_271,bubble,What is the property value of the city with the highest rental price?,800 million $,"The city with the highest rental price is **San Jose** at **$3500**, and its **property value is $3000 million**.",False,0.007905,2958,34,4632.40454159677
bubble_9,bubble,What is the Satisfaction Score for the South Pacific destination?,5,The South Pacific destination has a Satisfaction Score of 5.,True,0.0076275,2955,16,3830.3543338552117
radar_181,radar,Which renewable energy source has the highest Energy Efficiency according to the data?,Hydropower,"According to the chart, **Hydropower** has the highest **Energy Efficiency**, at **85%**.",True,0.00777,2946,27,3919.008415658027
radar_88,radar,What is the Sustainability Index Score for Bioenergy?,95,The Sustainability Index Score for **Bioenergy** is **80**.,False,0.007625,2942,18,4155.8094578795135
53,treemap,What percentage of the manufacturing and production phases is dedicated to Research and Development?,5%,Research and Development is dedicated **5%** of the manufacturing and production phases.,True,0.0076675,2947,20,2008.9413337409496
radar_268,radar,Which organisation has the highest Nonprofit Program Expense Percentage?,Organisation D,"The **highest Nonprofit Program Expense Percentage** is for **Organisation A**, with a value of **85%**.",False,0.007755,2934,28,4164.984792005271
176,treemap,How much more percentage of the budget is allocated to Defense compared to Healthcare?,10%,"Defense is allocated **30%** and Healthcare is allocated **20%**.

So, Defense has **10 percentage points more** than Healthcare.

If you mean **relative to Healthcare**, then:

\[
\frac{30 - 20}{20} \times 100 = 50\%
\]

So, **Defense is 50% more than Healthcare**.",True,0.00859,2962,79,5479.730875231326
92,treemap,What percentage of online usage is taken up by E-Learning?,3%,E-Learning takes up **3%** of online usage.,True,0.0076475,2957,17,2476.711541879922
bubble_272,bubble,What is the cost of wind energy in USD?,250,The cost of **wind energy** shown in the chart is **300 USD**.,False,0.0077,2954,21,2257.9086660407484
area_chart_269,area_chart,Which country has the smallest number of chemists?,United Kingdom,"From the chart, the number of **chemists** by country is:

- United States: **18,000**
- China: **20,000**
- Japan: **17,000**
- Germany: **16,000**
- United Kingdom: **19,000**

So, **Germany** has the smallest number of chemists.",True,0.0085025,2957,74,4971.930374857038
area_chart_131,area_chart,In which year did State Revenue surpass State Expenditure?,2018,"State Revenue surpassed State Expenditure in **2021**.

From the chart:
- **State Revenue (2021):** 410,000
- **State Expenditure (2021):** 360,000",True,0.008115,2958,48,6053.692208137363
area_chart_88,area_chart,By how much did the CO2 Emission increase from 2015 to 2019?,2000 tons,"From the chart, **CO2 Emission** was:

- **2015:** 5,000 tons  
- **2019:** 7,000 tons  

So the increase is:

**7,000 − 5,000 = 2,000 tons**

**Answer: 2,000 tons.**",True,0.00845,2966,69,4970.614457968622
bubble_181,bubble,What was the Production Volume in April?,74,"The chart shown is about **cultural industries revenue and popularity**, not monthly production data, so it does **not include “Production Volume” for April**.

If you meant a different chart, please share it and I can read the April production volume for you.",False,0.008235,2952,57,7523.496750276536
radar_182,radar,What is the score for Sanitation Standards at a Dental Clinic?,90,The **Sanitation Standards** score for the **Dental Clinic** is **90**.,True,0.0076925,2945,22,3270.3636661171913
radar_269,radar,What is the score of Teamwork Quality in Q2?,80,The **Teamwork Quality** score in **Q2** is **85**.,True,0.0078125,2999,21,4468.8943340443075
bubble_90,bubble,Which field has the highest number of journals published?,Psychology,"From the chart, **Anthropology** has the highest number of journals published, with **600 journals**.",False,0.00779,2954,27,5571.7764580622315
radar_89,radar,Which food crop requires the highest water usage per hectare?,Wheat,"From the chart, **Rice** requires the highest water usage per hectare, at **24 units**.",False,0.0077325,2943,25,3010.5258747935295
177,treemap,What percentage of the Sustainable Agriculture aspect is represented in the data?,10%,The Sustainable Agriculture aspect represents **10%** of the data.,True,0.007655,2960,17,4197.641625069082
area_chart_132,area_chart,Which academic level shows the highest enrollment for Biology?,Undergraduate,"For **Biology**, the highest enrollment is at the **Graduate** level, with **200 students**.",False,0.00792,3012,26,2357.3180828243494
area_chart_89,area_chart,Which product category had the lowest sales in the 4th Quarter?,Alcoholic Beverages,"In the 4th Quarter, **Alcoholic Beverages** had the lowest sales, with **19,000**.",True,0.00783,2958,29,4065.937875304371
area_chart_27,area_chart,How many contract employees are there in the IT department?,70,There are **60 contract employees** in the **IT department**.,False,0.0076275,2943,18,5249.993875157088
bubble_91,bubble,Which department has the highest Employee Satisfaction score?,Finance,"Finance has the highest Employee Satisfaction score, with a score of 85.",True,0.007655,2948,19,2979.8218747600913
bubble_273,bubble,Which utility company has the highest number of customers served?,State Grid Corporation of China,"From the chart, **State Grid Corporation of China** has the highest number of customers served, at about **1,300 million** customers.",True,0.0078825,2955,33,4105.698125436902
bubble_183,bubble,How much profit did Southern Company make in $ billion?,5.2,Southern Company made **$5.2 billion** in profit.,True,0.0076425,2955,17,5828.439666889608
radar_183,radar,Which energy source has the highest score in the category of Renewable Energy Potential?,Hydropower,"In the **Renewable Energy Potential** category, **Hydropower** has the highest score with **95**.",True,0.0077875,2947,28,2555.370083078742
radar_27,radar,Which category has the highest quality percentage?,Dance,"The category with the highest **Quality (%)** is **Dance**, at **100%**.",True,0.007695,2940,23,3034.386874642223
178,treemap,What is the percentage difference between Renewable Energy and Water Conservation?,20%,"From the chart:

- **Renewable Energy = 35%**
- **Water Conservation = 15%**

**Percentage difference = 35% - 15% = 20%**

So, the percentage difference between **Renewable Energy** and **Water Conservation** is **20%**.",True,0.0083525,2951,65,3019.0496668219566
232,treemap,By how much does Administration exceed IT Support in terms of workforce percentage?,5%,"Administration is **15%** and IT Support is **10%**.

So, Administration exceeds IT Support by **5 percentage points**.",True,0.00802,3016,32,2453.11816688627
radar_9,radar,What is the viewership score for Football?,95,The viewership score for **Football** is **95**.,True,0.0076075,2941,17,3027.0944172516465
37,treemap,How much more is the internet usage percentage of Social Media compared to Online Education?,15%,"Social Media is **15 percentage points** higher than Online Education.

- **Social Media:** 25%
- **Online Education:** 10%

**Difference:** 25% - 10% = **15%**",True,0.0081075,2955,48,3474.5533750392497
71,treemap,How much larger is the share of Consumer Electronics compared to Chemicals in National Manufacturing Production?,19%,"From the chart:

- Consumer Electronics = 22%
- Chemicals = 3%

Difference: 22% - 3% = 19 percentage points

So, Consumer Electronics is 19 percentage points larger than Chemicals.",True,0.0081075,2949,49,4716.668874956667
89,treemap,What is the combined percentage of grants for Sociology and Psychology?,31%,"Sociology is **16%** and Psychology is **15%**.

Combined: **31%**.",True,0.007765,2944,27,4712.325458880514
area_chart_133,area_chart,In which year did Computer Science have the smallest increase in student enrollment compared to the previous year?,2021,"From the chart, **Computer Science** enrollment by year is:

- 2018: 200  
- 2019: 230  
- 2020: 250  
- 2021: 270  
- 2022: 300  
- 2023: 330  

Year-to-year increases:

- 2019 vs 2018: **+30**
- 2020 vs 2019: **+20**
- 2021 vs 2020: **+20**
- 2022 vs 2021: **+30**
- 2023 vs 2022: **+30**

The **smallest increase was 20 students**, which occurred in **2020 and 2021**.",True,0.0097625,2963,157,5863.34183299914
288,treemap,How much higher is the use of Road transport for freight volume than Air transport?,25%,"Road transport freight volume is **25 million tons** higher than Air transport.

- **Road:** 40 million tons  
- **Air:** 15 million tons  
- **Difference:** 40 − 15 = **25 million tons**",True,0.0081675,2955,52,9390.182209201157
area_chart_270,area_chart,Which region has the highest number of Home Sales?,West,"From the chart, the **West** region has the highest number of **Home Sales**, with **400**.",True,0.0077975,2957,27,3587.6058749854565
bubble_184,bubble,Which sport has the highest Athlete Salaries in millions of dollars?,Football,"From the chart, **Football** has the highest athlete salaries at **$450 million**.",True,0.0077375,2957,23,3360.7084592804313
area_chart_9,area_chart,What was the Vacation Rental Occupancy Rate in April?,70%,The Vacation Rental Occupancy Rate in April was **75%**.,True,0.0076575,2955,18,5857.678125146776
bubble_92,bubble,Which law firm has the highest client satisfaction score?,Kirkland & Ellis,"From the chart, **Kirkland & Ellis** has the highest client satisfaction score, at **9.1**.",True,0.00782,2954,29,3467.617458663881
bubble_275,bubble,What was the Production Volume in April?,74,"The chart shows industries, not months. If you mean the 4th data point (April), the production volume/quantity is **500 thousand units**.",False,0.00792,2952,36,4782.480749767274
radar_270,radar,Which Nonprofit has the lowest score in Community Outreach?,Nonprofit C,"The nonprofit with the lowest **Community Outreach** score is **Nonprofit C**, with a score of **75**.",True,0.0077775,2943,28,2813.0973330698907
179,treemap,What percentage of the budget is allocated to Corrections?,15%,Corrections is allocated **15%** of the budget.,True,0.007615,2950,16,2906.8858749233186
269,treemap,"What is the combined percentage of the workforce in the Engineering, IT, and Finance departments?",25%,"Engineering is **10%**, IT is **10%**, and Finance is **5%**.

So, the combined percentage is:

**10% + 10% + 5% = 25%**

**Answer: 25%**",True,0.0083225,3005,54,2744.011958129704
radar_90,radar,Which company has the highest profit margin according to the data?,Etsy,"According to the chart, **eBay** has the highest **profit margin** at **18%**.",False,0.00775,2944,26,4015.344665851444
radar_184,radar,How much higher is the rental price in Sydney compared to Brisbane?,8 units,"From the chart, **rental price** is:

- **Sydney:** 80  
- **Brisbane:** 50  

So, the rental price in Sydney is **30 higher** than in Brisbane.",False,0.0080525,2945,46,7729.748792015016
area_chart_271,area_chart,Which region has the highest soybean production according to the data?,Asia,"According to the chart, **South America** has the highest soybean production, at **10,000 tons**.",False,0.007795,2956,27,3014.0994996763766
area_chart_135,area_chart,Which policy area has the highest percentage allocation for Social Services?,Economic Development,"The policy area with the highest percentage allocation for **Social Services** is **Economic Development**, at **50%**.",True,0.00778,2944,28,4099.50854210183
area_chart_90,area_chart,Which category has the highest Water Usage?,Government,"The category with the highest **Water Usage** is **Office Buildings**, at **9,000 gallons**.",False,0.00777,2952,26,4299.027249682695
bubble_93,bubble,What was the Production Volume in April?,74,"The chart shows industries, not months, so **April is not represented**.

If you meant the **4th data point/category (Cars)**, its **Production Volume** is **900 thousand units**.",False,0.00807,2952,46,3014.1095840372145
bubble_276,bubble,What was the Production Volume in April?,74,"The chart shown is about **transportation modes** (bicycle, motorcycle, car, truck, train) and displays **number of vehicles, total distance traveled, fuel efficiency, and average speed**.

It does **not include monthly production data**, so the **Production Volume in April cannot be determined from this image**.",False,0.008415,2952,69,6699.0401251241565
radar_185,radar,Which sector had the highest performance in Q4 of 2024?,Financial Services,"In **Q4 2024**, **Financial Services** had the highest performance, with a value of **105**.",True,0.0078,2946,29,4987.566334195435
radar_271,radar,What is the difference in Staffing Efficiency between Large Firms and Government?,-10%,"From the chart, **Staffing Efficiency** is:

- **Large Firm:** 80  
- **Government:** 90  

So, the difference is **10 points**, with **Government being higher**.",False,0.0080525,2945,46,3281.1847501434386
radar_91,radar,Which platform has the highest ad revenue according to the data?,Facebook,"According to the chart, **Facebook** has the highest **ad revenue**, at **84.2 billion**.",True,0.007765,2944,27,3270.83345875144
18,treemap,Which renewable energy source has the smallest usage percentage according to the data?,Nuclear,"According to the chart, **Nuclear** has the smallest usage percentage at **5%**.",True,0.0077625,2961,24,3195.8751250058413
215,treemap,What is the total percentage of funding allocated to Biomedical and Aerospace Engineering fields combined?,15%,"Biomedical Engineering is **8%** and Aerospace Engineering is **7%**.

Combined total: **15%**.",True,0.0079275,3003,28,3250.7164999842644
2,treemap,What percentage of Global Internet Usage is dedicated to Cybersecurity?,10%,Cybersecurity accounts for **10%** of global internet usage in the chart.,True,0.0076775,2951,20,4493.421291001141
251,treemap,What percentage of the energy utilization breakdown is covered by Nuclear and Renewables combined?,32%,"Nuclear is **20%** and Renewables is **12%**.

Combined: **20% + 12% = 32%**

So, **Nuclear and Renewables together cover 32%** of the energy utilization breakdown.",True,0.0081975,2955,54,3332.972041796893
area_chart_136,area_chart,In which category is the training of employees the highest?,Education,"The **Training** category is highest in **Education**, with a value of **290 employees**.",True,0.0077475,2955,24,2173.543959390372
bubble_185,bubble,What is the Global Reach in Millions for Film?,1500,The Global Reach for **Film** is **1500 million**.,True,0.007655,2954,18,13425.23204209283
bubble_186,bubble,What is the employee turnover rate in the Sales department?,20%,The employee turnover rate in the **Sales** department is **18%**.,True,0.0076875,2955,20,2520.7382082007825
area_chart_91,area_chart,Which field of study had the lowest number of graduates every year from 2016 to 2020?,Political Science,Political Science had the lowest number of graduates every year from 2016 to 2020.,True,0.0077575,2965,23,2859.7911670804024
area_chart_272,area_chart,Which quarter in 2020 had the highest profit?,Q4,"From the chart, the profits are:

- Q1: $1000
- Q2: $1400
- Q3: $1600
- Q4: $1300

So, **Q3** had the highest profit.",True,0.0083575,3013,55,4238.7803751043975
bubble_94,bubble,How many jobs are generated by the AI Technology sector?,4.5 million,The **AI Technology** sector generates **4.5 million jobs**.,True,0.0076725,2955,19,2158.4566249512136
bubble_277,bubble,What was the Production Volume in April?,74,"The chart shown does not include monthly data or a metric labeled “Production Volume,” so **April’s production volume cannot be determined from this image**.",False,0.00789,2952,34,3365.869459230453
radar_186,radar,Which energy source has the highest Maintenance score?,Gas,"From the chart, the **Maintenance** scores are:

- **Solar:** 80  
- **Wind:** 70  
- **Hydro:** 75  
- **Gas:** 90  

So, **Gas has the highest Maintenance score: 90**.",True,0.0082225,2941,58,4854.675916023552
radar_272,radar,Which mode of transportation has the lowest Average Transit Time?,Air,"The mode of transportation with the lowest Average Transit Time is Air, at 1 day.",True,0.0076875,2943,22,3167.2958750277758
radar_92,radar,Which sector has the lowest Operating Cost (%) as per the data provided?,Banking,"From the chart, the **Operating Cost (%)** values are:

- **Real Estate**: 55%
- **Insurance**: 65%
- **Banking**: 60%
- **Manufacturing**: 50%

So, **Manufacturing** has the **lowest Operating Cost (%) at 50%**.",True,0.00843,2946,71,5040.657625067979
240,treemap,Which crop type has the lowest percentage distribution in global agricultural production?,Sugar Crops,"The crop type with the lowest percentage distribution is **Sugar Crops**, at **2%**.",True,0.0077525,2957,24,4499.389125034213
area_chart_137,area_chart,How much is allocated to Training in the Education department?,60,The allocation to **Training** in the **Education** department is **60**.,True,0.0076725,2943,21,2049.5570423081517
54,treemap,What is the combined percentage of Vegetables and Fruits in the global agricultural production?,45%,"Vegetables are **25%** and Fruits are **20%**.

Combined percentage: **25% + 20% = 45%**.",True,0.007925,2960,35,4971.9347092323005
180,treemap,What percentage of freight volume is transported by air?,15%,Air transports **15%** of the freight volume.,True,0.0075975,2949,15,7140.383040998131
area_chart_92,area_chart,Which category has shown a continuous increase in percentage from Q1 to Q4?,Chemistry,"From the chart, the category that shows a continuous increase from Q1 to Q4 is **Physics**.

Its percentages rise steadily:
- **Q1:** 15%
- **Q2:** 20%
- **Q3:** 25%
- **Q4:** 30%",False,0.0083325,2955,63,3872.001125011593
area_chart_273,area_chart,How many more female healthcare professionals are there than male professionals in the dentist category?,35,"In the **dentist** category, there are **10 more female professionals** than male professionals.

- **Female dentists:** 30  
- **Male dentists:** 20  
- **Difference:** **10**",False,0.008105,2960,47,4243.015500251204
bubble_188,bubble,Which platform has the least average time spent but more advertising revenue than Snapchat?,LinkedIn,"From the chart, Snapchat’s advertising revenue is **$3B**.

Platforms with **more than $3B** in advertising revenue are:
- **Facebook** ($20B)
- **Instagram** ($10B)
- **YouTube** ($15B)

Their average time spent:
- Facebook: **38 min**
- Instagram: **30 min**
- YouTube: **35 min**

The **least average time spent** among these is **Instagram (30 minutes)**.

**Answer: Instagram.**",False,0.0090175,2959,108,4173.527916893363
radar_273,radar,Which aspect has the highest rate in Quarter 4?,Regulatory Compliance,"In Quarter 4, **Regulatory Compliance** has the highest rate, at **92**.",True,0.0077175,2943,24,2228.5190410912037
bubble_95,bubble,How many thousands of beneficiaries does the Salvation Army serve annually?,40,The Salvation Army serves **35 thousand beneficiaries annually**.,False,0.007615,2956,15,4785.313124768436
bubble_278,bubble,How many employees are there in the Department of Health & Human Services?,1.0 million,"The chart labels the **Department of Health & Human Services** with **“Number of Employees = 1”**, meaning **1 million employees**.",True,0.007905,2958,34,7000.070417299867
radar_187,radar,Which technology showed the least growth from Q1 to Q4 in 2023?,Artificial Intelligence,"From the chart:

- Mobile Apps: Q1 80 → Q4 95 = +15
- Internet Security: Q1 70 → Q4 90 = +20
- Cloud Computing: Q1 85 → Q4 105 = +20
- Automation: Q1 75 → Q4 100 = +25
- Artificial Intelligence: Q1 70 → Q4 85 = +15

Least growth: **Mobile Apps and Artificial Intelligence**, both with **+15**.",True,0.0090075,2949,109,4791.790208313614
181,treemap,What percentage of total healthcare spending is for Hospital Care and Physician Services combined?,60%,"Hospital Care is **38%** and Physician Services is **22%**.

Combined: **38% + 22% = 60%**

**Answer: 60%**",True,0.008,2954,41,1948.43895919621
area_chart_274,area_chart,What is the difference in production output (Units) between the Chemicals and Pharmaceuticals categories?,700 units,"From the chart, **Production Output (Units)** is:

- **Chemicals:** 850 units  
- **Pharmaceuticals:** 650 units  

**Difference = 850 - 650 = 200 units**

So, the difference in production output is **200 units**.",True,0.008305,2956,61,2496.730374637991
area_chart_93,area_chart,How many more employees were there in Sales than in R&D in 2021?,110 employees,"In 2021:

- Sales = 330 employees
- R&D = 180 employees

Difference: 330 - 180 = 150

So, there were 150 more employees in Sales than in R&D in 2021.",False,0.0082125,2961,54,3886.7123327217996
area_chart_138,area_chart,Which region has the lowest dairy production according to the data?,Africa,"According to the chart, **Africa** has the **lowest dairy production**, at **120,000 lbs**.",True,0.007795,2956,27,3906.4078330993652
bubble_189,bubble,Which platform has the highest average ad revenue per user?,Instagram,"From the chart, **Facebook** has the highest average ad revenue per user at **$27**.",False,0.0077625,2955,25,2534.3672917224467
bubble_279,bubble,What is the capital investment for wind energy?,$160 billion,The capital investment for **wind energy** is **$160 billion**.,True,0.0076675,2953,19,3712.7103749662638
radar_188,radar,What is the maintenance cost of trains compared to trucks?,5 thousand dollars for trains and 10 thousand dollars for trucks,"From the chart:

- **Train maintenance cost:** **5 thousand dollars**
- **Truck maintenance cost:** **10 thousand dollars**

So, **trains have a lower maintenance cost than trucks by 5 thousand dollars**, meaning **train maintenance costs are about half of truck maintenance costs**.",True,0.0082875,2943,62,3955.0059172324836
radar_274,radar,What is the score difference between Economic Policy in Q2 and National Defense in Q4?,5,"From the chart:

- **Economic Policy in Q2 = 90**
- **National Defense in Q4 = 80**

**Score difference = 90 - 80 = 10**

So, the difference is **10 points**.",False,0.00817,2950,53,3946.1281672120094
bubble_96,bubble,Whose artwork was created in the earliest year?,Van Gogh's artwork was created in 1888,"From the chart, the earliest year of creation is **1903**, which corresponds to **Monet**.",True,0.007775,2954,26,6654.425750020891
183,treemap,By how much does the percentage for Health exceed that for the Environment in the charity sectors?,10%,"Health is **25%** and Environment is **15%**.

So, Health exceeds Environment by **10 percentage points**.",True,0.0078025,2941,30,6196.871291846037
radar_95,radar,Which energy source has the lowest cost in USD Million according to the data?,Geothermal Power,"According to the chart, **Wind Power** has the **lowest cost**, at **70 USD Million**.",False,0.0077575,2947,26,7526.251040864736
234,treemap,What is the combined market share percentage of Renewable and Hydropower energy sources?,22%,"Renewable is **20%** and Hydropower is **2%**.

**Combined market share = 22%**.",True,0.0078525,2955,31,7510.704207699746
radar_93,radar,What is the Sale Price of a Duplex (in $100k)?,2.75,"The **Sale Price of a Duplex** is **2.0 ($100k)**, i.e. **$200,000**.",False,0.007845,2946,32,20495.929499622434
289,treemap,What percentage of research funding is allocated to Sociology?,15%,Sociology is allocated **15%** of the research funding.,True,0.007625,2942,18,5170.737375039607
38,treemap,How much larger is the Banking sector's market share compared to Real Estate's in 2023?,15%,"The Banking sector's market share is **15 percentage points larger** than Real Estate's in 2023.

- **Banking:** 30%
- **Real Estate:** 15%
- **Difference:** **30% - 15% = 15%**",True,0.00828,2964,58,3342.232291121036
area_chart_139,area_chart,What was the Operating Expenses figure in Q3?,"$50,000","The Operating Expenses figure in **Q3** was **$55,000**.",True,0.0077,2954,21,2559.118832927197
area_chart_275,area_chart,"Which month has the highest total number of visitors for art galleries, museums, music events, theater shows, and festivals combined?",December,"December has the highest combined total.

From the chart for December:
- Art Galleries: 10,500
- Museums: 8,500
- Music Events: 7,500
- Theater Shows: 9,500
- Festivals: 3,800

Total = 10,500 + 8,500 + 7,500 + 9,500 + 3,800 = 39,800.",True,0.0088025,2969,92,3525.9001250378788
72,treemap,What is the sum of the percentages allocated to Conservation Efforts and Sustainable Agriculture?,40%,"Conservation Efforts is 25% and Sustainable Agriculture is 15%.

Their sum is **40%**.",True,0.0077925,2955,27,5997.910459060222
9,treemap,What is the combined percentage of Email and Blogs and Forums usage according to the chart?,8%,"Email is **5%** and Blogs and Forums is **3%**.

Combined: **8%**.",True,0.007815,2964,27,8550.434124656022
bubble_19,bubble,Which project has the least number of scientists working on it?,Autonomous Vehicle,"The **Autonomous Vehicle** project has the **least number of scientists**, with **100 scientists**.",True,0.007765,2956,25,4245.156874880195
area_chart_94,area_chart,By how much did electricity usage increase from 2015 to 2019?,4000 kWh,"From the chart, electricity usage was:

- **2015:** 25,000 kWh  
- **2019:** 29,000 kWh  

Increase = **29,000 − 25,000 = 4,000 kWh**

**Answer: 4,000 kWh**",True,0.008375,2960,65,6569.273124914616
bubble_28,bubble,Which restaurant type has the highest sustainability score?,Home Delivery,"From the chart, **Home Delivery** has the highest sustainability score, with a score of **10**.",True,0.0077725,2953,26,4158.106625080109
bubble_97,bubble,What was the Production Volume in April?,74,"The image does not show monthly production data, so April’s **Production Volume** cannot be determined from this chart.

It displays **education data by subject**:
- Student Enrollment
- Teacher-Student Ratio
- Graduation Rate
- Average Teacher Salary

If you meant a different chart, please upload it and I’ll identify April’s production volume.",False,0.00849,2952,74,2963.93304085359
radar_189,radar,Which aspect has the highest rating in Gallery C?,Exhibition Quality,"In **Gallery C**, the highest-rated aspect is **Cultural Impact**, with a score of **85**.",False,0.00776,2942,27,2972.4036250263453
radar_275,radar,Which test has the lowest Recall score?,Test A,"From the chart, the Recall scores are:

- Test A: 75
- Test B: 80
- Test C: 85
- Test D: 90

So, **Test A** has the lowest Recall score.",True,0.0081225,2931,53,3457.537416834384
184,treemap,"What is the combined percentage of the bottom three categories: Toys & Hobbies, Books, and Stationery?",7%,"The bottom three categories are:

- Toys & Hobbies: 4%
- Books: 2%
- Stationery: 1%

Combined percentage = **4% + 2% + 1% = 7%**.",True,0.0081425,2945,52,2128.6932909861207
radar_96,radar,Which museum has the highest score for conservation efforts?,Louvre Museum,"The **Louvre Museum** has the highest **Conservation Efforts** score, with a score of **96**.",True,0.00779,2942,29,2858.652916736901
area_chart_14,area_chart,How many more appeals were filed in 2021 compared to 2017?,40,"From the chart, **Appeals Filed** were:

- **2017:** 200  
- **2021:** 290  

Difference: **290 - 200 = 90**

**Answer: 90 more appeals** were filed in 2021 than in 2017.",False,0.0083175,2955,62,3351.2463751249015
area_chart_276,area_chart,What percentage of healthcare spending is dedicated to Preventative Care?,30%,Preventative Care accounts for **30%** of healthcare spending.,True,0.007645,2956,17,3340.2924593538046
area_chart_95,area_chart,How many videos related to the Travel category were posted on YouTube?,450,The number of **YouTube videos** in the **Travel** category is **250**.,False,0.0077275,2953,23,3779.732709284872
bubble_190,bubble,Which product category has the highest Digital Marketing Expenditure?,Electronics,"From the chart, **Clothing** has the highest Digital Marketing Expenditure, at about **$800 million**.",False,0.0078075,2955,28,4984.714834019542
bubble_98,bubble,What is the Global Reach of Cinema in millions?,150,Cinema's **Global Reach** is **150 million**.,True,0.007625,2954,16,2591.3947499357164
bubble_281,bubble,Which legal subject has the highest Justice Delay Rate?,Constitution Law,"The legal subject with the highest Justice Delay Rate is **Constitutional Law**, at **28%**.",False,0.007775,2954,26,5333.194333128631
radar_19,radar,Which hotel category has the highest room occupancy rate?,Luxury hotel,"From the chart, the **hotel category with the highest room occupancy rate is the City hotel**, at **95%**.",False,0.00779,2942,29,5318.524459376931
radar_97,radar,What is the total production of wheat in January and February?,2100 tons,"From the chart, wheat production is:

- January: 1800 tons  
- February: 2000 tons  

Total = 1800 + 2000 = 3800 tons

Answer: 3800 tons",True,0.008095,2944,49,2742.054665926844
185,treemap,Which category has the highest percentage in the Tourism and Hospitality Industry Breakdown?,Accommodation,"The category with the highest percentage is **Accommodation**, at **25%**.",True,0.007665,2946,20,2620.101624634117
radar_276,radar,What is the score for Cost Efficiency for a Medium Law Firm?,65,The **Cost Efficiency** score for a **Medium Law Firm** is **65**.,True,0.0076925,2945,22,5188.310916069895
20,treemap,What percentage of Healthcare Resource Distribution is dedicated to Specialty Care?,20%,Specialty Care is dedicated **20%** of the healthcare resource distribution.,True,0.0076625,2951,19,1873.3172500506043
area_chart_140,area_chart,How much did the Logistics Companies spend in September?,550,"From the chart, **Logistics Companies** spent **$550** in **September**.",True,0.00773,2954,23,2137.8016672097147
252,treemap,Which sector has the smallest percentage of revenue distribution?,Live Theatre,"The sector with the smallest percentage of revenue distribution is **Live Theatre**, at **5%**.",True,0.0077325,2949,24,3610.5132079683244
area_chart_277,area_chart,How many fans are there for E-sports in the category of Basketball?,60000,"For **E-sports**, the number of **Basketball fans** is **70,000**.",False,0.0077725,2959,25,3587.9945419728756
area_chart_96,area_chart,What were the expenses in May?,"$48,000","The expenses in **May** were **$55,000**.",False,0.0076475,2951,18,4083.1222501583397
216,treemap,What percentage of healthcare expenditure is allocated to Mental Health Services and Long-Term Care combined?,10%,"Mental Health Services is **5%** and Long-Term Care is **5%**.

Combined, they account for **10%** of healthcare expenditure.",True,0.0079275,2961,35,6053.078417200595
bubble_191,bubble,What is the revenue of Twitter as shown in the chart?,3.1 billion $,Twitter’s revenue shown in the chart is **$3.1 billion**.,True,0.00769,2956,20,2457.1020416915417
radar_190,radar,Which policy area has the highest score in Q2?,Security,"In Q2, **Security** has the highest score, with a value of **94**.",True,0.0077175,2943,24,3273.5873330384493
bubble_99,bubble,What is the employment rate for Oats?,6.5%,The employment rate for **Oats** is **7%**.,True,0.0075,2892,18,3383.121790830046
radar_277,radar,Which category has the highest performance score in Region D?,Public Safety,"In **Region D**, the category with the highest performance score is **Public Safety**, with a score of **105**.",True,0.0077925,2943,29,3559.3732921406627
radar_98,radar,Which product has the lowest Operating Costs percentage?,Product C,"From the chart, the **Operating Costs (%)** are:

- **Product A:** 60%
- **Product B:** 55%
- **Product C:** 50%

So, **Product C has the lowest Operating Costs percentage at 50%**.",True,0.0082075,2941,57,3554.8422909341753
186,treemap,What percentage of Internet usage is dedicated to Search Engines?,20%,Search Engines account for **20%** of Internet usage.,True,0.007615,2950,16,2701.6446669586003
27,treemap,What percentage of the revenue is obtained from Team Sports and Individual Sports combined?,50%,"Team Sports is **30%** and Individual Sports is **20%**.

Combined:

**30% + 20% = 50%**

So, **50% of the revenue** is obtained from Team Sports and Individual Sports combined.",True,0.0081925,2959,53,2117.774915881455
55,treemap,What percentage of donations are allocated to Environment and Wildlife and Arts and Culture combined?,25%,"Environment and Wildlife is **15%** and Arts and Culture is **10%**.

Combined: **15% + 10% = 25%**

**Answer: 25%**",True,0.0080325,2955,43,2804.870250169188
area_chart_278,area_chart,What was the profit in Q3?,11000,"The profit in **Q3** was **$14,000**.",False,0.007665,2952,19,2683.854749891907
bubble_282,bubble,How much funding does Literature receive?,420 million $,Literature receives **$430 million** in funding.,True,0.0076025,2951,15,11085.03737533465
area_chart_141,area_chart,What is the difference in expenses between January and December?,5500,"From the chart:

- **January expenses:** \$4,000  
- **December expenses:** \$10,500  

**Difference = \$10,500 - \$4,000 = \$6,500**

So, the difference in expenses between January and December is **\$6,500**.",False,0.0084925,3013,64,5204.936083871871
bubble_192,bubble,What is the difference in research funding between Psychology and Sociology?,$20 million,"Psychology has **$100 million** in research funding, while Sociology has **$80 million**.

So, the difference is **$20 million**, with **Psychology receiving more**.",True,0.008035,2956,43,2403.518083039671
bubble_283,bubble,What was the Production Volume in April?,74,"The chart shown is about **sports and entertainment industry metrics** (revenue, attendance, social media followers, TV rating), and it does **not include Production Volume or months like April**.

So, **the Production Volume in April cannot be determined from this image**.",False,0.008265,2952,59,2548.624000046402
radar_99,radar,What is the Production Efficiency percentage of Factory E?,95%,Factory E's **Production Efficiency** is **95%**.,True,0.00761,2942,17,1860.9455828554928
radar_278,radar,What is the score for Facility Comfort at Theatre D?,88,The **Facility Comfort** score for **Theatre D** is **88**.,True,0.0076725,2943,21,1996.5684576891363
radar_191,radar,What was the Production Volume in April?,74,The **Production Volume (Food Production)** in **April** was **70**.,True,0.007665,2940,21,2792.3887092620134
area_chart_97,area_chart,How many more users are in Data Science compared to Artificial Intelligence across all categories combined?,110 users,"From the chart, the values are:

- **Artificial Intelligence (Users):** 130  
- **Data Science (Users):** 180  

So, the difference is:

**180 - 130 = 50**

**Answer: 50 more users.**",False,0.00826,2956,58,6342.379208188504
area_chart_142,area_chart,How many more employees were there in Sales than in R&D in 2021?,110 employees,"In 2021:

- Sales = 320 employees
- R&D = 200 employees

Difference: 320 - 200 = 120

So, there were 120 more employees in Sales than in R&D in 2021.",True,0.0030285,2961,54,2179.5647079125047
187,treemap,How much bigger is the percentage of Cereals production compared to Fisheries?,17%,"Cereals is **17 percentage points** bigger than Fisheries.

- **Cereals:** 22%
- **Fisheries:** 5%
- **Difference:** 22% − 5% = **17%**",True,0.00816,2958,51,3243.3290840126574
area_chart_98,area_chart,Which field experienced a consistent increase in percentage from 2018 to 2020?,Psychology,"From the chart, **Anthropology** experienced a consistent increase from **2018 to 2020**:

- 2018: **10%**
- 2019: **15%**
- 2020: **20%**

So, the answer is **Anthropology**.",False,0.008365,2956,65,3702.367541845888
area_chart_279,area_chart,Which region has the highest number of fans for Baseball?,Africa,"For **Baseball**, the region with the highest number of fans is **Asia**, with **30,000 fans**.",False,0.0078225,2955,29,4484.418916981667
bubble_193,bubble,How many theaters are showing comedy genre films?,300,Comedy films are showing in **500 theaters**.,False,0.0075925,2953,14,3053.175624925643
bubble_284,bubble,Which crime has the highest Law Enforcement (Score)?,Assault,"From the chart, **Assault** has the highest **Law Enforcement score**, which is **9**.",True,0.007775,2954,26,3517.614707816392
radar_10,radar,How much did the tax rate (%) increase from Q1 to Q4?,15%,"From the chart, **Tax (%)** is:

- **Q1 = 80**
- **Q4 = 95**

So the increase from Q1 to Q4 is:

**95 - 80 = 15 percentage points**

So, the tax rate increased by **15%**.",True,0.0083275,2947,64,3091.924208216369
radar_192,radar,What is the performance difference between Route 3 in March and Route 4 in February?,5,"From the chart:

- **Route 3 in March** = **65**
- **Route 4 in February** = **65**

So, the **performance difference is 0**. They performed **equally**.",True,0.008125,2950,50,3006.4299581572413
188,treemap,What is the combined percentage of web traffic for Online Education and Streaming Services?,20%,"Online Education is **10%** and Streaming Services is **10%**.

Combined percentage: **20%**.",True,0.007805,2954,28,2997.7460829541087
235,treemap,What is the combined percentage of Clothing and Home & Garden categories?,35%,"Clothing is **20%** and Home & Garden is **15%**.

**Combined percentage = 35%**.",True,0.0078425,2957,30,2989.888166077435
radar_279,radar,Which parameter shows the least improvement from Experiment 1 to Experiment 4?,Maintainability,"From the chart:

- Precision: 85 → 95 = +10  
- Efficiency: 70 → 84 = +14  
- Reliability: 92 → 96 = +4  
- Scalability: 78 → 91 = +13  
- Maintainability: 72 → 76 = +4  
- Portability: 68 → 74 = +6  

The **least improvement** is a tie between **Reliability** and **Maintainability**, both improving by **4 points**.",True,0.0090025,2947,109,4935.135332867503
29,treemap,Which discipline has the highest percentage of research funding according to the data?,Engineering,Engineering has the highest percentage of research funding at **20%**.,True,0.0076725,2961,18,3009.499792009592
39,treemap,What is the percentage allocated to Educational Technology?,4%,Educational Technology is allocated **4%**.,True,0.007585,2956,13,3996.6882499866188
area_chart_280,area_chart,In which year did History have the lowest student enrollment according to the dataset?,2018,"History had the lowest student enrollment in **2017**, with **280 students**.",True,0.0078575,3017,21,1989.6008330397308
area_chart_143,area_chart,How much are the e-commerce sales for Electronics?,"$200,000","The e-commerce sales for **Electronics** are **$120,000**.",False,0.0077,2954,21,4401.078999973834
73,treemap,How much higher is the market share percentage of Investment Banking compared to Private Equity?,15%,"Investment Banking has **25%** market share, and Private Equity has **10%**.

So, the difference is **15 percentage points**.",True,0.0078975,2955,34,8526.468666736037
90,treemap,What percentage of the revenue is shared by Video Games and Amusement Parks together in the industry?,15%,"Video Games account for **10%** and Amusement Parks for **5%**.

Together, they share **15%** of the industry's revenue.",True,0.00792,2958,35,7540.092832874507
area_chart_99,area_chart,Which category has the highest waste units?,Food & Beverage,"From the chart, the **Waste (Units)** values by category appear to be:

- Electronics: 500  
- Automotive: 800  
- Furniture: 300  
- Clothing: 600  
- Food & Beverage: 1200  

So, **Food & Beverage** has the **highest waste units**.",True,0.008415,2952,69,2975.446832831949
bubble_194,bubble,What is the annual revenue of Silver Lake farm?,$400 million,Silver Lake farm’s annual revenue is **$450 million**.,False,0.00764,2954,17,4751.970124896616
10,treemap,What percentage of employee training hours is allocated to Customer Service?,8%,Customer Service is allocated **8%** of employee training hours.,True,0.0076325,2951,17,2142.8439170122147
bubble_285,bubble,How many faculties are there at Stanford?,349,"From the chart, **Stanford has 350 faculties**.",True,0.007635,2952,17,6803.092459216714
radar_100,radar,Which category has the highest Guest Satisfaction score?,Luxury Cruise,"The category with the highest **Guest Satisfaction** score is **Wellness Retreat**, with a score of **94**.",False,0.0077725,2941,28,5792.186582926661
radar_193,radar,What month had the highest Website Traffic in the first half of the year?,January,"The month with the highest **Website Traffic** was **June**, with a value of **100**.",False,0.00788,3002,25,5667.946708854288
radar_28,radar,Which city has the highest score in Shopping and Dining?,Rome and Beijing,"From the chart, the highest **Shopping and Dining** score is **95**, achieved by **Tokyo** and **Beijing**.",False,0.0078225,2943,31,6134.8206251859665
area_chart_100,area_chart,In what year did the legislation passed reach 60%?,2018,The legislation passed reached **60% in 2019**.,True,0.007645,2956,17,4081.7029578611255
bubble_195,bubble,How many hours a day is Amazon used on average?,1.5 hours,Amazon is used on average **1.5 hours per day**.,True,0.0076575,2955,18,3312.4916250817478
area_chart_144,area_chart,What is the Profit ($) for the IT industry?,60000,"The profit for the **IT** industry is **$100,000**.",False,0.0076875,2955,20,5672.33887501061
bubble_287,bubble,What is the dropout rate at Harvard University?,2%,Harvard University’s dropout rate is **2%**.,True,0.0076225,2953,16,2660.2862500585616
radar_101,radar,Which category has the lowest score in Pollution Management?,Energy Usage,"In the **Pollution Management** category, the scores are:

- Forest Conservation: **80**
- Energy Usage: **70**
- Water Conservation: **90**
- Wildlife Protection: **75**
- Green Building Initiatives: **60**
- Eco-friendly Practices: **70**

The **lowest score** is **Green Building Initiatives**, with a score of **60**.",True,0.008585,2942,82,3902.2421669214964
radar_195,radar,Which aspect has the lowest performance score for hydroelectric energy?,Energy Production,"For **hydroelectric energy**, the **lowest performance score** is **Energy Production**, with a score of **65**.",True,0.00781,2944,30,2377.589040901512
area_chart_281,area_chart,How many more employees are there in the Human Resources department compared to the Finance department across all listed departments?,40 employees,"From the chart:

- **Human Resources (HR)** = 190 employees
- **Finance** = 120 employees

Difference:

**190 - 120 = 70**

So, **Human Resources has 70 more employees than Finance**.",False,0.0081925,2953,54,7519.780125003308
radar_280,radar,How much higher is Manager D's score in Employee Development compared to Manager B's score in the same category?,10,"From the chart, **Employee Development** scores are:

- **Manager B:** 90
- **Manager D:** 100

So, **Manager D's score is 10 points higher** than Manager B's.",True,0.0082325,2999,49,3195.4790423624218
217,treemap,What percentage of research funding is allocated to Environmental Science?,7%,Environmental Science is allocated **7%** of the research funding.,True,0.0076125,2943,17,3177.8150843456388
100,treemap,What is the market share percentage of Fresh Produce?,15%,Fresh Produce has a market share of **15%**.,True,0.007595,2942,16,3907.1851251646876
200,treemap,How much higher is the percentage of Social Networking compared to News Portals?,23%,"Social Networking is **23 percentage points** higher than News Portals.

- **Social Networking:** 30%
- **News Portals:** 7%

**30% - 7% = 23%**",True,0.0080725,2947,47,3900.1007499173284
253,treemap,"What is the combined percentage of expenditure on Physician Services, Prescription Drugs, and Mental Health Services?",48%,"From the chart:

- Physician Services = 25%
- Prescription Drugs = 20%
- Mental Health Services = 3%

Combined percentage = 25% + 20% + 3% = 48%

So, the combined expenditure is 48%.",True,0.00811,2902,57,5773.480457719415
bubble_10,bubble,Which technology has the lowest Cost and Time?,Automation,"From the chart:

- **Lowest Cost:** **Automation** — **$12 million**
- **Lowest Time:** **Quantum Computing** — **200 hours**

If you mean the technology that is **low on both cost and time overall**, **Automation** and **Quantum Computing** are the strongest candidates, but:

- **Automation** has the **lowest cost**
- **Quantum Computing** has the **lowest time**

There is **no single technology that has both the absolute lowest cost and the absolute lowest time**.",True,0.0090025,2953,108,5010.885250288993
area_chart_10,area_chart,Which month had the highest waste production?,January,"From the chart, **waste production is highest in May**, at **270 tons**.",False,0.00787,3010,23,5093.164875172079
area_chart_282,area_chart,Which region has the lowest corn production?,Oceania,"From the chart, **corn production** by region is approximately:

- North America: 700
- South America: 1000
- Europe: 1100
- Asia: 900
- Africa: 500
- Oceania: 800

So, the region with the **lowest corn production is Africa**.",True,0.00846,2952,72,5554.609750397503
area_chart_145,area_chart,Which mode of transportation has the highest volume of freight for Continental?,Shipping (Tons),"For **Continental**, the mode of transportation with the highest freight volume is **Shipping**, at **14,000 tons**.",False,0.00783,2952,30,5890.249458141625
bubble_288,bubble,What was the Production Volume in April?,74,"The chart shown is about **social media and web platform analysis** and includes:

- Active Users
- Engagement Rate
- Market Share
- Advertising Revenue

It does **not show “Production Volume”** or monthly data like **April**.

So, **the Production Volume in April cannot be determined from this chart**.",False,0.00843,2952,70,3362.798082642257
radar_102,radar,Which university has the highest faculty Quality Score?,Cambridge,"From the chart, the **Faculty Quality** scores are:

- **Harvard:** 95  
- **MIT:** 91  
- **Stanford:** 94  
- **Oxford:** 92  
- **Cambridge:** 91  
- **Yale:** 92  

So, **Harvard** has the highest faculty Quality Score, with **95**.",True,0.0085525,2941,80,4141.289415769279
radar_196,radar,What was the Production Volume in April?,74,The **Production Volume in April** was **74**.,True,0.00759,2940,16,1668.4052078053355
101,treemap,Which department received the smallest percentage of research funding?,Mathematics,"The department with the smallest percentage of research funding is **Mathematics**, receiving **2%**.",True,0.0077075,2933,25,1859.119416680187
bubble_196,bubble,What is the Satisfaction Score for graduates in Social Sciences?,9.1,The Satisfaction Score for **Social Sciences** is **9.2 out of 10**.,True,0.0077325,2955,23,8806.468416936696
radar_281,radar,Which category showed a decrease in the fourth quarter compared to the first quarter?,Product Returns,"Comparing Q1 to Q4:

- **Sales:** 80 → 95 increase  
- **Customer Retention:** 70 → 85 increase  
- **Online Traffic:** 75 → 90 increase  
- **Product Returns:** 60 → 45 **decrease**  
- **Market Expansion:** 85 → 100 increase  

**Answer: Product Returns** showed a decrease in the fourth quarter compared to the first quarter.",True,0.0087775,2947,94,5033.037207555026
270,treemap,What percentage of Health Expenditure is attributed to Dental Services?,7%,Dental Services account for **7%** of health expenditure.,True,0.0076,2944,16,5065.879249945283
area_chart_101,area_chart,How many more students are there in Education compared to Computer Science?,30,"From the chart:

- **Education students:** 220  
- **Computer Science students:** 180  

**Difference = 220 - 180 = 40**

So, there are **40 more students** in Education than in Computer Science.",False,0.008175,2952,53,3412.897457834333
area_chart_283,area_chart,How many Grants were Awarded to the field of Physics?,150,The number of **Grants Awarded** in **Physics** is **250**.,False,0.0077075,2951,22,2504.874541889876
56,treemap,What percentage of government spending is allocated to Social Security and Infrastructure combined?,25%,"Social Security is **15%** and Infrastructure is **10%**.

Combined: **15% + 10% = 25%**

**Answer: 25%**",True,0.007965,2946,40,7371.503917034715
bubble_101,bubble,How many lawyers are there in the field of Intellectual Property Law in thousands?,8,The chart shows **8 thousand** lawyers in **Intellectual Property Law**.,True,0.0076975,2959,20,2924.029041081667
bubble_197,bubble,How many years of research time is associated with quantum computing?,2,Quantum computing is associated with **2 years** of research time.,True,0.007645,2956,17,2406.0229999013245
area_chart_146,area_chart,What was the mileage trend for truck transportation between 2015 and 2019?,"It increased from 20,000 miles in 2015 to 28,000 miles in 2019","Truck transportation mileage showed a steady increase from 2015 to 2019:

- 2015: 20,000 miles
- 2016: 22,000 miles
- 2017: 24,000 miles
- 2018: 26,000 miles
- 2019: 28,000 miles

Overall, it increased by 8,000 miles over the five-year period, rising consistently each year.",True,0.0088425,2961,96,7980.136000085622
bubble_289,bubble,What is the population difference between Tokyo and New York?,29 million,"From the chart:

- Tokyo population = 37.4 million
- New York population = 8.4 million

Difference = 37.4 − 8.4 = 29.0 million

So, the population difference is 29 million people.",True,0.0082575,2955,58,3102.118750102818
radar_103,radar,What score did Barcelona receive for Local Cuisine?,90,Barcelona received a **95** for **Local Cuisine**.,True,0.0075925,2941,16,1918.1495420634747
radar_197,radar,Which material has the highest thermal conductivity?,Material E,"From the chart, the **Thermal Conductivity** values are:

- Material A: **70**
- Material B: **65**
- Material C: **75**
- Material D: **80**
- Material E: **60**

So, **Material D** has the **highest thermal conductivity** with a value of **80**.",True,0.00846,2940,74,3051.1795417405665
radar_282,radar,How much did Residential Sales increase from Q1 to Q4?,15,"Residential Sales increased from **70** in Q1 to **85** in Q4.

So, the increase was **15**.",True,0.0078275,2945,31,3237.754791043699
area_chart_102,area_chart,In which year did Accommodation bookings surpass Food & Beverage bookings?,2019,"From the chart:

- **Accommodation bookings**: 120, 150, 200, 250, 280  
- **Food & Beverage bookings**: 130, 140, 180, 200, 220

Accommodation first becomes greater than Food & Beverage in **2020**.",True,0.0083875,2959,66,2602.7472498826683
102,treemap,Which Crop Type has the smallest percentage share?,Poultry,"The crop type with the smallest percentage share is **Poultry**, at **2%**.",True,0.0077425,2953,24,3230.867207981646
area_chart_284,area_chart,How much is the Food Production value for the Produce category?,4000,The **Food Production** value for **Produce** is **4000**.,True,0.00769,2956,20,2330.7737917639315
area_chart_147,area_chart,How many intellectual property cases were there in 2021?,120,"In 2021, there were **120 intellectual property cases**.",True,0.0076475,2951,18,3713.725541252643
bubble_103,bubble,How many merit-based scholarships are offered by Harvard University?,200,Harvard University offers **170 merit-based scholarships** according to the chart.,False,0.0076725,2955,19,4557.32254171744
radar_104,radar,What is the Cost per unit of Nuclear Energy?,$66,The **cost per unit of Nuclear Energy** is **$60**.,True,0.00764,2942,19,4722.194875124842
radar_198,radar,Which environmental aspect has the highest recorded value in April?,Renewable Energy Use,"In April, **Renewable Energy Use** has the highest recorded value, at **95**.",True,0.0077175,2943,24,3277.2400421090424
bubble_29,bubble,Which tax type has the highest revenue collected?,Income Tax,"**Income Tax** has the highest revenue collected, at **$750 billion**.",True,0.0076975,2953,21,4737.348333001137
bubble_198,bubble,Which policy has the highest Implementation Cost?,International Trade Policy,"The policy with the highest Implementation Cost is **Defense Spending**, at **$3000 billion**.",False,0.00774,2952,24,7010.1015833206475
radar_284,radar,What is the average score for Science across all four terms?,87.5,"From the chart, the Science scores across the four terms are:

- Term 1: 80
- Term 2: 85
- Term 3: 90
- Term 4: 95

Average \(= \frac{80 + 85 + 90 + 95}{4} = \frac{350}{4} = 87.5\)

**Answer: 87.5**",True,0.008725,2944,91,3263.0685418844223
103,treemap,How much greater is the market share percentage for Dairy Products compared to Confectionery?,8%,"Dairy Products has 16% market share, while Confectionery has 8%.

So, the difference is 8 percentage points.",True,0.00799,3004,32,3557.9039589501917
236,treemap,How much higher is the percentage of research funds for Computer Science compared to Chemical Engineering?,5%,"Computer Science has **17%** and Chemical Engineering has **12%**.

So, the percentage for Computer Science is **5 percentage points higher** than Chemical Engineering.",True,0.00798,2964,38,2727.503249887377
291,treemap,"What is the percentage of revenue distribution for ""Cruise Lines""?",10%,The revenue distribution for **Cruise Lines** is **10%**.,True,0.007685,2960,19,4006.4452500082552
74,treemap,What is the combined percentage of funding for Computer Science and Mechanical Engineering?,27%,"Computer Science is **15%** and Mechanical Engineering is **12%**.

**Combined percentage = 15% + 12% = 27%**.",True,0.0079375,2953,37,2936.2485827878118
area_chart_103,area_chart,How many tons of dairy products does North America produce more than South America?,15000 tons,"From the chart, dairy production is:

- **North America:** 17,000 tons  
- **South America:** 14,500 tons  

Difference: **17,000 - 14,500 = 2,500 tons**

**Answer: 2,500 tons.**",True,0.0083275,2959,62,2931.199208833277
4,treemap,What percentage of Internet usage is taken up by Online Shopping?,15%,Online Shopping takes up **15%** of internet usage.,True,0.0076,2944,16,4373.979833908379
area_chart_148,area_chart,Which country has the highest number of researchers in Computer Science?,Germany,"From the chart, **the USA** has the highest number of **Computer Science researchers**, with **130**.",False,0.007795,2956,27,4476.510374806821
area_chart_285,area_chart,Which country has the highest average stay in days according to the data provided?,Spain,"From the chart, the **average stay (days)** values are:

- Thailand: **4**
- France: **5**
- United States: **6**
- Spain: **7**
- China: **5**

So, **Spain** has the highest average stay at **7 days**.",True,0.0083725,2959,65,3117.882584221661
bubble_104,bubble,What is the Revenue of Amazon?,419,Amazon’s revenue is **$386 billion**.,True,0.0075875,2951,14,4476.497999858111
bubble_199,bubble,Which department has the highest annual turnover rate?,IT,The **IT department** has the highest annual turnover rate at **20%**.,True,0.0076975,2953,21,3940.754000097513
radar_105,radar,Which health facility has the highest Treatment Effectiveness score?,Dental Clinic,"The facility with the highest **Treatment Effectiveness** score is **Maternity Center**, with a score of **95**.",False,0.0077925,2943,29,3018.6220831237733
radar_199,radar,Which policy had the highest effectiveness score in Q4?,Security,"In **Q4**, **Security** had the highest effectiveness score, with a score of **100**.",True,0.0077475,2943,26,3247.8085001930594
bubble_290,bubble,How much greater is the carbon footprint of Exxon Mobil compared to Total?,"350,000 metric tons","From the chart:

- **Exxon Mobil carbon footprint:** 500,000 metric tons  
- **Total carbon footprint:** 180,000 metric tons  

Difference:

**500,000 − 180,000 = 320,000 metric tons**

So, **Exxon Mobil’s carbon footprint is 320,000 metric tons greater than Total’s**.",True,0.00855,2958,77,6190.854750107974
area_chart_104,area_chart,How many more trucks does South America have compared to Africa?,100,"From the chart, **Trucks** are:

- **South America:** 300
- **Africa:** 180

So, **South America has 120 more trucks than Africa**.",False,0.0080225,2951,43,3080.001250375062
radar_285,radar,What is the difference in score between Collaboration in Q4 and Resources in Q2?,25,"From the chart:

- **Collaboration in Q4** = **75**
- **Resources in Q2** = **65**

**Difference = 75 - 65 = 10**

So, the difference is **10 points**.",False,0.0081675,2949,53,5997.163999825716
area_chart_149,area_chart,Which field saw the smallest increase in publications from 2019 to 2023?,Literature,"From the chart:

- Sociology: 250 → 370, increase of 120
- Psychology: 230 → 340, increase of 110
- History: 200 → 320, increase of 120
- Political Science: 180 → 270, increase of 90
- Literature: 150 → 210, increase of 60

The field with the smallest increase is **Literature**, with an increase of **60 publications**.",True,0.008895,2964,99,4052.773875184357
104,treemap,What is the combined market share percentage of Rail Transport and Intermodal Transport?,13%,"Rail Transport is 10% and Intermodal Transport is 3%.

Combined market share = **13%**.",True,0.00779,2954,27,7785.552375018597
area_chart_286,area_chart,Which industry has the highest percentage of Energy Consumption according to the chart?,Energy Sector and Construction,"According to the chart, the **Manufacturing sector** has the highest **Energy Consumption**, at **40%**.",False,0.0078025,2953,28,3426.2036252766848
bubble_106,bubble,How much revenue did Instagram generate?,20.1 billion USD,"From the chart, **Instagram generated about 44 billion USD** in revenue.",False,0.0076775,2951,20,3535.561124794185
bubble_2,bubble,What is the difference in satisfaction scores between Asia and North America?,0.8,"From the chart:

- **Asia satisfaction score = 7.2**
- **North America satisfaction score = 6.5**

**Difference = 7.2 - 6.5 = 0.7**

So, **Asia’s satisfaction score is 0.7 points higher than North America’s**.",False,0.0084275,2957,69,4034.850916825235
radar_106,radar,Which team scored the lowest on Resource Allocation?,Team A,"Looking at the purple bars for **Resource Allocation (Score)**:

- **Team A:** 85  
- **Team B:** 70  
- **Team C:** 75  

So, **Team B** scored the lowest on Resource Allocation.",True,0.0083,2996,54,3890.952792018652
radar_2,radar,Which category has the highest number of cases?,Civil Law,"The category with the highest number of cases is **Civil Law**, with **82k cases**.",True,0.0077125,2941,24,3765.0939589366317
radar_286,radar,Which sport has the highest popularity according to the data?,Soccer,"According to the chart, **Basketball** has the highest popularity, with a value of **90**.",False,0.0077475,2943,26,2560.075415764004
105,treemap,"How much is the percentage for ""Oilseeds""?",3%,Oilseeds is **3%**.,True,0.00757,2950,13,3889.262542128563
bubble_291,bubble,Which charity has the highest annual fundraising but the lowest number of beneficiaries?,World Vision International,"From the chart, **World Vision International** has the **highest annual fundraising** (about **$1,000 million**) and the **lowest number of beneficiaries** among the highest-fundraising charities shown is **not** World Vision.

If you mean **the charity with the highest fundraising overall and then ask which has the lowest beneficiaries overall**, those are different charities:

- **Highest annual fundraising:** **World Vision International**
- **Lowest number of beneficiaries:** **St. Jude Children's Research Hospital** (about **50 thousand**)

So the charity that fits “highest annual fundraising but the lowest number of beneficiaries” does **not appear to be a single organization** on this chart.",True,0.00951,2958,141,7278.91054097563
201,treemap,What is the percentage of the Electronics sector in manufacturing output?,18%,The Electronics sector accounts for **18%** of manufacturing output.,True,0.0076325,2951,17,2251.5774169005454
218,treemap,How much higher is the percentage contribution of Solar energy compared to Geothermal?,19%,"Solar contributes **22%**, while Geothermal contributes **3%**.

So, Solar is **19 percentage points higher** than Geothermal.",True,0.00788,2954,33,3441.5148328989744
254,treemap,What are the combined percentages for Social Media and Online Shopping according to the Internet Usage Distribution?,40%,"Social Media is 25% and Online Shopping is 15%, so combined they are 40%.",True,0.0077525,2957,24,4315.958249848336
area_chart_287,area_chart,Which category has the highest Revenue Generated ($) according to the given data?,Automotive,"According to the chart, **Electronics** has the highest **Revenue Generated ($)**.",False,0.0077275,2959,22,3127.959833946079
area_chart_105,area_chart,How many more visitors did hotels have in December compared to January?,11000 visitors,"Hotels had **11,000 more visitors** in December than in January.

- **January:** 15,000  
- **December:** 26,000  
- **Difference:** 26,000 − 15,000 = **11,000**",True,0.0083775,3015,56,5466.524333693087
bubble_20,bubble,How much higher is the price of the Painting compared to the Photograph?,$3 million,"From the chart:

- **Painting price** = **5 million**
- **Photograph price** = **3 million**

So, the Painting is **2 million** higher in price than the Photograph.",True,0.00807,2958,45,2098.6498747952282
bubble_107,bubble,How much more funding does Engineering receive compared to Chemistry?,$150 million,"From the chart:

- **Engineering funding:** \$300 million  
- **Chemistry funding:** \$200 million  

So, **Engineering receives \$100 million more funding than Chemistry**.",False,0.0080025,2955,41,4827.223208732903
bubble_292,bubble,How much revenue did Clifford Chance generate?,30 Million $,Clifford Chance generated **$30 million** in revenue.,True,0.007635,2952,17,2670.1606665737927
area_chart_15,area_chart,Which type of housing unit shows the highest increase in units from January to May?,Single Family Homes (Units),"From the chart:

- **Single Family Homes:** 200 → 305 = **+105**
- **Multi-Family Homes:** 150 → 195 = **+45**
- **Townhomes:** 120 → 160 = **+40**
- **Condos:** 80 → 105 = **+25**

**Answer: Single Family Homes** show the highest increase from January to May, with an increase of **105 units**.",False,0.0088475,2963,96,7827.417999971658
radar_107,radar,Which product category has the highest customer satisfaction score?,Groceries,"The product category with the highest customer satisfaction score is **Clothing**, with a score of **95**.",False,0.007745,2942,26,4261.458249762654
radar_20,radar,Which metric is the highest for Website C?,Retention,"For **Website C**, the highest metric is **Retention**, with a value of **11**.",True,0.0077125,2941,24,3367.9718328639865
radar_287,radar,Which category has the highest score for Online?,Inventory Efficiency,"For **Online**, the highest score is **Inventory Efficiency** with a score of **90**.",True,0.0077125,2941,24,2966.735291760415
271,treemap,What percentage of the Real Estate Market does Townhouses represent?,10%,Townhouses represent **10%** of the real estate market.,True,0.0076325,2951,17,2968.756790738553
area_chart_106,area_chart,Which category has the highest number of Streaming Services users?,Digital Marketing,"From the chart, the highest number of **Streaming Services users** is in **Video Streaming**, with about **350 users**.",False,0.007825,2950,30,2420.400416944176
106,treemap,What percentage of research funding is allocated to Computer Science?,15,Computer Science is allocated **15%** of the research funding.,True,0.00759,2934,17,5537.605375051498
57,treemap,What is the combined percentage of usage for Online Education and Web Development?,13%,"Online Education is **10%** and Web Development is **3%**.

**Combined usage = 10% + 3% = 13%**.",True,0.00795,2958,37,4888.838957995176
area_chart_150,area_chart,How much more coffee was sold at dinner compared to during snacks?,600,"From the chart, coffee sales were:

- **Dinner:** 600
- **Snacks:** 200

So, the amount of coffee sold at dinner compared to snacks was:

**600 - 200 = 400**

**Answer: 400 more units**.",True,0.0084225,3015,59,5211.3153748214245
area_chart_288,area_chart,What is the total sales for Food and Beverage in 2019?,5300 millions of USD,"From the chart for **2019**:

- **Food sales** = **3000 million USD**
- **Beverage sales** = **2800 million USD**

So, the **total Food and Beverage sales in 2019** = **5800 million USD** (or **5.8 billion USD**).",True,0.00859,3016,70,3313.2539577782154
bubble_108,bubble,What is the safety rating for the production of smart phones?,8,The safety rating for **smartphones** production is **8.0**.,True,0.00769,2956,20,2883.294124621898
bubble_200,bubble,What was the Production Volume in April?,74,"The chart shown is about **sustainability practices and CO2 emissions by country**, not monthly production.

So, **the Production Volume in April cannot be determined from this image**. If you share the production chart or the monthly data, I can tell you the April value.",False,0.00828,2952,60,3282.1242921054363
radar_289,radar,What is the client satisfaction score for Employment Law?,89,The client satisfaction score for Employment Law is **89**.,True,0.007595,2942,16,1660.9184169210494
radar_109,radar,What is the score in Science for a Bachelors degree?,86,The Science score for a **Bachelors** degree is **86**.,True,0.007645,2944,19,1804.9380420707166
radar_200,radar,What is the number for Court Efficiency in Year 4?,70,Court Efficiency in Year 4 is **70**.,True,0.007585,2944,15,3987.6982080750167
107,treemap,What percentage of the workforce is allocated to IT Services?,5%,The workforce allocated to **IT Services** is **5%**.,True,0.0076275,2943,18,3564.659166149795
bubble_293,bubble,Which policy has the highest Budget Allocation percentage?,Defense Policy with 40%,The **Defense Policy** has the highest **Budget Allocation** percentage at **45%**.,False,0.0077275,2953,23,5180.845834314823
bubble_109,bubble,How many active users does WhatsApp have in millions?,2000,"WhatsApp has **2,160 million** active users.",True,0.0076275,2955,16,2317.18579120934
area_chart_107,area_chart,Which month had the highest percentage of Cruise Ship Bookings?,February,"From the chart, **Cruise Ship Bookings** reach their highest percentage in **December**.",False,0.00775,2956,24,3412.3380831442773
area_chart_152,area_chart,Which category has the least number of stadiums?,Soccer,"The category with the least number of stadiums is **Tennis**, with **200** stadiums.",False,0.0077475,2949,25,3268.375708255917
bubble_201,bubble,Which product category has the largest market share percentage according to the data?,Smartphones,"The product category with the largest market share is **Smartphones**, at **25%**.",True,0.00774,2958,23,3137.8147499635816
bubble_294,bubble,Which organization has the highest Impact Score?,World Wildlife Fund,"The **World Wildlife Fund** has the highest **Impact Score**, at **95**.",True,0.00771,2952,22,3130.826209206134
area_chart_289,area_chart,Which category has the lowest number of Exhibitions events?,"Music, Film, Architecture","The category with the lowest number of **Exhibitions** events is **Literature**, with **20 events**.",False,0.0078075,2955,28,5339.673249982297
radar_11,radar,What is the score difference between waste management in Region 1 and Region 4?,15,"Waste Management scores are:

- **Region 1:** 80
- **Region 4:** 95

**Difference = 95 - 80 = 15**

So, the score difference is **15 points**.",True,0.0081225,2949,50,4687.948375009
108,treemap,What category has the smallest market share percentage according to the data?,Corporate Finance,"The category with the smallest market share percentage is **Corporate Finance**, at **3%**.",True,0.007725,2952,23,2097.52129111439
radar_202,radar,Which policy has the highest score in policy transparency?,Policy B,"From the chart, the **Policy Transparency** scores are:

- **Policy A:** 85  
- **Policy B:** 95  
- **Policy C:** 80  

So, **Policy B** has the highest policy transparency score.",True,0.00815,2942,53,3172.288583125919
radar_29,radar,What is the Production Volume of Factory D?,400 Unit/hour,Factory D's production volume is **500 units/hour**.,False,0.0075925,2941,16,3161.4432497881353
237,treemap,What is the combined percentage of energy usage for Nuclear and Renewables in the utilities sector?,36%,"Nuclear is **19%** and Renewables is **17%**.

Combined: **19% + 17% = 36%**.",True,0.00793,2962,35,2825.5768748931587
292,treemap,How much higher is the share of Automotive production compared to Chemicals in 2023?,18%,"Automotive production is **18 percentage points higher** than Chemicals in 2023.

- **Automotive:** 25%
- **Chemicals:** 7%
- **Difference:** **25% - 7% = 18%**",True,0.008205,2964,53,3006.302291061729
75,treemap,What is the percentage for Dairy in the Yield Distribution?,10,Dairy is **10%** of the yield distribution.,True,0.007615,2950,16,2010.6068751774728
bubble_110,bubble,What is the Impact Score of UNICEF?,80,UNICEF’s Impact Score is **80**.,True,0.00759,2952,14,2005.4119592532516
40,treemap,What is the percentage of e-commerce sales for Health & Beauty?,10%,The percentage for **Health & Beauty** is **10%**.,True,0.0076625,2957,18,5448.502666782588
area_chart_108,area_chart,What was the difference in millions between food sales and beverage sales in 2017?,-400,"In 2017:

- **Food sales** = **5100 million**
- **Beverage sales** = **4800 million**

**Difference = 5100 - 4800 = 300 million**.",False,0.0081375,2961,49,3483.8281660340726
radar_110,radar,What is the publication count for Sociology?,70,The publication count for **Sociology** is **65**.,True,0.00762,2940,18,1500.3466252237558
bubble_295,bubble,What is the Citizen Satisfaction score for Germany?,75,Germany’s Citizen Satisfaction score is **82**.,True,0.0075925,2953,14,3434.067958034575
bubble_202,bubble,How many average patent applications do aerospace engineers have?,4,Aerospace engineers have an average of **3 patent applications**.,False,0.007655,2954,18,5462.955957744271
area_chart_29,area_chart,How many more units of Product J were produced compared to Product H?,3000 units,"From the chart:

- **Product H production** = **10,500 units**
- **Product J production** = **8,500 units**

Difference:
**8,500 - 10,500 = -2,000**

So, **Product J produced 2,000 fewer units than Product H**.",False,0.008415,2958,68,6655.9398751705885
area_chart_153,area_chart,In which year did Soccer events have the highest number?,2034,"From the chart, **Soccer** reaches its highest number of events in **2029**.",True,0.007735,2950,24,7894.281833898276
radar_203,radar,Which disease has the lowest prevalence in the 40-50 age group?,Heart Disease,"In the **40–50 age group**, **Heart Disease** has the lowest prevalence.

Values shown:
- Diabetes: 80
- Heart Disease: 50
- Cancer: 70
- Liver Disease: 65
- Respiratory Diseases: 55

So the lowest is **Heart Disease (50)**.",True,0.0084175,2947,70,2790.1567919179797
radar_290,radar,Which aspect has the highest score in Philosophy?,Ethical Understanding,"For **Philosophy**, the highest score is **95** in **Ethical Understanding**.",True,0.0077125,2941,24,2253.048458136618
109,treemap,What is the percentage of market share for Intermodal transportation?,5%,Intermodal transportation has a market share of **5%**.,True,0.007645,2956,17,4128.538167104125
area_chart_11,area_chart,How many more hours were spent on athletics than on gaming in December?,10 hours,"In December:

- **Athletics:** 95 hours
- **Gaming:** 85 hours

**Difference = 95 - 85 = 10 hours**

So, **10 more hours** were spent on athletics than on gaming in December.",True,0.0081925,2953,54,3408.822000026703
area_chart_290,area_chart,How many more employees were there in Sales than in R&D in 2021?,110 employees,"In 2021:

- Sales = 320 employees
- R&D = 180 employees

Difference = 320 - 180 = 140

So, there were 140 more employees in Sales than in R&D in 2021.",False,0.0030285,2961,54,4708.738625049591
bubble_111,bubble,Which company has the highest employee count?,Amazon,"Amazon has the highest employee count, with **798 thousand employees**.",True,0.00765,2952,18,2801.1077088303864
bubble_296,bubble,How much research funding does the Massachusetts Institute of Technology receive?,320,The chart shows that the **Massachusetts Institute of Technology (MIT)** receives **$450 million** in research funding.,False,0.00781,2956,28,3025.5155828781426
bubble_204,bubble,What is the profit margin for washing machines?,18%,The profit margin for **washing machines** is **18%**.,True,0.0076525,2953,18,3386.6258338093758
radar_111,radar,Which power source has the lowest Sustainability Index (%)?,Hydro Power,"From the chart, the **Sustainability Index (%)** values are:

- Solar Power: **45%**
- Wind Power: **55%**
- Hydro Power: **35%**
- Coal Power: **40%**
- Nuclear Power: **50%**

The **lowest Sustainability Index** is **Hydro Power at 35%**.",True,0.008495,2942,76,3992.222957778722
area_chart_154,area_chart,What is the sum of applications for the Materials category across all the fields?,970,"From the chart, the **Materials** category values across the five fields are:

- **Biology:** 180  
- **Computer Science:** 150  
- **Physics:** 110  
- **Chemistry:** 100  
- **Geology:** 90  

Sum:

**180 + 150 + 110 + 100 + 90 = 630**

**Answer: 630**",False,0.00866,2954,85,7607.707167044282
radar_204,radar,Which policy area has the highest evaluation score in Q4?,Environment,"In **Q4**, the policy area with the highest evaluation score is **Environment**, with a score of **95**.",True,0.007795,2944,29,2324.551041703671
radar_291,radar,Which aspect does Web D score the lowest?,Content Quality,"From the chart, **Web D** scores:

- Site Traffic: **75**
- User Engagement: **80**
- Content Quality: **70**
- Site Navigation: **95**
- Security: **90**

So, **Web D scores the lowest in Content Quality (70)**.",True,0.008275,2932,63,3321.0849170573056
area_chart_110,area_chart,How much more energy does the Industrial sector consume compared to the Residential sector?,7000 kWh,"From the chart, Energy Consumption is:

- Industrial: 12,000 kWh
- Residential: 5,000 kWh

Difference = 12,000 − 5,000 = 7,000 kWh

So, the Industrial sector consumes 7,000 kWh more energy than the Residential sector.",True,0.008455,2962,70,2494.6979167871177
219,treemap,What percentage of the portfolio is comprised of Banking and Insurance sectors combined?,45%,"Banking is **25%** and Insurance is **20%**.

Combined, they make up **45%** of the portfolio.",True,0.007845,2946,32,2574.6468752622604
11,treemap,What percentage of the food production is dedicated to vegetables?,25%,Vegetables account for **25%** of the food production.,True,0.00763,2950,17,5113.594458904117
202,treemap,What percentage of research funding is allocated to Psychology?,6%,Psychology is allocated **6%** of the research funding.,True,0.0076475,2957,17,3861.1983750015497
area_chart_292,area_chart,How many awards does the field of Environmental Science have?,80,Environmental Science has **110 awards**.,False,0.007555,2950,12,2497.2743750549853
area_chart_155,area_chart,Which country has the smallest audience for baseball?,Australia,"From the chart, the **smallest baseball audience** is in **India**, with about **10,000**.",False,0.0078025,2953,28,2900.739540811628
bubble_112,bubble,Which university has the highest graduation rate according to the list?,Harvard,"According to the chart, **Harvard** has the highest graduation rate at **98%**.",True,0.00775,2956,24,2711.0409582965076
bubble_205,bubble,By how many percentage points is Hospitality Employment in Dubai greater than in New York?,5%,"From the chart:

- **Dubai hospitality employment:** 22%
- **New York hospitality employment:** 18%

Difference = **22% - 18% = 4 percentage points**

**Answer: 4 percentage points.**",False,0.008165,2960,51,3830.1658337004483
bubble_297,bubble,Which platform has the highest average time spent?,Facebook,"Facebook has the highest average time spent, at 4.5 hours.",True,0.0076675,2953,19,3876.3557500205934
radar_113,radar,Which criteria has the highest percentage for Green Energy?,Carbon Footprint Reduction,"For **Green Energy**, the **highest percentage** is **Waste Reduction (%) at 90%**.",False,0.00773,2942,25,3865.0416247546673
110,treemap,Which department has the lowest percentage allocation?,Finance,"The department with the lowest percentage allocation is **Finance**, at **5%**.",True,0.0077025,2955,21,1757.5865830294788
radar_293,radar,What is the difference in the score for Schedule Adherence between Factory A and Factory D?,15,"From the chart, **Schedule Adherence** scores are:

- **Factory A:** 80
- **Factory D:** 95

**Difference = 95 - 80 = 15**

So, the difference in Schedule Adherence between Factory A and Factory D is **15 points**.",True,0.008335,2950,64,3154.7092921100557
58,treemap,"Which sector has a higher revenue percentage, Insurance or Real Estate?",Insurance,"Insurance has a higher revenue percentage than Real Estate.

- **Insurance:** 15%
- **Real Estate:** 14%

So, **Insurance is higher by 1 percentage point**.",True,0.00813,3000,42,2077.479667030275
272,treemap,What is the combined percentage of attendance for Film Screenings and Art Galleries?,22%,"Film Screenings is **12%** and Art Galleries is **10%**.

So, their combined attendance percentage is **22%**.",True,0.0078625,2947,33,4902.581917122006
radar_205,radar,What is the Employee Satisfaction score in April?,90,The Employee Satisfaction score in April is **92**.,True,0.0075775,2941,15,8867.206833325326
area_chart_111,area_chart,By how much did the educational budget increase from 2019 to 2023?,$4000,"From the chart, the **educational budget** was:

- **2019:** \$10,000  
- **2023:** \$14,000  

So, the increase was **\$4,000**.",True,0.0081225,2961,48,4776.287749875337
area_chart_156,area_chart,Which sector has the highest consumption of Natural Gas?,Residential,"From the chart, **Industrial** has the highest **Natural Gas** consumption, at **15,000 mmBTU**.",False,0.007835,2954,30,3409.21354200691
area_chart_293,area_chart,Which sector has the highest water usage and how many gallons is it?,Energy; 15000 gallons,"The sector with the **highest water usage** is **Energy**, with **18,000 gallons**.",False,0.00777,2958,25,3325.2322911284864
bubble_114,bubble,What is Facebook's user base in millions?,70,Facebook's user base is **190 million**.,False,0.0075925,2953,14,6038.408165797591
bubble_206,bubble,What was the Production Volume in April?,74,"The chart shown is about **sports and entertainment events** and displays **Attendance, Revenue, Player Performance, and Media Coverage**.

It does **not include months** or a **Production Volume** metric, so the **Production Volume in April cannot be determined from this chart**.",False,0.00828,2952,60,4430.732250213623
radar_206,radar,Which aspect of the housing market has the highest value in Midtown?,Availability,"In **Midtown**, the highest value is **Housing Prices**, at **85**.",False,0.0076925,2945,22,2928.206458222121
bubble_298,bubble,What is the Sustainability Score of Paris?,9,Paris has a **Sustainability Score of 8.0**.,False,0.007665,2952,19,5365.041707642376
111,treemap,"What is the combined percentage share of TikTok, Twitter, LinkedIn, and Snapchat?",14%,"From the chart:

- TikTok = 7%
- Twitter = 4%
- LinkedIn = 2%
- Snapchat = 1%

Combined share = 7 + 4 + 2 + 1 = 14%

Answer: 14%",True,0.0082075,2941,57,2234.1149169951677
radar_294,radar,What is the difference in Visitor Satisfaction between Gallery B and Gallery D?,10,"From the chart:

- **Gallery B Visitor Satisfaction** = **88**
- **Gallery D Visitor Satisfaction** = **78**

**Difference = 88 - 78 = 10**

So, **Gallery B has 10 points higher Visitor Satisfaction than Gallery D**.",True,0.00825,2946,59,4645.10599989444
radar_114,radar,Which subject has the highest classroom participation percentage?,Physics,"The highest classroom participation percentage is in **Math**, with **95%**.",False,0.0076525,2941,20,5849.2761249653995
bubble_115,bubble,What was the Production Volume in April?,74,"The image shows **education data** (student enrollment, teacher-student ratio, research funding, graduation rate), not monthly production data.

So, **the Production Volume in April is not available from this chart**.",False,0.008085,2952,47,4080.5073329247534
area_chart_112,area_chart,How many more ships are there in North America compared to South America?,1000 units,"From the chart, **Ships** in:

- **North America** = **3000**
- **South America** = **2000**

So, **North America has 1000 more ships than South America**.",True,0.008275,3016,49,4017.838374711573
area_chart_157,area_chart,How many users did Instagram have in the year 2020?,270,Instagram had **250 million users** in **2020**.,True,0.007635,2952,17,2364.024832844734
area_chart_295,area_chart,By how much did potato production (lbs) increase from 2015 to 2019?,200 lbs,"From the chart, potato production was **500 lbs** in **2015** and **700 lbs** in **2019**.

So the increase was:

**700 - 500 = 200 lbs**

**Answer: 200 lbs**",True,0.0083475,3021,53,3531.8674999289215
bubble_207,bubble,What is the Impact Score of Intellectual Property Law according to the given dataset?,87,The Impact Score of **Intellectual Property Law** is **89**.,True,0.0076825,2959,19,3565.507917199284
bubble_299,bubble,Which device has the lowest convenience score?,Router,"The **Router** has the lowest convenience score, at **40**.",True,0.007665,2952,19,5429.968832992017
radar_115,radar,What is the sales number for Electronics in E-commerce Platforms?,90,The sales number for **Electronics** in **E-commerce Platform** is **95**.,True,0.0076825,2935,23,6633.587250020355
radar_295,radar,Which hospital provides the highest number of services for Nursing and Residential Care?,Hospital B,"From the chart, the **Nursing and Residential Care** values are:

- **Hospital A:** 90  
- **Hospital B:** 95  
- **Hospital C:** 85  

So, **Hospital B** provides the highest number of services for **Nursing and Residential Care**.",True,0.008325,2946,64,3099.4973750784993
112,treemap,Which category accounts for the smallest percentage of revenue in the Sports and Entertainment Industry?,Publishing,"The category with the smallest percentage of revenue is **Publishing**, at **1%**.",True,0.0077175,2955,22,2808.612124994397
radar_207,radar,In which aspect do Medium Firms have the closest performance to Corporate Firms?,Regulation Compliance,"Comparing **Medium Firms** to **Corporate Firms**:

- **Case Victories:** 89 vs 92 → difference of 3  
- **Client Satisfaction:** 85 vs 95 → difference of 10  
- **Cost Efficiency:** 80 vs 78 → difference of 2  
- **Staff Performance:** 80 vs 90 → difference of 10  
- **Regulation Compliance:** 87 vs 91 → difference of 4  

The **closest performance** is in **Cost Efficiency**, with only a **2-point difference**.",True,0.009135,2946,118,10461.624333169311
293,treemap,Which subject area has the lowest percentage of research funding allocation?,Arts,The **Arts** subject area has the lowest research funding allocation at **5%**.,True,0.00772,2956,22,3003.040332812816
255,treemap,How much percentage does Nursing Home Care represent in the healthcare expenditures?,6%,Nursing Home Care represents **6%** of healthcare expenditures.,True,0.0076175,2945,17,3999.856499955058
238,treemap,Which field has the smallest percentage of practicing lawyers according to the data provided?,Environmental Law,"The field with the smallest percentage of practicing lawyers is **Environmental Law**, at **3%**.",True,0.0077275,2947,24,5006.938250269741
41,treemap,How much greater is Facebook's percentage of active users than TikTok's?,23%,"Facebook's active user percentage is **23 percentage points** greater than TikTok's.

- **Facebook:** 30%
- **TikTok:** 7%
- **Difference:** 30% − 7% = **23%**",True,0.008165,2954,52,4620.367916766554
area_chart_113,area_chart,In which year did Political Science publications reach 1500?,2009,Political Science publications reached **1500 in 2009**.,True,0.0077975,3017,17,3010.4879159480333
bubble_116,bubble,What was the Production Volume in April?,74,"The chart shown is about **energy consumption, renewable energy %, electricity price, and carbon emissions by region**. It does **not include production volume by month**, so **April’s production volume cannot be determined from this image**.",False,0.00813,2952,50,5480.211957823485
bubble_208,bubble,How many Museum Exhibitions does Damien Hirst have?,120,Damien Hirst has **160 museum exhibitions**.,False,0.0076125,2955,15,1872.2569169476628
bubble_3,bubble,Which restaurant type has the highest employee satisfaction score?,Fine Dining,"From the chart, **Fine Dining** has the highest employee satisfaction score, at **81**.",True,0.007745,2954,24,2237.915374804288
area_chart_296,area_chart,"In which year did the Revenue ($) first exceed $150,000?",2020,"From the chart, Revenue by year is:

- 2017: $120,000  
- 2018: $130,000  
- 2019: $150,000  
- 2020: $160,000  
- 2021: $180,000  

The revenue first exceeded $150,000 in **2020**.",True,0.0085525,2959,77,4416.78366670385
area_chart_158,area_chart,By how much did the import exceed export in the year 2018?,1400 tonnes,"From the chart for **2018**:

- **Import** = 1800 tonnes  
- **Export** = 700 tonnes  

So, the import exceeded export by:

**1800 - 700 = 1100 tonnes**

**Answer: 1100 tonnes**",False,0.0084425,3017,60,5417.406666092575
radar_116,radar,Which factory has the highest Production Efficiency percentage?,Factory E,"From the chart, the **Production Efficiency (%)** values are:

- **Factory A:** 83%
- **Factory B:** 80%
- **Factory C:** 79%

So, **Factory A has the highest Production Efficiency percentage at 83%**.",False,0.0082225,2941,58,2614.85324986279
113,treemap,How much percentage is allocated to Home Healthcare?,3%,Home Healthcare is allocated **3%**.,True,0.007585,2956,13,2521.1189999245107
radar_208,radar,What is the maintenance cost rating for a truck?,60,The maintenance cost rating for a truck is **60**.,True,0.007595,2942,16,4065.4909582808614
93,treemap,What two categories make up 45% of the Internet usage distribution?,Social Media and Online Shopping,"The two categories are **Social Media (25%)** and **Online Shopping (20%)**, which add up to **45%**.",False,0.0078625,2953,32,2519.005916081369
radar_297,radar,What is the score for Economic Development in Q2?,92,The score for **Economic Development in Q2** is **92**.,True,0.0076425,2943,19,2537.630209233612
area_chart_114,area_chart,In which year did online sales surpass in-store sales?,2020,"Online sales surpassed in-store sales in **2021**.  
From the chart: **Online = $210,000** and **In-store = $200,000**.",True,0.0079875,2955,40,3820.954625029117
bubble_119,bubble,Which city has the least number of properties sold?,Hong Kong,"The city with the least number of properties sold is **Hong Kong**, with **8 thousand** properties sold.",True,0.007775,2954,26,4241.204666905105
area_chart_297,area_chart,How many clothing units were manufactured in September?,1700,"In **September**, **Clothing** manufactured **1650 units**.",True,0.007655,2948,19,5034.5013327896595
bubble_209,bubble,Which organization has the highest number of volunteer hours?,World Vision,"From the chart, **Red Cross** has the highest number of volunteer hours, at **10 million hours**.",False,0.00779,2954,27,4307.735957670957
area_chart_159,area_chart,How many more users are there on Facebook compared to Twitter for the Web category?,-20,"From the chart’s **Web** category:

- **Facebook** users = **180**
- **Twitter** users = **120**

Difference: **180 - 120 = 60**

**Answer: 60 more users.**",False,0.0081525,2955,51,5651.614916976541
bubble_30,bubble,What is the difference between the Financial Return Score of Music and Theater?,10 points,"From the chart:

- **Music Financial Return Score = 50**
- **Theater Financial Return Score = 65**

**Difference = 65 - 50 = 15**

So, **Theater’s Financial Return Score is 15 points higher than Music’s**.",False,0.008295,2958,60,2276.713749859482
radar_118,radar,Which organization has the lowest Administrative Cost?,UNICEF,"From the chart, **UNICEF** has the lowest **Administrative Cost**, at **10%**.",True,0.0077025,2931,25,2865.97470799461
radar_298,radar,Which hospital has the highest staff responsiveness score?,Hospital D,"Hospital C has the highest staff responsiveness score, with a score of 9.",False,0.0076525,2941,20,2100.0902918167412
radar_209,radar,What is the average Profit Margin for the year 2023?,86.75,"From the chart, the **Profit Margin** values for 2023 are:

- **Q1:** 93  
- **Q2:** 89  
- **Q3:** 85  
- **Q4:** 80  

Average Profit Margin:

\[
\frac{93 + 89 + 85 + 80}{4} = \frac{347}{4} = 86.75
\]

**Answer: 86.75**",True,0.0088325,2945,98,2681.069750338793
114,treemap,How much larger is the market share of Professional Sports than that of Books and Publishing?,18%,"Professional Sports has **25%** market share, and Books and Publishing has **7%**.

So the difference is:

**25% - 7% = 18 percentage points**

So, **Professional Sports is 18 percentage points larger** than Books and Publishing.",True,0.008295,2964,59,3291.1434583365917
203,treemap,What percentage of the total Healthcare Expenditure is allocated to Mental Health Services?,10%,Mental Health Services is allocated **10%** of the total healthcare expenditure.,True,0.00767,2954,19,2037.7666670829058
area_chart_160,area_chart,Which plant has the highest production according to the given data?,Wheat,"According to the chart, **Sunflower** has the highest production, at **950 kg**.",False,0.00775,2956,24,2733.128792140633
area_chart_298,area_chart,Which degree has the highest number of enrolled students in History?,Doctorate,"For **History**, the **Professional** degree has the highest number of enrolled students, with **930 students**.",False,0.00794,3014,27,2859.7426246851683
bubble_12,bubble,What is the Retention (Score) for the Manufacturing department?,90,The **Retention score for the Manufacturing department is 88**.,True,0.007635,2952,17,3030.259707942605
bubble_21,bubble,What is the total number of cases filed for Immigration and Taxation combined?,0.4 million,"From the chart:

- Immigration cases filed = **0.3 million**
- Taxation cases filed = **0.4 million**

Total = **0.7 million cases**.",True,0.0080125,2959,41,2724.882500246167
area_chart_115,area_chart,Which period shows the highest influence for Psychology?,Medieval,Psychology shows the highest influence during the **Modern period**.,False,0.0076375,2953,17,5962.406124919653
bubble_300,bubble,How many more millions of monthly active users does Facebook have compared to Instagram?,1700 million users,"From the chart:

- Facebook monthly active users = **2700 million**
- Instagram monthly active users = **1500 million**

Difference:

**2700 − 1500 = 1200 million**

So, **Facebook has 1,200 million more monthly active users than Instagram**.",False,0.0083425,2959,63,6708.432165905833
radar_119,radar,What is the Revenue (Millions) for Baseball?,600,The **Revenue (Millions)** for **Baseball** is **600**.,True,0.007655,2942,20,5250.002207700163
radar_21,radar,By how many points did Employee Engagement score increase from Q1 to Q5?,20 points,"From the chart, **Employee Engagement** was:

- **Q1:** 75
- **Q5:** 95

So the increase is:

**95 - 75 = 20 points**

**Answer: 20 points.**",True,0.008165,2948,53,4008.138167206198
radar_299,radar,What is Engineer A's score in Quality Assurance?,90,Engineer A's score in **Quality Assurance** is **75**.,False,0.0077625,2997,18,3075.5911669693887
59,treemap,How much greater is the percentage of Single-Family Homes compared to Condominiums in the Real Estate Market Composition?,10%,"Single-Family Homes are **10 percentage points** greater than Condominiums.

Calculation:
**30% - 20% = 10%**",True,0.007915,2962,34,2790.917542297393
273,treemap,How much higher is the funding percentage for Anthropology compared to Political Science?,12%,"Anthropology is funded at 18% and Political Science at 6%, so the difference is 12 percentage points.",True,0.0078175,2953,29,3002.526291180402
area_chart_116,area_chart,How many Web Users were there in October?,290 million,"In October, there were **290 million Web Users**.",True,0.00761,2948,16,2480.224958155304
76,treemap,How much percentage is allocated to Biodiversity Conservation in the environmental efforts?,10%,Biodiversity Conservation is allocated **10%** of the environmental efforts.,True,0.0076675,2953,19,3228.704708162695
area_chart_161,area_chart,What was the government spending for healthcare in the year 2021?,$4900,"The government spending for **Healthcare in 2021** was **$4,000**.",False,0.007885,3016,23,2601.7591250129044
115,treemap,"What percentage of the revenue distribution is occupied by ""Electronic Appliances""?",10%,“Electronic Appliances” occupies **10%** of the revenue distribution.,True,0.00765,2952,18,7421.280125156045
area_chart_299,area_chart,During which quarter did the company have the highest expenses?,Q3,"The highest expenses were in **Q4**, at **$35,000**.",False,0.0077025,2955,21,3202.913457993418
bubble_120,bubble,What is the Overall Revenue for Visual Arts?,25000 Million $,"The **Overall Revenue for Visual Arts** is **50,000 million dollars** (or **$50 billion**).",False,0.0078025,2953,28,5534.681665711105
bubble_211,bubble,Which category has the lowest number of employees and in which year was it established?,"The Coffee category has the lowest number of employees, and it was established in 2020","The category with the lowest number of employees is a tie between Coffee and Bottled Water, with 100 employees each.

- Coffee was established in 2021.
- Bottled Water was established in 2018.",True,0.00812,2960,48,4361.418332904577
bubble_31,bubble,Which company has invested the most in 2023?,Microsoft,"From the chart, **Microsoft** has invested the most in 2023, with about **$28 billion**.",True,0.0078075,2955,28,3695.815875194967
radar_12,radar,Which category showed the least improvement from Q1 to Q4?,Employee Retention (%),"From the chart, the Q1 to Q4 improvements are:

- **Employee Retention:** 80 → 95 = **+15**
- **Employee Satisfaction:** 60 → 75 = **+15**
- **Training Effectiveness:** 70 → 80 = **+10**
- **Recruiting Efficiency:** 90 → 95 = **+5**
- **Performance Evaluation:** 75 → 80 = **+5**

**Least improvement:** **Recruiting Efficiency** and **Performance Evaluation**, both with **+5**.",False,0.0091025,2945,116,4552.212374750525
116,treemap,By how much does the percentage of people using Streaming Services exceed those involved in Online Gaming?,7%,"Streaming Services is 20% and Online Gaming is 13%, so the difference is **7 percentage points**.",True,0.0077975,2957,27,3462.5700837932527
radar_3,radar,Which energy source has the lowest efficiency but highest Availability (%)?,Thermal,"From the chart:

- **Efficiency (%)** values: Hydro 92, Wind 86, Solar 85, Thermal 80  
- **Availability (%)** values: Hydro 97, Wind 96, Solar 95, Thermal 98

The energy source with the **lowest efficiency** is **Thermal (80%)**, and it also has the **highest availability (98%)**.

**Answer: Thermal**",True,0.008695,2944,89,4628.064583055675
area_chart_117,area_chart,How many Comedy events are there in 2023?,210,There are **200 Comedy events** in **2023**.,True,0.0076425,2955,17,1623.0908329598606
bubble_121,bubble,What is the average settlement amount for Michael Davis?,"$90,000","Michael Davis’s average settlement amount is **$90,000**.",True,0.007655,2954,18,4469.740333035588
radar_210,radar,Which mode of transportation has the highest safety rating?,Train,"From the chart, **Truck** has the highest safety rating, with a score of **95**.",False,0.00773,2942,25,7931.167874950916
area_chart_162,area_chart,In which year did Physics have the highest number of publications?,2022,Physics had the highest number of publications in **2023**.,True,0.007505,2900,17,2171.4961668476462
area_chart_3,area_chart,How many Middle Management employees were there in 2020?,210,There were **180 Middle Management employees** in **2020**.,False,0.0076675,2959,18,2424.0987082011998
radar_211,radar,Which Nonprofit Organization has the lowest Administration Costs according to the data?,World Vision,"According to the chart, **Save the Children** has the **lowest Administration Costs**, at **60**.",False,0.007755,2946,26,2181.5946251153946
radar_120,radar,What was the percentage increase in Renewable Energy Usage from Q1 to Q4?,9%,"From the chart, **Renewable Energy Usage (%)** was:

- **Q1 = 70%**
- **Q4 = 79%**

Percentage increase from Q1 to Q4:

\[
\frac{79 - 70}{70} \times 100 = \frac{9}{70} \times 100 \approx 12.86\%
\]

**Answer: 12.86%**",True,0.008735,2948,91,3310.4332922957838
bubble_212,bubble,What is the cargo capacity of a ship according to the given data?,20000 Tonnes,"According to the chart, the **ship's cargo capacity is 20,000 tonnes**.",True,0.00774,2958,23,3475.6263750605285
radar_30,radar,Which category has the highest percentage for Greenpeace?,Donations (%),"For **Greenpeace**, the percentages are:

- **Fundraising:** 80%
- **Volunteering:** 85%
- **Donations:** 90%
- **Public Awareness:** 70%

The **highest category is Donations at 90%**.",False,0.0082225,2941,58,3798.858500085771
117,treemap,What is the market share percentage difference between the Banking and Insurance industries?,3%,"Banking has 22% market share and Insurance has 19%.

Difference = 22% - 19% = 3%

So, the market share percentage difference is 3%.",True,0.0080125,2953,42,3645.7128752954304
294,treemap,By what percentage do Health Services exceed Arts and Culture in fundraising efficiency?,15%,"From the chart:

- **Health Services** = **25**
- **Arts and Culture** = **10**

Percentage by which Health Services exceeds Arts and Culture:

\[
\frac{25 - 10}{10} \times 100 = 150\%
\]

**Answer: 150%**",True,0.0083875,2953,67,2811.8094159290195
256,treemap,What is the combined market share percentage of the Real Estate and Fintech sectors?,19%,"Real Estate is **10%** and Fintech is **9%**.

**Combined market share = 19%**.",True,0.00782,2948,30,2823.3617497608066
239,treemap,What percentage more is the market share of Snacks compared to Bakery Goods?,17%,"Snacks has **25%** market share and Bakery Goods has **8%**.

The difference is:

**25% - 8% = 17%**

So, **Snacks has 17 percentage points more market share than Bakery Goods**.

If you mean **percent more relative to Bakery Goods**, then:

\[
\frac{25 - 8}{8} \times 100 = 212.5\%
\]

So, **Snacks has 212.5% more market share than Bakery Goods**.",True,0.0090975,2961,113,6398.565209005028
42,treemap,Which category has the smallest percentage of revenue distribution in the sports and entertainment industry?,Amusement Parks,"The category with the smallest percentage is **Amusement Parks**, at **2%**.",True,0.00773,2960,22,3382.254166994244
area_chart_30,area_chart,What is the revenue for Baseball in the year 2017?,"120,000","The revenue for **Baseball** in **2017** is **120,000**.",True,0.0077375,2957,23,2447.0510836690664
bubble_122,bubble,What is the Public Interest Score for Soccer?,10,The Public Interest Score for **Soccer** is **10**.,True,0.0076525,2953,18,5874.6714582666755
area_chart_163,area_chart,What was the highest productivity recorded in the given years?,250 units in 2020,The highest productivity recorded was **250 units**.,True,0.007585,2950,14,3678.569041658193
bubble_32,bubble,Which health issue has the highest mortality rate according to the data?,Cardiovascular Disease,"According to the chart, **Cardiovascular Disease** has the highest mortality rate at **20%**.",True,0.0025985,2957,26,15320.139999967068
area_chart_118,area_chart,Which category has the highest revenue across all five areas combined?,Fast Food,"The category with the highest total revenue across all five areas combined is **Dessert**.

From the chart, Dessert has:
- Restaurant Revenue: **28,000**
- Grocery Sales: **21,000**
- Food Delivery Services: **18,000**
- Alcohol Sales: **9,000**
- Online Orders: **4,500**

**Total = 80,500**, which is higher than the other categories.",False,0.008755,2956,91,6842.2368336468935
radar_212,radar,By how many units did Fundraising Events increase from Q1 to Q4?,15,"Fundraising Events increased from **90** in Q1 to **105** in Q4.

**Increase = 105 - 90 = 15 units**.",True,0.0079025,2939,37,2280.7013327255845
bubble_33,bubble,Which topic has the highest popularity score?,Psychology,"The topic with the highest popularity score is **Psychology**, with a popularity score of **900**.",True,0.007755,2952,25,5661.870458163321
bubble_213,bubble,Which vehicle type has the lowest CO2 emissions per million tonnes of transport volume?,Pipeline,"From the chart:

- Truck: 300 / 2500 = 0.12  
- Train: 250 / 4000 = 0.0625  
- Cargo Ship: 200 / 3500 ≈ 0.057  
- Air Freight: 1000 / 1500 ≈ 0.667  
- Barge: 100 / 2000 = 0.05  
- Pipeline: 50 / 1000 = 0.05  

So, **Barge and Pipeline tie for the lowest CO2 emissions per million tonnes of transport volume**.",True,0.009305,2960,127,6889.196583069861
radar_121,radar,Which academic field has the highest average score across all the evaluated categories?,Psychology,"From the chart, the scores are:

- **Psychology:** 85, 90, 80, 95, 95 → average = **89**
- **History:** 70, 75, 90, 95, 90 → average = **84**
- **Philosophy:** 80, 85, 95, 90, 85 → average = **87**
- **Literature:** 90, 80, 85, 80, 75 → average = **82**

**Answer: Psychology** has the highest average score across all categories, with an average of **89**.",True,0.0093525,2937,134,5745.811999775469
radar_300,radar,By how much does rice yield increase from Q1 to Q4?,160,"Rice yield increases from **400** in Q1 to **560** in Q4.

**Increase = 560 - 400 = 160 tons**.",True,0.007905,2946,36,4514.695249963552
area_chart_164,area_chart,How much is the Food and Beverage Expenses of the Grocery Store?,80 thousand,The **Food and Beverage Expenses** for the **Grocery Store** is **100 thousand**.,False,0.0077525,2957,24,2348.0705828405917
area_chart_119,area_chart,How many hours were spent in total from January to June?,1500 hours,"From the chart, **Time Spent (hours)** from **January to June** is:

- January: 120
- February: 140
- March: 160
- April: 180
- May: 200
- June: 220

Total:

**120 + 140 + 160 + 180 + 200 + 220 = 1,020 hours**

**Answer: 1,020 hours**",False,0.0088,2956,94,3704.4319580309093
bubble_123,bubble,What is the Economic Impact of the Defense policy area?,$450 billion,The **Defense** policy area has an **economic impact of 400 billion dollars**.,False,0.0077175,2955,22,5136.638707946986
94,treemap,What percentage of cases are managed by Special Jurisdiction Courts?,20%,The chart shows **Special Jurisdiction Courts = 20%** of cases.,True,0.0076775,2951,20,5150.991584174335
118,treemap,By how much does Banking exceed Insurance in market share percentage?,7%,"Banking has **22%** market share and Insurance has **15%**.

So, Banking exceeds Insurance by **7 percentage points**.",True,0.0026885,2951,33,6366.506833117455
bubble_214,bubble,What is the Popularity Score of Music Concerts?,95,The Popularity Score of **Music Concerts** is **97**.,True,0.0076725,2955,19,2391.9899160973728
radar_213,radar,How many scores does Festival 2 have that are greater than or equal to 80?,1,"Festival 2 has scores: **80, 70, 90, 75, 85**.

Scores **greater than or equal to 80** are:
- **80**
- **90**
- **85**

So, the answer is **3**.",False,0.00826,2950,59,3702.244167216122
bubble_34,bubble,What is the 'Attitudes to Education (Score)' for Non-Binary individuals?,7,The **Attitudes to Education (Score)** for **Non-Binary** individuals is **6**.,False,0.0077775,2961,25,6009.683167096227
area_chart_300,area_chart,Which field has the highest number of Physics publications?,Physics,"From the chart, the highest number of **Physics publications** is in **Environmental Science**, with **150 publications**.",True,0.007775,2942,28,9767.296500038356
radar_122,radar,Which healthcare facility has the highest average score across all aspects?,Rehabilitation Center,"From the chart, the scores are:

- **General Hospital**: 85, 90, 80, 95, 70 → average = **84**
- **Specialty Clinic**: 90, 85, 75, 80, 75 → average = **81**
- **Urgent Care**: 70, 75, 70, 80, 80 → average = **75**
- **Rehabilitation Center**: 80, 80, 90, 85, 65 → average = **80**
- **Psychiatric Facility**: 75, 70, 85, 80, 75 → average = **77**
- **Elderly Care Home**: 88, 85, 80, 95, 70 → average = **83.6**

### Answer:
**General Hospital** has the highest average score across all aspects, with an average of **84**",True,0.01036,2944,200,5752.037667203695
radar_31,radar,Which category had the highest total advancement by the end of Q4 2023?,Cloud Computing,"By **Q4 2023**, **Cloud Computing** had the highest advancement, with a value of **95**.",True,0.0078075,2949,29,4730.2870829589665
119,treemap,What is the combined market share percentage of Snack Foods and Seafood?,10%,"Snack Foods is **8%** and Seafood is **2%**.

**Combined market share = 10%**.",True,0.007835,2960,29,2219.373209401965
204,treemap,Which product category has the smallest market share according to the data?,Frozen Foods,"The product category with the smallest market share is **Frozen Foods**, at **3%**.",True,0.007745,2960,23,2066.179667133838
area_chart_12,area_chart,How many follow-up visits were made by female patients?,250,Female patients made **300 follow-up visits**.,False,0.007585,2950,14,2106.7367498762906
area_chart_165,area_chart,By how much did the number of Instagram users increase from January to June?,110 users,"From the chart, Instagram users were:

- **January:** 120
- **June:** 230

So the increase is:

**230 - 120 = 110**

**Answer: 110 users**",True,0.00809,2954,47,3249.8235842213035
bubble_124,bubble,How many countries does the Red Cross have outreach in?,160,The chart shows **Red Cross** has outreach in **150 countries**.,True,0.0076725,2955,19,3407.7796670608222
area_chart_31,area_chart,What is the renewable energy usage in the Agriculture sector?,3000,"The renewable energy usage in the **Agriculture** sector is **2,500 metric tons**.",False,0.007755,2958,24,3787.576957605779
bubble_215,bubble,How much did Van Gogh's artwork sell for in millions USD?,700,Van Gogh's artwork sold for **700 million USD**.,True,0.0076325,2957,16,2944.369208998978
bubble_35,bubble,Which sector has the highest Environmental Impact score?,Energy Production,The sector with the highest Environmental Impact score is **Energy Production**.,True,0.0076525,2953,18,2698.55820806697
radar_32,radar,Who has the lowest score in Work-Life Balance?,Susan,"In **Work-Life Balance**, **Bob** has the lowest score.",False,0.0076025,2933,18,2444.8014167137444
radar_123,radar,Which hospital has the highest Doctor Retention Rate?,Orthopedic Hospital,The **Pediatric Hospital** has the highest **Doctor Retention Rate** at **92%**.,False,0.00773,2942,25,4038.805208168924
radar_214,radar,Which category has the highest score in Quarter 4?,Performance Assessment,"In Quarter 4, **Performance Assessment** has the highest score, with a value of **95**.",True,0.0077475,2943,26,2461.624499876052
12,treemap,How much higher is the funding percentage for Anthropology compared to Political Science?,10%,"Anthropology has **18%** funding, while Political Science has **8%**.

So, the funding percentage for Anthropology is **10 percentage points higher** than Political Science.",True,0.0081175,3001,41,2787.3406251892447
274,treemap,Which legal branch has the same expenditure allocation as the Legislative branch?,Law Enforcement,The **Law Enforcement** branch has the same expenditure allocation as the **Legislative** branch — both are **25 million dollars**.,True,0.002676,2952,32,2075.928249862045
22,treemap,What percentage of the budget is allocated for Energy?,3%,The budget allocated for **Energy** is **3%**.,True,0.00761,2942,17,2259.4395424239337
6,treemap,What is the combined percentage of investment in Artificial Intelligence and Biotechnology?,33%,"Artificial Intelligence is **17%** and Biotechnology is **16%**.

Combined percentage: **33%**.",True,0.002621,2960,27,2665.7959171570837
77,treemap,Which category holds the smallest percentage in global agricultural production?,Sugar Crops,"The smallest category is **Sugar Crops**, at **2%**.",True,0.00766,2950,19,3806.1485830694437
area_chart_166,area_chart,What percentage of students studying Language are enrolled in Mathematics?,30%,"From the chart:

- **Language** = **35%**
- **Mathematics** = **20%**

So, the percentage of students studying **Language** that are enrolled in **Mathematics** is:

\[
\frac{20}{35} \times 100 = 57.14\%
\]

**Answer: 57.14%**",False,0.0085575,2943,80,2391.776000149548
area_chart_120,area_chart,Which level of government has the highest tax revenue as per the given data?,State,"From the chart, **Tax Revenue** by level is:

- **State:** 150,000  
- **Federal:** 100,000  
- **Local:** 120,000  
- **International:** 180,000  

So, the **International level** has the **highest tax revenue**, at **$180,000**.",True,0.0085075,2959,74,3772.415792103857
area_chart_32,area_chart,Which education level has the highest enrollment for Science students?,Post-Graduate,"For **Science students**, the highest enrollment is at the **Post-Graduate** level, with **250 students**.",True,0.0078075,2955,28,2043.9273337833583
bubble_125,bubble,What was the Production Volume in April?,74,"The image shows financial performance of tech companies, not monthly production data. There is no April or “Production Volume” shown in the chart.

So, **the Production Volume in April cannot be determined from this image**.",False,0.0081,2952,48,4589.693374931812
bubble_36,bubble,How much revenue is generated from soccer?,60 billion $,Soccer generates **about $55 billion** in revenue.,True,0.00762,2952,16,2730.546500068158
120,treemap,What percentage of the manufacturing process is taken up by Component Fabrication?,22%,Component Fabrication takes up **22%** of the manufacturing process.,True,0.007665,2958,18,2231.7840000614524
bubble_216,bubble,Which engineering field has the highest amount of research funding?,Biomedical Engineering,"From the chart, **Computer Engineering** has the highest research funding, at **$50 billion**.",False,0.0077625,2955,25,7257.985167205334
radar_215,radar,Which category showed the greatest improvement from Q1 to Q4?,Cost Efficiency,"From the chart:

- Patient Outcomes: Q1 85 → Q4 105 = +20
- Research Quality: Q1 80 → Q4 95 = +15
- Care Quality: Q1 90 → Q4 100 = +10
- Patient Satisfaction: Q1 75 → Q4 90 = +15
- Cost Efficiency: Q1 70 → Q4 85 = +15

Greatest improvement: Patient Outcomes, with an increase of 20 points.",True,0.0089825,2945,108,4360.360874794424
radar_33,radar,Which subject shows a steady increase of 5 score points from Class 1 through Class 4?,Art,"From the chart:

- **Math**: 90, 95, 100, 105  
- **English**: 85, 90, 95, 100  
- **Science**: 80, 85, 90, 95  
- **History**: 75, 80, 85, 90  
- **Art**: 70, 75, 80, 85  

Each subject increases by **5 points** from one class to the next.

**Answer: All subjects — Math, English, Science, History, and Art.**",True,0.00927,2952,126,3407.9058333300054
radar_124,radar,Which property type has the highest Location Score?,Apartments,"From the chart, **Apartments** have the highest **Location Score**, with a score of **85**.",True,0.0077575,2941,27,5665.173416957259
area_chart_167,area_chart,What is the Seed Cost in the month of April?,$1200,The **Seed Cost in April** is **$850**.,False,0.00763,2950,17,2378.2019168138504
bubble_217,bubble,What is the Environmental Impact Score for Beer?,50,The Environmental Impact Score for **Beer** is **45**.,True,0.0076375,2953,17,2095.248708035797
area_chart_33,area_chart,How much waste is generated by the Construction industry?,500 pounds,The Construction industry generates **700 pounds** of waste.,False,0.00774,3006,15,3595.9302498959005
bubble_126,bubble,Which field received the highest research funding according to the dataset?,Anthropology,"According to the chart, **History** received the highest research funding, with **$280 million**.",False,0.007765,2956,25,6251.168791204691
area_chart_121,area_chart,What is the difference in average blood sugar levels between Adults and Children?,20 mg/dL,"From the chart, the average blood sugar levels are:

- **Children:** 80 mg/dL
- **Adults:** 100 mg/dL

**Difference = 100 - 80 = 20 mg/dL**

So, **Adults have an average blood sugar level that is 20 mg/dL higher than Children**.",True,0.0084825,2961,72,5983.822042122483
bubble_37,bubble,Which network technology has the highest cost?,5G,"From the chart, **5G** has the highest cost at **$300**.",True,0.00771,2952,22,2891.358249820769
radar_34,radar,What is the pass rate for middle school?,90%,The **pass rate for Middle School** is **90%**.,True,0.0076225,2941,18,1995.0264999642968
radar_216,radar,By how many percentage points did the mortgage rate increase from Q1 to Q4?,1.5,"The mortgage rate increased from **3.0% in Q1** to **4.5% in Q4**.

**Increase = 4.5% - 3.0% = 1.5 percentage points.**",True,0.0081525,2949,52,2133.72475001961
radar_125,radar,What is the maintenance cost for wind power generation?,30 M$,The maintenance cost for **wind power generation** is **30 million dollars (M$)**.,True,0.0077,2942,23,3149.2382497526705
295,treemap,What region has the smallest percentage of global tourist visits?,Oceania,"Oceania has the smallest percentage of global tourist visits, at 2%.",True,0.007675,2950,20,2204.4737092219293
121,treemap,What percentage of legal expenditures is allocated to Public Defense?,15%,Public Defense is allocated **15%** of legal expenditures.,True,0.007615,2950,16,5463.34012504667
24,treemap,What is the combined percentage for Pharmaceuticals and Food Products in Manufacturing Production?,33%,"Pharmaceuticals is **17%** and Food Products is **16%**.

Combined percentage: **33%**.",True,0.0078175,2953,29,3470.7918749190867
189,treemap,What percentage of government spending is allocated to Social Security and Infrastructure combined?,25%,"Social Security is **15%** and Infrastructure is **10%**.

Combined: **15% + 10% = 25%**

**Answer: 25%**",True,0.002781,2946,40,4487.0722917839885
257,treemap,What is the revenue share percentage for restaurants?,30%,The revenue share percentage for restaurants is **30%**.,True,0.00761,2948,16,3194.229541812092
43,treemap,"What is the combined percentage of funding for Social Sciences, Business, and Law?",38%,"From the chart:

- Social Sciences = 15%
- Business = 15%
- Law = 8%

Combined funding = 15% + 15% + 8% = 38%.

So, the combined percentage is 38%.",True,0.0081975,2955,54,3009.8136248998344
95,treemap,What percentage of the initiatives is dedicated to Pollution Control?,10%,Pollution Control is **10%** of the initiatives.,True,0.0076275,2955,16,2009.3082077801228
area_chart_168,area_chart,What was the profit in 2017?,"$30,000","The profit in **2017** was **$30,000**.",True,0.007675,2956,19,5357.281667180359
bubble_218,bubble,What is the average salary of the Marketing department?,"$72,000","The Marketing department’s average salary is **$72,000**.",True,0.0076425,2949,18,2481.700041797012
bubble_38,bubble,Which destination has the highest average spending?,Japan,"Japan has the highest average spending, at $4,000.",True,0.007635,2952,17,3637.2812911868095
area_chart_34,area_chart,How much more funding does Policy 1 receive in 2024 compared to Policy 5?,$24000,"From the chart for **2024**:

- **Policy 1** funding = **$38,000**
- **Policy 5** funding = **$14,000**

Difference:

**$38,000 - $14,000 = $24,000**

So, **Policy 1 receives $24,000 more than Policy 5 in 2024**.",True,0.0086225,2963,81,7010.424458887428
area_chart_213,area_chart,Which industry has the highest number of Twitter users?,Food,"From the chart, the **Twitter** series is the green one. The highest green value appears in the **Education** industry, at about **190 users**.",False,0.0079275,2949,37,8060.429874807596
bubble_127,bubble,How many millions of beneficiaries does the American Red Cross have?,50,The American Red Cross has **50 million beneficiaries**.,True,0.007615,2956,15,5091.020666062832
122,treemap,Which department has the smallest allocation of government spending according to the data?,Agriculture,"The department with the smallest allocation is **Agriculture**, at **4%**.",True,0.007855,3016,21,1609.4148745760322
radar_35,radar,Which country has the lowest score for Environmental Protection?,Austria,"From the chart, **South Africa** has the **lowest Environmental Protection** score.",False,0.0076475,2933,21,2847.8174158371985
radar_217,radar,Which museum has the highest rating for Staff Friendliness?,Museum E,"From the chart, the **Staff Friendliness** ratings are:

- **Museum A:** 82  
- **Museum B:** 79  
- **Museum C:** 89  

So, **Museum C** has the highest rating for **Staff Friendliness**.",False,0.0082275,2943,58,2853.8945419713855
radar_126,radar,Which product category has the highest in-store sales in Q4?,Grocery,"From the chart, **In-store Sales Q4** values are:

- Electronics: **95**
- Clothing: **70**
- Home Goods: **80**
- Books: **85**
- Grocery: **100**

So, the product category with the **highest in-store sales in Q4 is Grocery**, with **100**.",True,0.0084425,2945,72,5307.302000001073
area_chart_169,area_chart,What is the total cost ($) of electricity and gas for the Mining category?,$1300,"For the **Mining** category:

- **Electricity cost** = **$700**
- **Gas cost** = **$450**

**Total cost = $1,150**",False,0.007985,2948,41,4071.4469999074936
area_chart_214,area_chart,Which category has the highest expenditure for Development?,Engineering,"The category with the highest expenditure for **Development** is **Chemistry**, at **$25,000**.",False,0.0077875,2953,27,4663.822792004794
area_chart_35,area_chart,How many more medical tests were conducted for patients with chronic conditions compared to preventive care visits?,300,"From the chart:

- **Medical Tests for Chronic Conditions** = **300**
- **Medical Tests for Preventive Care Visits** = **100**

So, the number of additional medical tests conducted for patients with chronic conditions is:

**300 - 100 = 200**

**Answer: 200 more medical tests.**",True,0.00857,3014,69,5421.781791839749
bubble_219,bubble,What is the annual turnover rate in the IT department?,8%,The annual turnover rate in the **IT department** is **8%**.,True,0.0076875,2955,20,3052.7621670626104
bubble_39,bubble,What is the legality score for Intellectual Property Law?,90,The legality score for **Intellectual Property Law** is **88**.,True,0.00767,2954,19,3266.5547085925937
bubble_128,bubble,How much higher is the implementation cost for Defence Strategies compared to Immigration Policies?,$500 billion,"From the chart:

- **Defence Strategies** implementation cost = **$700 billion**
- **Immigration Policies** implementation cost = **$300 billion**

So, the implementation cost for **Defence Strategies is $400 billion higher** than for **Immigration Policies**.",False,0.0082975,2959,60,6510.469125118107
radar_218,radar,Which sector has shown consistent improvement over all four quarters?,Public Health,"From the chart, the quarterly values are:

- **Public Health:** 85, 90, 95, 100  
- **Education:** 70, 75, 80, 85  
- **Transportation:** 95, 90, 85, 80  
- **Public Safety:** 65, 70, 75, 80  
- **Urban Development:** 80, 75, 70, 65  

The sectors that show **consistent improvement in every quarter** are:

- **Public Health**
- **Education**
- **Public Safety**",True,0.0092025,2943,123,3494.295250158757
radar_129,radar,In which academic subject is the Student Engagement score the lowest?,Physics,"From the chart, the **Student Engagement** scores are:

- Mathematics: **80**
- Physics: **85**
- Biology: **78**
- History: **90**

The **lowest Student Engagement score is in Biology (78)**.",True,0.008155,2944,53,4452.183667104691
124,treemap,What transportation type has the smallest share of logistics volume?,Pipeline and Intermodal,"The smallest share of logistics volume is **5%**, shared by **Pipeline** and **Intermodal**.",False,0.002581,2950,26,3395.589499734342
radar_36,radar,What is the cost of Solar energy per MWh?,50 dollars,Solar energy costs **$50 per MWh**.,True,0.0075825,2943,15,4220.026833936572
205,treemap,Which legal branch has the same expenditure allocation as the Legislative branch?,Law Enforcement,The **Law Enforcement** branch has the same expenditure allocation as the **Legislative** branch — both are **25**.,True,0.002646,2952,30,3379.3652919121087
221,treemap,What is the combined percentage of the Marketing and Human Resources departments?,25%,"Marketing is **15%** and Human Resources is **10%**.

So, the combined percentage is **25%**.",True,0.00783,2952,30,3609.8598749376833
275,treemap,What is the combined percentage of Beverage Manufacturers and Confectionery in the Food and Beverage Industry market revenue shares?,20%,"Beverage Manufacturers is 10% and Confectionery is 10%, so their combined market revenue share is **20%**.",True,0.0078425,2945,32,3535.5554576963186
area_chart_17,area_chart,How many truck units were shipped in March?,220,"In March, **200 truck units** were shipped.",True,0.007595,2948,15,3479.1857092641294
bubble_129,bubble,How much revenue does LinkedIn generate?,$8.05 billion,"From the chart, **LinkedIn generates about $15 billion in revenue**.",False,0.00768,2952,20,1897.2689998336136
area_chart_216,area_chart,"In which year was the waste production exactly 4,800 pounds?",2020,"Waste production was exactly **4,800 pounds in 2021**.",True,0.00768,2958,19,4097.803583368659
60,treemap,What percentage of funding is going toward Environmental Causes?,15%,Environmental Causes receives **15%** of the funding.,True,0.0075975,2949,15,6526.981124654412
area_chart_36,area_chart,Which department has the highest Employee Satisfaction percentage?,Marketing,"The **IT department** has the highest **Employee Satisfaction** percentage, at **85%**.",False,0.0077425,2953,24,3011.1419172026217
bubble_4,bubble,What is the total number of users (in millions) for Twitter and Reddit combined?,0.9 million,"From the chart:

- **Twitter**: 0.4 million users  
- **Reddit**: 0.3 million users  

Combined total = **0.7 million users**.",False,0.0080625,2961,44,3214.867082890123
radar_219,radar,Which product has the highest sales in May?,Meat Products,"In **May**, **Meat Products** has the highest sales, with **100 units**.",True,0.0077125,2941,24,3493.5813336633146
bubble_22,bubble,What is the Efficiency score for Air mode of transportation?,10,The Efficiency score for **Air** transportation is **8**.,False,0.0076425,2955,17,8489.795125089586
radar_37,radar,What is the average number of customers in the third quarter?,70,"From the chart, the **Number of Customers** in **Q3** is **90**.

So, the average number of customers in the third quarter is **90**.",False,0.00796,2944,40,3522.341291885823
125,treemap,What percentage of the government budget is allocated to Science and Technology?,3%,Science and Technology is allocated **3%** of the government budget.,True,0.0076325,2945,18,3511.9575830176473
radar_13,radar,Which category has the smallest difference in scores across groups A to D?,Music,"From the chart, the scores across Groups A–D are:

- **Music:** 85, 90, 80, 88 → difference = **10**
- **Visual Art:** 78, 85, 90, 82 → difference = **12**
- **Dance:** 92, 88, 84, 90 → difference = **8**
- **Theatre:** 74, 80, 76, 79 → difference = **6**
- **Literature:** 89, 94, 91, 87 → difference = **7**

✅ **The category with the smallest difference is Theatre**, with a range of **6 points**.",True,0.00954,2946,145,8007.2929579764605
78,treemap,How much more is invested in Artificial Intelligence than in Quantum Computing?,18%,"Artificial Intelligence has **25%** investment, while Quantum Computing has **7%**.

So, **Artificial Intelligence is invested in 18 percentage points more than Quantum Computing**.",True,0.008,2960,40,3284.250207711011
area_chart_37,area_chart,In which month did airline bookings reach the highest units according to the given data?,July,"Airline bookings reached their highest level in **August**, at **280 units**.",False,0.007715,2960,21,3141.1748328246176
bubble_220,bubble,How many units of Furniture were sold?,"10,000","Furniture sold **10,000 units**.",True,0.007575,2952,13,1951.2837501242757
area_chart_170,area_chart,What is the trend for the Cybersecurity (Users) from 2020 to 2023?,Increasing,"From the chart, **Cybersecurity (Users)** shows an **upward trend** from **2020 to 2023**:

- **2020:** about **150**
- **2021:** about **180**
- **2022:** about **220**
- **2023:** about **250**

So, the number of cybersecurity users **increased steadily each year**, rising by about **100 users overall** from 2020 to 2023.",False,0.00888,2964,98,7267.785791773349
bubble_13,bubble,What is the Environmental Impact score of Wind power plants?,500,The environmental impact score of **Wind** power plants is **500**.,True,0.0076725,2955,19,4009.075458161533
radar_130,radar,Which event has the highest Media Coverage in hours?,Olympic Games,"The **FIFA World Cup** has the highest **Media Coverage**, with **400 hours**.",False,0.007715,2942,24,1851.7297501675785
bubble_40,bubble,What is the difference in average house prices between Downtown and Suburbs?,"$50,000","From the chart:

- **Downtown average house price:** **$350,000**
- **Suburbs average house price:** **$300,000**

**Difference = $50,000**

So, **Downtown is $50,000 more expensive than the Suburbs on average**.",True,0.008355,2958,64,3839.288709219545
radar_22,radar,By how many points did Job Satisfaction score increase from Q1 to Q4?,15 points,"Job Satisfaction increased from **70 in Q1** to **85 in Q4**.

**Increase = 85 - 70 = 15 points**.",True,0.00791,2948,36,2306.5956658683717
radar_38,radar,What is the Retail Sales figure (in Billions) for Shenzhen?,76,The Retail Sales figure for **Shenzhen** is **30 billion**.,False,0.00765,2946,19,2489.5958341658115
area_chart_171,area_chart,How many students are enrolled in History at the Undergraduate level?,200,"At the **Undergraduate** level, **History** has **500 students** enrolled.",False,0.00772,2956,22,1981.5727919340134
19,treemap,What percentage is Air Transport of the total Freight Volume in Transportation and Logistics?,10%,"From the chart:

- Road: 40
- Rail: 25
- Water: 20
- Air: 10
- Pipeline: 5

Total freight volume = 40 + 25 + 20 + 10 + 5 = 100

Air Transport percentage = 10 / 100 × 100% = 10%

Air Transport accounts for 10% of the total freight volume.",True,0.008735,2954,90,2834.430624730885
126,treemap,Which Social Media Platform has the least web traffic percentage?,TikTok and Reddit share the lowest percentage with 2% each,"The social media platforms with the least web traffic percentage are **Reddit** and **TikTok**, both at **2%**.",True,0.0078225,2943,31,5152.986958157271
area_chart_217,area_chart,In which year did Political Science see the highest number of enrollments?,2021,Political Science had the highest enrollment in **2021**.,True,0.0076425,2961,16,13114.178333897144
area_chart_218,area_chart,What was the Production Volume in April?,74,"The image shows **social media engagement by platform**, not production data by month.

So, **the Production Volume in April cannot be determined from this chart**.",False,0.00792,2952,36,3017.2103331424296
area_chart_38,area_chart,What is the average price of a 3 Bedroom condo compared to a 4 Bedroom apartment?,"$100,000 less","From the chart:

- **3 Bedroom condo**: **$350,000**
- **4 Bedroom apartment**: **$450,000**

So, the **4 Bedroom apartment costs $100,000 more** than the **3 Bedroom condo**.",True,0.0082475,2963,56,3626.387875061482
bubble_130,bubble,Which artist has the highest number of artworks sold according to the dataset?,Pablo Picasso,"According to the chart, **Pablo Picasso** has the highest number of artworks sold, with **20,000 artworks**.",True,0.007845,2958,30,2561.6843751631677
radar_131,radar,What is the TV rating percentage for the NBA?,85%,The NBA TV rating is **70%**.,False,0.007565,2942,14,2033.625792246312
bubble_41,bubble,How much is the User Growth for Instagram?,1.2 million,Instagram’s **User Growth** is **1.2 million**.,True,0.0076525,2953,18,4262.318750377744
radar_220,radar,Which sport had the highest increase in popularity from 2020 to 2021?,Baseball,"From the chart, the popularity scores from 2020 to 2021 changed as follows:

- Basketball: 90 → 95 = +5
- Soccer: 75 → 80 = +5
- Tennis: 85 → 90 = +5
- Golf: 85 → 90 = +5
- Baseball: 80 → 95 = +15

Baseball had the highest increase in popularity, with an increase of 15 points.",True,0.0088725,2949,100,3082.2735838592052
bubble_221,bubble,How much CO2 Emission (in Metric Tonnes) is associated with Nuclear energy?,10,"From the chart, **Nuclear energy** is associated with **50 metric tonnes of CO₂ emissions**.",False,0.007795,2962,26,5987.527291756123
radar_39,radar,Which category showed a 15% increase from Q1 to Q4 in 2021?,Product Quality,"From the chart:

- **Customer Satisfaction:** 85 → 100 = **+15**
- **Product Quality:** 90 → 105 = **+15**
- **Delivery Speed:** 80 → 95 = **+15**
- **Product Availability:** 75 → 90 = **+15**
- **Return Policy:** 70 → 85 = **+15**

So, **all categories** showed a **15-point increase** from **Q1 to Q4 in 2021**.",True,0.0090125,2951,109,2840.27179190889
44,treemap,What percentage of the revenue is attributed to Cultural Attractions?,5%,Cultural Attractions account for **5%** of the revenue.,True,0.00759,2934,17,2011.212334036827
258,treemap,What percentage of the revenue distribution is made up by Vacation Rentals and Bed & Breakfasts combined?,23%,"From the chart:

- Vacation Rentals = 15%
- Bed & Breakfasts = 8%

Combined:
15% + 8% = 23%

Answer: 23%",True,0.00801,2958,41,4333.917250391096
296,treemap,What is the market share percentage of the Retail sector?,8,The Retail sector's market share is **8%**.,True,0.007615,2950,16,3346.582458820194
97,treemap,What is the combined percentage of the Consumer Goods and Automotive sectors?,45%,"Consumer Goods is **25%** and Automotive is **20%**.

**Combined percentage = 45%**.",True,0.0077825,2945,28,1951.0007076896727
127,treemap,What is the combined percentage of the Clothing and Food & Beverage categories?,32%,"Clothing is **20%** and Food & Beverage is **12%**.

Combined percentage: **32%**.",True,0.0078375,2961,29,5899.439875036478
area_chart_39,area_chart,Which organization received the highest amount of donations according to the data?,Feeding America,"According to the chart, **UNICEF** received the highest amount of donations, with **600 thousand dollars**.",False,0.007745,2936,27,3104.886041022837
area_chart_219,area_chart,In which year was the highest amount of hours dedicated to Research?,2015,The highest amount of hours dedicated to **Research** was in **2019**.,True,0.0077075,2957,21,3108.839916996658
bubble_131,bubble,What is the efficiency percentage of Solar Energy?,90%,Solar energy has an efficiency of **95%** in the chart.,True,0.0076525,2953,18,2673.282749950886
area_chart_172,area_chart,How many more users does YouTube have for News compared to YouTube users for Health?,70,"From the chart, YouTube users are:

- **News:** 250
- **Health:** 180

So the difference is **250 - 180 = 70**.

**Answer: 70 more users.**",True,0.0081425,2957,50,5346.276457887143
bubble_222,bubble,Which event has the highest Prize Money?,The Olympics,"The **Olympics** has the highest prize money, at **$0.21 billion**.",False,0.00774,2952,24,3397.5305831991136
bubble_42,bubble,In which category is the average spend per customer the highest?,Electronics,"From the chart labels, the **average spend per customer** values are:

- Electronics = **$120**
- Apparel = **$100**
- Groceries = **$200**
- Books = **$40**
- Toys = **$80**
- Home Furnishings = **$150**

The **highest** is **Groceries**, at **$200 per customer**.",True,0.00862,2956,82,3473.030500113964
radar_4,radar,What is the Delivery Speed score for Q4?,100,The Delivery Speed score for **Q4** is **100**.,True,0.007625,2942,18,2346.061958000064
radar_221,radar,What is the average score for Science across all four quarters?,74.5,"From the chart, Science scores are:

- Quarter 1: 70
- Quarter 2: 73
- Quarter 3: 76
- Quarter 4: 79

Average = \( \frac{70 + 73 + 76 + 79}{4} = \frac{298}{4} = 74.5 \)

**Answer: 74.5**",True,0.00865,2944,86,3329.9536663107574
radar_132,radar,Which type of educational institution has the highest student satisfaction score?,Ivy League Institutes,"From the chart, the **Student Satisfaction** scores are:

- **Private University**: 88  
- **Public High School**: 70  
- **Community College**: 80  
- **Online Learning Platform**: 95  

So, the **Online Learning Platform** has the **highest student satisfaction score (95)**.",False,0.008455,2944,73,4778.843666892499
area_chart_4,area_chart,In which month was the water usage at its highest for the year 2020?,May,"The water usage was highest in **October**, at **2800 gallons**.",False,0.00769,2956,20,2297.586082946509
area_chart_22,area_chart,How many bushels were harvested in October?,950,"In **October**, the **crop yield harvested** was **970 bushels**.",True,0.00786,3012,22,3466.223666910082
bubble_132,bubble,What is the market share percentage of Soft Drinks?,30%,The market share of **Soft Drinks** is **40%**.,False,0.007655,2954,18,3143.586582969874
area_chart_174,area_chart,How many inpatient visits were there in Q4 of 2017?,180,There were **180 inpatient visits** in **Q4 of 2017**.,True,0.0076975,2953,21,3481.136249843985
128,treemap,What percentage of E-commerce sales does Health and Beauty represent?,4%,Health and Beauty represents **4%** of e-commerce sales.,True,0.007645,2956,17,6685.756042134017
bubble_43,bubble,How much is the Broadcast Audience for the NBA Finals?,120 million,The **NBA Finals** broadcast audience is **150 million**.,False,0.0076425,2955,17,3055.37929199636
bubble_223,bubble,Which city has the highest rent to buy ratio?,Philadelphia,"From the chart, **Philadelphia** has the **highest rent-to-buy ratio**, at about **4.2**.",True,0.007805,2954,28,5412.821332924068
radar_40,radar,Which category showed the highest percentage in Q4?,Home Sales (%),"In **Q4**, the category with the highest percentage is **Home Sales (%)** at **95%**.",True,0.00776,2942,27,2006.0582500882447
radar_222,radar,What is the average score in English across all terms?,77.5,"English scores are **85, 80, 75, and 70**.

Average:
\[
\frac{85 + 80 + 75 + 70}{4} = \frac{310}{4} = 77.5
\]

**Answer: 77.5**",True,0.0083325,2943,65,4527.0267077721655
radar_133,radar,How many more delivery vans does PQR Logistics have compared to ABC Freight?,3,"From the chart, **Delivery Vans** are:

- **ABC Freight:** 35  
- **PQR Logistics:** 38  

Difference: **38 - 35 = 3**

**PQR Logistics has 3 more delivery vans than ABC Freight.**",True,0.0082225,2947,57,5730.122583918273
206,treemap,Which legal branch has the same expenditure allocation as the Legislative branch?,Law Enforcement,The **Law Enforcement** branch has the same expenditure allocation as the **Legislative** branch — both are **25%**.,True,0.002661,2952,31,3325.617792084813
222,treemap,What percentage of the research funding is allocated to Political Science?,10%,Political Science is allocated **10%** of the research funding.,True,0.007615,2944,17,2798.3094174414873
276,treemap,What percentage of resources is allocated to Legal Services?,15%,Legal Services is allocated **15%** of the resources.,True,0.0076125,2949,16,3350.923541933298
61,treemap,How much more is the percentage of Search Engines compared to Online Gaming?,16%,"Search Engines is **20%** and Online Gaming is **4%**.

So, the percentage difference is:

**20% - 4% = 16%**

**Answer: 16% more.**",True,0.008115,2958,48,3279.238374903798
area_chart_175,area_chart,By how much did restaurant reservations increase from Q1 to Q12 in 2019?,"330,000","From the chart, restaurant reservations were:

- **Q1:** 300 thousand  
- **Q12:** 630 thousand  

Increase = **630 - 300 = 330 thousand**

**Answer: 330 thousand reservations.**",False,0.0081775,2965,51,2973.4687921591103
129,treemap,How much is the combined percentage of Television Programs and Amusement Parks in the revenue distribution?,9%,"Television Programs is **7%** and Amusement Parks is **2%**.

Combined percentage: **9%**.",True,0.0078625,2965,30,7045.9008337929845
area_chart_220,area_chart,Which field had the highest increase in the number of publications from 2015 to 2019?,Psychology,"From the chart:

- **Anthropology:** 150 → 170 = **+20**
- **Sociology:** 180 → 190 = **+10**
- **Psychology:** 160 → 180 = **+20**
- **History:** 100 → 120 = **+20**
- **Political Science:** 140 → 200 = **+60**

**Political Science** had the highest increase in publications from 2015 to 2019, with an increase of **60**.",True,0.0090825,2967,111,4012.861500028521
area_chart_40,area_chart,How many arbitration cases were disposed of in 2021?,90,"In 2021, **90 arbitration cases were disposed of**.",True,0.0076475,2951,18,3699.4253750890493
bubble_224,bubble,What is the market size for coffee?,105,"From the chart, **coffee's market size is 130 billion dollars**.",False,0.00768,2952,20,3554.667000193149
bubble_44,bubble,What is the revenue in billions of dollars generated by Basketball?,25,Basketball generates **25 billion dollars** in revenue.,True,0.007615,2956,15,3482.0613325573504
radar_134,radar,What is the average score for Player Performance in the given sports?,86,"From the chart, the **Player Performance (Score)** values are:

- Football: **85**
- Basketball: **90**
- Rugby: **95**
- Tennis: **90**

Average:

\[
\frac{85 + 90 + 95 + 90}{4} = \frac{360}{4} = 90
\]

**Average Player Performance score = 90**.",True,0.0086525,2945,86,3479.6597911044955
bubble_133,bubble,In which category did sales exceed the advertising budget by the largest margin?,Clothing,"From the chart:

- Electronics: Sales 1500, Ad budget 400 → difference = 1100
- Clothing: Sales 2000, Ad budget 350 → difference = 1650
- Home and Furniture: Sales 1200, Ad budget 200 → difference = 1000
- Beauty and Personal Care: Sales 900, Ad budget 300 → difference = 600
- Sports and Outdoor: Sales 1600, Ad budget 250 → difference = 1350

The largest margin is for Clothing.",True,0.00912,2958,115,5569.7802496142685
radar_223,radar,Which state has the highest Case Closure Time?,State D,"From the chart, the **Case Closure Time** values are:

- **State A:** 100  
- **State B:** 95  
- **State C:** 85  

So, **State A has the highest Case Closure Time**.",False,0.0081625,2941,54,4682.3551673442125
radar_41,radar,By how much is the Water Consumption expected to decrease from 2020 to 2025?,25 m3/capita,"From the chart, **Water Consumption** is:

- **2020:** 90 m³/capita  
- **2025:** 65 m³/capita  

So the expected decrease is:

**90 - 65 = 25 m³/capita**

So, **Water Consumption is expected to decrease by 25 m³/capita from 2020 to 2025.**",True,0.0086825,2951,87,3683.922457974404
13,treemap,What is the combined percentage of Health & Beauty and Books & Media?,20%,"Health & Beauty is **12%** and Books & Media is **8%**.

Combined: **20%**.",True,0.0077775,2937,29,2684.614541940391
79,treemap,"Which department has a higher percentage of workforce distribution, Marketing or IT Support?",Marketing,"Marketing has a higher workforce distribution than IT Support.

- Marketing: 17%
- IT Support: 10%",True,0.00781,2962,27,4290.390667039901
area_chart_221,area_chart,In which quarter did the number of mobile users reach 150 million?,Q3,The number of mobile users reached **150 million in Q3**.,True,0.0076525,2953,18,4523.584874812514
area_chart_176,area_chart,How many sites are associated with E-learning according to the data?,250,"According to the chart, **E-learning** is associated with **100 websites**.",False,0.0077075,2957,21,6129.2410409078
bubble_135,bubble,How much has been invested in research for Cancer?,150 billion dollars,"From the chart, **Cancer** has a research investment of **$150 billion**.",True,0.007715,2954,22,3574.958208017051
bubble_226,bubble,Which type of lawsuit has the highest economic impact according to the data?,Medical Malpractice,"According to the chart, **Medical Malpractice** has the **highest economic impact**, at approximately **$850 million**.",True,0.00783,2958,29,3038.560875225812
bubble_45,bubble,What is the appeal rate for cases in the County Court?,15%,The appeal rate for the County Court is 15%.,True,0.007615,2956,15,3179.012999869883
radar_135,radar,How much Ad Revenue does Instagram have?,$250m,Instagram’s **Ad Revenue** is **$250 million**.,True,0.007605,2940,17,2129.5375423505902
area_chart_41,area_chart,Which industry has the highest Energy Usage percentage?,Real Estate,"From the chart, **Energy Usage (%)** is highest for **Manufacturing**, at **100%**.",False,0.00776,2948,26,7070.955916773528
131,treemap,What is the combined percentage of funding for Linguistics and Anthropology?,20%,"Linguistics is **11%** and Anthropology is **9%**.

Combined funding: **20%**.",True,0.0077825,2945,28,1927.3171247914433
radar_224,radar,What is the food and beverage revenue score in Q2?,82,The **Food and Beverage Revenue** score in **Q2** is **82**.,True,0.00769,2944,22,3471.5686249546707
radar_42,radar,Which category had the highest increase in its figures from Q1 to Q4?,Fertilizer Use (kg),"From the chart, the Q1 to Q4 changes are:

- **Crop Yield:** 320 → 360 = **+40**
- **Pesticide Use:** 200 → 300 = **+100**
- **Water Usage:** 210 → 230 = **+20**
- **Fertilizer Use:** 600 → 800 = **+200**
- **Soil Quality:** 80 → 95 = **+15**

**Fertilizer Use (kg)** had the highest increase, with an increase of **200**.",True,0.00914,2948,118,3841.3849165663123
area_chart_42,area_chart,In which year did diabetes cases reach 800?,2017,Diabetes cases reached **800 in 2018**.,True,0.007625,2954,16,3115.480292122811
190,treemap,What is the percentage difference between Road and Air transportation modes?,25%,"Road is **40%** and Air is **15%**.

The percentage difference is:

**40% - 15% = 25%**

So, the difference between Road and Air transportation modes is **25 percentage points**.",True,0.008315,3014,52,4515.357000287622
area_chart_177,area_chart,What is the total revenue of Clothing sales combining E-commerce and Retail?,$18000,"From the chart, **Clothing** revenue is:

- **E-commerce:** \$6,000  
- **Retail:** \$7,000  

**Total Clothing revenue = \$13,000.**",False,0.0080775,2961,45,3136.9507499039173
area_chart_222,area_chart,How much is the total revenue for Europe?,400000,"The total revenue for **Europe** is **$650,000**.",False,0.0076675,2953,19,3124.7287918813527
bubble_136,bubble,How many more gallons of water per acre does rice use compared to soybeans?,20000,"From the chart:

- **Rice water usage:** 40,000 gallons per acre  
- **Soybeans water usage:** 25,000 gallons per acre

**Difference = 40,000 − 25,000 = 15,000 gallons per acre**

So, **rice uses 15,000 more gallons of water per acre than soybeans**.",False,0.00857,2960,78,3016.734750010073
radar_136,radar,Who has the highest score in Resilience?,Symbol,"In the **Resilience** category, **Symbol** has the highest score, at **9.87**.",True,0.0077575,2941,27,3332.6515001244843
bubble_227,bubble,How many million people does the Red Cross reach?,40,The chart shows the **Red Cross reaches 5 million people**.,False,0.007655,2954,18,4433.308125007898
bubble_46,bubble,What is the total number of employees (in thousands) for XYZ Corp. and RST Co. combined?,65,"From the chart:

- **XYZ Corp.** = **30 thousand**
- **RST Co.** = **35 thousand**

Total = **65 thousand employees**.",True,0.007985,2966,38,5200.416374951601
radar_225,radar,How much did the dairy products sales increase from Month 1 to Month 6?,13 Million $,"From the chart, **Dairy Products Sales** were:

- **Month 1:** 30 million dollars  
- **Month 6:** 43 million dollars  

So the increase is:

**43 - 30 = 13 million dollars**

**Answer: 13 million dollars.**",True,0.0083175,2949,63,4084.5455839298666
radar_43,radar,Which category had the highest consumption/generation in Q4?,Nuclear Generation,"In Q4, **Fuel Costs (USD)** had the highest value at **80**.

If you mean only energy consumption/generation categories, then **Nuclear Generation (kWh)** was highest at **70**.",True,0.008095,2944,49,4200.210625305772
132,treemap,What percentage of the manufacturing output is accounted for by Textiles?,12%,Textiles account for **12%** of the manufacturing output.,True,0.0076175,2945,17,3701.755499932915
26,treemap,What percentage of online usage is taken up by E-Learning?,3%,E-Learning takes up **3%** of online usage.,True,0.0024635,2957,17,3002.918459009379
45,treemap,Which category has the smallest percentage in manufacturing output?,Machinery,"The category with the smallest percentage is **Machinery**, at **2%**.",True,0.0076875,2949,21,1835.524583235383
98,treemap,What is the combined percentage of Instagram and WhatsApp usage?,30%,"Instagram is 15% and WhatsApp is 15%, so combined they are **30%**.",True,0.007735,2944,25,2001.8492918461561
area_chart_178,area_chart,What percentage of Arts participation was for Music in the year 2020?,30%,"In 2020, **Music participation was 35%**.",False,0.007655,2954,18,3009.2500001192093
298,treemap,What is the combined percentage for the Environmental and Immigration Departments?,5%,"The Environmental Department is **2%** and the Immigration Department is **3%**.

**Combined percentage = 2% + 3% = 5%**.",True,0.0079625,2951,39,5021.650125272572
area_chart_223,area_chart,Which product has the highest energy consumption according to the data?,Renewable Energy Credits,"According to the chart, **Renewable Energy Solutions** has the highest **energy consumption**, at **250 kWh**.",False,0.0079325,2999,29,2021.269166842103
241,treemap,Which two academic disciplines received the same percentage of research funding?,Sociology and Chemistry,"The two disciplines that received the same percentage of research funding are **Sociology** and **Chemistry**, both at **5%**.",False,0.0079925,2999,33,7938.872915692627
bubble_137,bubble,What is the tourism revenue of Dubai?,44 billion $,Dubai’s tourism revenue is **54 billion dollars**.,False,0.007605,2952,15,2346.0138752125204
area_chart_43,area_chart,How much more wind energy does the commercial sector consume compared to the residential sector?,1000 kWh,"From the chart, wind energy consumption is:

- Residential: 1,500 kWh
- Commercial: 2,000 kWh

Difference = 2,000 − 1,500 = 500 kWh

So, the commercial sector consumes 500 kWh more wind energy than the residential sector.",False,0.00842,2960,68,3660.824542399496
radar_138,radar,Which property type had the highest market demand in 2023?,Single-Family,"From the chart, **Single-Family** had the highest market demand in 2023, with a demand value of **90,000**.",True,0.0078725,2945,34,2977.130082901567
bubble_228,bubble,How much more data usage is allowed on Fibre Optic compared to Satellite?,1000 GB,"From the chart:

- **Fibre Optic data usage:** **1500 GB**
- **Satellite data usage:** **500 GB**

So, **Fibre Optic allows 1000 GB more data usage than Satellite**.",True,0.0081625,2959,51,3977.618040982634
bubble_47,bubble,How many more hours per week is the engagement in music compared to dance?,5 hours,"Music engagement is **9 hours/week** and dance engagement is **7 hours/week**.

So, music has **2 more hours per week** of engagement than dance.",False,0.0079675,2959,38,4368.4377912431955
radar_226,radar,Which factory has the highest Machine Efficiency score?,Factory D,"From the chart, the **Machine Efficiency** scores are:

- **Factory A:** 75  
- **Factory B:** 80  
- **Factory C:** 90  

So, **Factory C** has the highest Machine Efficiency score.",False,0.0081475,2941,53,3019.8915828950703
radar_44,radar,What is the engagement score for Q2?,95,The engagement score for **Q2** is **95**.,True,0.0076075,2941,17,2505.2839159034193
133,treemap,How much less does the Information Technology sector contribute to the economy compared to the Investment sector?,10%,"The Investment sector contributes 20%, while Information Technology contributes 10%.

So, Information Technology contributes 10 percentage points less than the Investment sector.",True,0.008045,3020,33,3806.3982501626015
area_chart_179,area_chart,How many more vacation rentals were available in 2023 compared to 2019?,200,"From the chart, **Vacation Rentals** were:

- **300** in **2019**
- **700** in **2023**

So the increase is:

**700 - 300 = 400**

**Answer: 400 more vacation rentals** were available in 2023 compared to 2019.",False,0.008415,2964,67,3909.8716247826815
bubble_229,bubble,"Out of the materials listed, which has the highest annual production?",Steel,"From the chart, **Steel** has the highest annual production, at about **1,900 million tonnes**.",True,0.0077975,2957,27,2610.287749674171
area_chart_44,area_chart,What is the increase in sales for Home & Kitchen from 2016 to 2020?,"$40,000","From the chart, **Home & Kitchen** sales were:

- **2016:** 400,000  
- **2020:** 600,000  

**Increase = 600,000 - 400,000 = 200,000**

So, the increase in sales for **Home & Kitchen** from **2016 to 2020** is **200,000**.",True,0.008645,2966,82,4113.179000094533
bubble_48,bubble,Which crop has the highest production volume according to the data?,Corn,"According to the chart, **Corn** has the highest production volume, at about **1,200 million tonnes**.",True,0.00781,2956,28,2505.0052907317877
area_chart_224,area_chart,In which year did Waste Management see an annual average increase of 10% from the previous year?,2020,"Waste Management values appear to be:

- 2016: 40
- 2017: 45
- 2018: 50
- 2019: 55
- 2020: 60

A 10% increase from the previous year means:

- From 2016 to 2017: \( (45-40)/40 = 12.5\% \)
- From 2017 to 2018: \( (50-45)/45 \approx 11.1\% \)
- From 2018 to 2019: \( (55-50)/50 = 10\% \)
- From 2019 to 2020: \( (60-55)/55 \approx 9.1\% \)

So, **2019** is the year when Waste Management saw a **10% increase** from the previous year.",True,0.0102675,2967,190,6407.351459376514
radar_139,radar,What is the quality score of dance?,90,The quality score of **Dance** is **88**.,True,0.00759,2940,16,2535.6082497164607
bubble_138,bubble,What was the Production Volume in April?,74,"The chart shown is about **tourism and hospitality statistics of major cities**, not monthly production data. It does not include **April** or any **Production Volume** values.

So, **the Production Volume in April cannot be determined from this chart**.",False,0.008205,2952,55,5166.379833128303
radar_227,radar,Which energy source has the lowest utility cost according to the data?,Geothermal,"From the chart, the **Utility Costs** values are:

- **Solar:** 85  
- **Wind:** 79  
- **Hydro:** 75  
- **Geothermal:** 70  

So, **Geothermal** has the **lowest utility cost**.",True,0.0082625,2945,60,2567.5482088699937
135,treemap,What percentage of students are enrolled in High School education?,30%,The percentage of students enrolled in **High School** education is **30%**.,True,0.00769,2950,21,3432.89895914495
radar_45,radar,By how much did the Education (%) score increase from Q1 to Q4?,15%,"From the chart, **Education (%)** is **85** in **Q1** and **95** in **Q4**.

So the increase is:

**95 - 85 = 10 percentage points**

**Answer: 10%**",False,0.00818,2948,54,5608.718916773796
207,treemap,How much more percentage does Painting have compared to Film in exhibition attendance?,18%,"Painting attendance is **25%**, and Film attendance is **7%**.

Difference:
**25% - 7% = 18%**

So, **Painting has 18 percentage points more attendance than Film**.",True,0.0081175,2953,49,3169.365292415023
277,treemap,How much greater is the Internet usage share for Streaming Services than for Internet of Things?,12%,"Streaming Services has a 15% share, while Internet of Things has 3%.

So the difference is 12 percentage points.",True,0.00784,2956,30,2209.7647502087057
223,treemap,What is the least used energy source according to the data?,Hydroelectric,"The least used energy source is **Hydroelectric**, at **5%**.",True,0.0076925,2951,21,4744.910208042711
62,treemap,How much higher is the percentage of Apartments sold compared to Duplexes?,18%,"Apartments account for **25%**, while Duplexes account for **7%**.

So, the percentage of Apartments sold is **18 percentage points higher** than Duplexes.",True,0.0079825,2953,40,2063.6720419861376
area_chart_45,area_chart,How many points did the graduate students score in Science?,30,Graduate students scored **50 points** in **Science**.,False,0.007615,2950,16,1783.284000121057
bubble_139,bubble,What is the annual cost for the Environment policy?,500 Billion $,The **Environment** policy has an annual cost of **$500 billion**.,True,0.007685,2954,20,2917.2680000774562
area_chart_225,area_chart,In which year was the fish production the highest according to the data?,2015,Fish production was highest in **2019**.,True,0.007605,2958,14,4497.013207990676
area_chart_18,area_chart,What was the incremental increase in revenue from 2020 to 2021?,5 million $,"Revenue in 2020 was **95 million dollars** and in 2021 it was **120 million dollars**.

So, the incremental increase was:

**120 - 95 = 25 million dollars**.",True,0.0080925,2955,47,5873.781041242182
bubble_23,bubble,What is the Environmental Impact score for the Education policy?,600,The **Environmental Impact score for Education** is **600**.,True,0.0076425,2955,17,2425.920832902193
bubble_5,bubble,How many thousands of Engineering Graduates are there in the field of Artificial Intelligence?,2.4,"From the chart, **Artificial Intelligence** has **2.5 thousand engineering graduates**.",True,0.00773,2960,22,2865.882916841656
radar_14,radar,What is the Advertising Effectiveness score of Instagram?,85,Instagram’s **Advertising Effectiveness score** is **85**.,True,0.00761,2942,17,3997.003166936338
radar_46,radar,Which category scored exactly 95 in Q3?,Product Quality,"In **Q3**, the category that scored exactly **95** is **Online Experience**.",False,0.0077,2942,23,2732.199582736939
136,treemap,Which legal sector has the smallest proportional case load according to the data?,Environmental Law,"The legal sector with the smallest proportional case load is **Environmental Law**, at **5%**.",True,0.0077425,2953,24,5016.732708085328
8,treemap,What percentage of the total research funding is allocated to Artificial Intelligence?,14%,"From the chart, the funding amounts are:

- Artificial Intelligence: 14
- Biotechnology: 18
- Renewable Energy: 15
- Space Exploration: 22
- Materials Science: 11
- Earth Sciences: 8
- Mechanical Engineering: 2
- Electronics: 10

Total funding = 14 + 18 + 15 + 22 + 11 + 8 + 2 + 10 = 100

Percentage allocated to Artificial Intelligence:

\[
\frac{14}{100} \times 100\% = 14\%
\]

So, Artificial Intelligence receives 14% of the total research funding.",True,0.009465,2952,139,3591.672749724239
area_chart_226,area_chart,How many condominiums were built in 2020?,500,"In 2020, **500 condominiums** were built.",True,0.0076675,2959,18,2620.034832973033
area_chart_181,area_chart,What is the total increase in Food Production from 2016 to 2020?,4000 Tons,"From the chart, **Food Production** was:

- **2016:** 10,000 tons  
- **2020:** 14,000 tons  

**Total increase = 14,000 - 10,000 = 4,000 tons.**",True,0.0082575,2961,57,4193.774666637182
area_chart_46,area_chart,Which category had the highest number of YouTube posts?,User Engagement,"From the chart, the highest number of **YouTube posts** is in **Video Sharing**, with about **300 posts**.",False,0.0078075,2943,30,3728.8629999384284
radar_228,radar,By how many points does rail transportation in Q4 exceed air transportation in Q1?,15,"From the chart:

- **Rail in Q4 = 85**
- **Air in Q1 = 80**

Difference: **85 − 80 = 5 points**

**Answer: 5 points.**",False,0.0080925,2949,48,9143.895916175097
bubble_14,bubble,Which region has the lowest education level score?,Australia,"From the chart, **Africa** has the lowest education level score, at **50**.",False,0.0077275,2953,23,2872.3109997808933
bubble_50,bubble,How much energy does the Solar Farm project use?,25 Megawatts,The **Solar Farm** project uses **25 megawatts** of energy.,True,0.007685,2954,20,2645.3471672721207
bubble_230,bubble,How many more billions of dollars in revenue did the Fast Food industry generate compared to the Seafood industry?,$150 billion,"From the chart:

- **Fast Food revenue** = **$200 billion**
- **Seafood revenue** = **$90 billion**

Difference:

**200 - 90 = 110**

So, the Fast Food industry generated **$110 billion more** in revenue than the Seafood industry.",False,0.008355,2964,63,3981.2536663375795
radar_140,radar,Which Region has the highest Hotel Occupancy Rate (%)?,Region D,"The region with the highest **Hotel Occupancy Rate (%)** is **Region A**, with **85%**.",False,0.0077625,2943,27,3333.65033287555
radar_229,radar,Which Engineering group has the highest Innovation Index?,Engineering C,"From the chart, the **Innovation Index** scores are:

- **Engineering A:** 85  
- **Engineering B:** 89  
- **Engineering C:** 78  

So, **Engineering B** has the highest Innovation Index.",True,0.0081325,2941,52,2713.953959289938
radar_47,radar,Which city has the highest home ownership rate according to the data?,City D,"According to the chart, **City C** has the highest home ownership rate at **0.95** (or **95%**).",False,0.0078425,2945,32,2704.158749897033
137,treemap,What is the combined percentage allocated to Health Services and Educational Programs?,45%,"Health Services is **25%** and Educational Programs is **20%**.

Combined: **25% + 20% = 45%**.",True,0.007925,2960,35,4095.3800422139466
191,treemap,What percentage of the workforce is distributed between Sales and Marketing departments combined?,35%,"Sales is **20%** and Marketing is **15%**.

Combined: **20% + 15% = 35%**

**Answer: 35%**",True,0.00798,2958,39,4084.0794588439167
area_chart_182,area_chart,In which year did Literature Publications reach the number of 600?,2019,Literature publications reached **600 in 2019**.,True,0.0076325,2957,16,2513.462250120938
area_chart_227,area_chart,In which year were there the most Theatre events?,2021,"From the chart, Theatre events by year are approximately:

- 2017: 200
- 2018: 180
- 2019: 220
- 2020: 260
- 2021: 240

So, the most Theatre events occurred in **2020**.",True,0.0083925,2949,68,4660.638416651636
bubble_140,bubble,How many million tonnes of emission does ship transport produce?,1500,Ship transport produces **1200 million tonnes** of emissions.,False,0.0076275,2955,16,4594.989041797817
bubble_231,bubble,How many employees does Microsoft have in millions?,1.7,Microsoft has **1.7 million employees**.,True,0.0075925,2953,14,4704.774084035307
radar_141,radar,What is the Policy Impact score for Healthcare?,79,The **Policy Impact score for Healthcare** is **88**.,False,0.0076075,2941,17,2392.174417153001
bubble_51,bubble,How many factory workers are employed in the production of smartphones?,1200 thousand,"The chart shows that **smartphones employ 1,200 thousand factory workers**, i.e. **1.2 million workers**.",True,0.007855,2956,31,6872.181792277843
area_chart_47,area_chart,How many legal cases were settled in 2020?,20,"In 2020, **18 legal cases were settled**.",True,0.00763,2950,17,10372.622082941234
radar_23,radar,Which organization has the highest score in Fundraising Performance?,Organization A,"From the chart, **Organization B** has the highest **Fundraising Performance** score, with a score of **95**.",False,0.0078075,2943,30,4768.172707874328
260,treemap,What is the combined percentage allocation for Defense and Healthcare departments?,39%,"Defense is 21% and Healthcare is 18%.

Combined allocation: **39%**.",True,0.007705,2944,23,2000.7861251942813
139,treemap,Which sector has the highest percentage according to the portfolio diversification?,Stock Market,The **Stock Market** sector has the highest percentage at **22%**.,True,0.0076775,2951,20,3911.959959194064
radar_48,radar,By how many percentage points did the Market Share increase from Q1 to Q4?,15 percentage points,"From the chart, **Market Share (%)** is:

- **Q1:** 65
- **Q4:** 80

So the increase is:

**80 - 65 = 15 percentage points**

**Answer: 15 percentage points.**",True,0.0082125,2949,56,5245.148917194456
242,treemap,What percentage of the research funding is allocated to Psychology?,18%,Psychology is allocated **18%** of the research funding.,True,0.0076125,2943,17,3897.7614589966834
299,treemap,What is the combined percentage of Multi-Family Buildings and Luxury Residences in the sales distribution?,12%,"From the chart:

- **Multi-Family Buildings** = **10%**
- **Luxury Residences** = **2%**

**Combined percentage = 12%**.",True,0.0080075,2963,40,2383.42229090631
99,treemap,Which sector has the smallest percentage according to the given data?,Government Bonds,"The sector with the smallest percentage is **Government Bonds**, at **3%**.",True,0.0076925,2951,21,2434.472542256117
area_chart_228,area_chart,What is the English score for a Doctorate level?,170,The English score for the Doctorate level is **170**.,True,0.00763,2950,17,2767.0545000582933
46,treemap,Which research area receives the lowest percentage of funding according to the data?,Environmental Science,"The research area with the lowest percentage of funding is **Environmental Science**, at **2%**.",True,0.0078625,3001,24,2804.2601253837347
area_chart_183,area_chart,How much water does the Agricultural category use?,25000 gallons,"The **Agricultural** category uses **30,000 gallons** of water.",False,0.00767,2948,20,4643.973082769662
area_chart_48,area_chart,How many units were produced in December?,3400,"In December, **3400 units** were produced.",True,0.00775,3010,15,4635.09187521413
bubble_232,bubble,What are the carbon emissions for solar energy?,0 kg per KWh,"From the chart, **solar energy has carbon emissions of 50 kg per kWh**.",True,0.0077275,2953,23,2964.7010839544237
bubble_141,bubble,What was the Production Volume in April?,74,"The chart shown is about **sports and entertainment performance metrics** (revenue, attendance, player salaries, TV ratings), not monthly production.

So, **the Production Volume in April is not provided in this image**. If you share the correct production chart, I can identify April’s value.",False,0.008325,2952,63,6316.344707738608
radar_230,radar,Which housing aspect has the highest satisfaction score in Q4?,Price,"In **Q4**, the housing aspect with the **highest satisfaction score** is **Price**, with a score of **95**.",True,0.007825,2944,31,3148.518207948655
radar_49,radar,What is the increase in Customer Satisfaction from Q1 to Q4?,15%,"Customer Satisfaction increased from **65% in Q1** to **75% in Q4**.

**Increase = 75% - 65% = 10 percentage points.**",False,0.00798,2946,41,2300.683666020632
14,treemap,How much percentage is allocated to Medicine and Health?,17%,Medicine and Health is allocated **17%**.,True,0.0075825,2949,14,1840.1863328181207
radar_142,radar,What is the score difference between Quality Control in Q4 and Cost Reduction in Q2?,25,"From the chart:

- **Quality Control in Q4** = **95**
- **Cost Reduction in Q2** = **70**

**Score difference = 95 - 70 = 25**.",True,0.008065,2950,46,5960.804875008762
bubble_52,bubble,What is the market share percentage for Coffee?,20%,The market share percentage for **Coffee** is **18%**.,True,0.0076525,2953,18,5977.290165610611
area_chart_184,area_chart,How many more undergraduate students are there in Education compared to Engineering?,150,"From the chart:

- **Education undergraduate students** = **700**
- **Engineering undergraduate students** = **500**

So the difference is:

**700 - 500 = 200**

**Answer: 200 more undergraduate students.**",False,0.00818,2960,52,4177.32995795086
area_chart_229,area_chart,How much did the government spend on Public Safety in 2021?,4500,"The government spent **$4,500** on **Public Safety** in **2021**.",True,0.0077425,2953,24,2480.0200830213726
area_chart_49,area_chart,How many Environmental Science projects are there in Category 9?,25,Environmental Science has **14 projects** in **Category 9**.,False,0.0076475,2951,18,3652.4594579823315
bubble_233,bubble,How many millions of users do Smart Home Devices have?,700,"Smart Home Devices have **1,500 million users**.",False,0.0076275,2955,16,4291.7098752222955
radar_143,radar,What is the efficiency percentage of Geological Engineering?,92%,The **efficiency percentage of Geological Engineering** is **92%**.,True,0.007615,2932,19,3216.050334274769
radar_231,radar,Which power station has the highest rating in Safety Measures?,Power Station D,"From the chart, the **Safety Measures** ratings are:

- **Power Station A:** 85  
- **Power Station B:** 90  
- **Power Station C:** 95  
- **Power Station D:** 100  

**Power Station D** has the highest Safety Measures rating, with a score of **100**.",True,0.0084375,2943,72,3208.9406671002507
bubble_53,bubble,What was the Production Volume in April?,74,"The chart does not show months, so there is no April production volume provided.

It displays crop production volumes by crop, such as:
- Wheat: 780 million tonnes
- Rice: 520 million tonnes
- Corn: 1200 million tonnes
- Soybeans: 350 million tonnes
- Potatoes: 370 million tonnes
- Tomatoes: 180 million tonnes
- Barley: 160 million tonnes
- Carrots: 100 million tonnes
- Grapes: 90 million tonnes

If you want, I can help infer which value you meant if you share the monthly chart.",False,0.0093,2952,128,5871.86395842582
bubble_142,bubble,What is the innovation index score for Computer Science?,95,The innovation index score for **Computer Science** is **95**.,True,0.007655,2954,18,7573.3689167536795
radar_5,radar,"Who gives a higher friendliness score for Central & Western Europe, Susan or Bob?",Susan,"For **Central & Western Europe**, **Bob** gives the higher friendliness score.

- **Susan:** about **6**
- **Bob:** about **8**",True,0.0080475,3003,36,3189.013291615993
224,treemap,What percentage of legal issues does Real Estate Litigation represent?,10%,Real Estate Litigation represents **10%** of the legal issues handled in 2023.,True,0.0076875,2943,22,3110.836874693632
140,treemap,What percentage of government spending is allocated to Social Security and Infrastructure combined?,25%,"Social Security is **15%** and Infrastructure is **10%**.

Combined: **15% + 10% = 25%**

**Answer: 25%**",True,0.002781,2946,40,4397.975292056799
208,treemap,What is the combined market share percentage of Confectionery and Bakery Products?,28%,"Confectionery is 15% and Bakery Products is 13%.

Combined market share = **28%**.",True,0.00781,2962,27,4698.903457727283
278,treemap,What is the percentage difference between Social Networking and Blogging Platforms?,30%,"From the chart:

- **Social Networking = 35%**
- **Blogging Platforms = 5%**

**Percentage difference = 35% - 5% = 30%**

So, the percentage difference is **30%**.",True,0.0082075,2959,54,4447.202583774924
area_chart_185,area_chart,What percentage of Medication is allocated for Surgery?,10%,"From the chart, **Medication allocated for Surgery is 50%**.",False,0.007655,2948,19,2122.8705416433513
63,treemap,Which environmental aspect has the smallest allocation of resources according to the data?,Eco-friendly Transport,"The environmental aspect with the smallest allocation is **Eco-friendly Transport**, with **10%**.",True,0.0077275,2953,23,3181.185666937381
bubble_143,bubble,How much is the Revenue per Available Room ($) for the Sheraton?,$91.8,"For **Sheraton**, the **Revenue per Available Room (RevPAR)** is **$98**.",True,0.0077725,2959,25,1878.516208846122
area_chart_23,area_chart,Which type of property had the highest increase in sales units from 2019 to 2023?,Condo Sales,"From the chart:

- **Single Family Home Sales:** 500 → 900 = **+400**
- **Condo Sales:** 450 → 700 = **+250**
- **New Construction Sales:** 300 → 500 = **+200**
- **Multi-Family Home Sales:** 200 → 400 = **+200**

**Answer:** **Single Family Home Sales** had the highest increase in sales units from 2019 to 2023, with an increase of **400 units**.",True,0.0090525,2967,109,5071.462667081505
bubble_234,bubble,Which product has the highest consumer satisfaction score?,Wine,"From the chart, **Water** has the highest consumer satisfaction score at **90**.",False,0.0077125,2953,22,2212.722832802683
area_chart_5,area_chart,In which year was the difference between the number of legal cases filed and the number of laws passed the greatest?,2020,"From the chart:

- **2018:** Cases filed 120, laws passed 80 → difference **40**
- **2019:** 150 vs 100 → difference **50**
- **2020:** 200 vs 150 → difference **50**
- **2021:** 250 vs 200 → difference **50**
- **2022:** 300 vs 250 → difference **50**

The **greatest difference** was **50**, which occurred in **2019, 2020, 2021, and 2022**.",True,0.0091925,2969,118,5153.414083179086
radar_145,radar,How many more retail properties are there in New York compared to Chicago?,5,"From the chart, **Retail properties** are:

- **New York:** 80  
- **Chicago:** 75  

So, **New York has 5 more retail properties than Chicago**.",True,0.008025,2946,44,2622.4173340015113
radar_232,radar,Which charity has the highest volunteer participation?,Charity A,"From the chart, **Charity B** has the highest **Volunteer Participation** at **90**.

- Charity A: 75  
- Charity B: 90  
- Charity C: 85",True,0.0081625,2995,45,2930.243084207177
bubble_54,bubble,Which city has the highest average property price and what is its affordability score?,"San Francisco, 4","San Francisco has the highest average property price at about **$1,250,000**, and its affordability score is **4**.",True,0.0078625,2959,31,4964.923792053014
radar_50,radar,Which category scored the lowest in Q3?,Creativity (Score),"In Q3, **Creativity** scored the lowest with a value of **65**.",False,0.0076975,2941,23,2562.8340002149343
80,treemap,What percentage of the initiatives is allocated for Water Conservation?,15%,Water Conservation is allocated **15%** of the initiatives.,True,0.0077725,3013,16,2467.2523331828415
area_chart_230,area_chart,How many vacation rentals are available in the Caribbean?,200,"From the chart, the **Caribbean** has **170 vacation rentals** available.",False,0.0075575,2897,21,2030.6393327191472
area_chart_186,area_chart,"Which category has the largest total amount of Donations, Grants, and Fundraising combined?",Disaster Relief,"From the chart:

- **Education**: 40,000 + 25,000 + 20,000 = **85,000**
- **Healthcare**: 55,000 + 35,000 + 30,000 = **120,000**
- **Environment**: 35,000 + 20,000 + 15,000 = **70,000**
- **Animal Welfare**: 30,000 + 15,000 + 10,000 = **55,000**
- **Disaster Relief**: 50,000 + 30,000 + 25,000 = **105,000**

**Answer: Healthcare** has the largest combined total of **Donations, Grants, and Fundraising**, with **$120,000**.",True,0.009865,2956,165,3466.755208093673
141,treemap,What is the percentage of the Electronics category?,20%,The **Electronics** category is **20%**.,True,0.0075925,2941,16,4990.0790001265705
area_chart_50,area_chart,What was the Production Volume in April?,74,"The chart shown is for **quarterly financial performance** (Q1–Q4: revenue, expenses, profit), not monthly production volume.

So, **the Production Volume in April is not provided in this chart**.",False,0.008115,2952,49,3535.2810001932085
bubble_144,bubble,What is the renewable energy use percentage in Brazil?,45%,Brazil’s renewable energy use is **45%**.,True,0.00761,2954,15,3523.685457650572
bubble_235,bubble,How many more millions of patrons does Film have compared to Literature?,450 million patrons,"From the chart:

- **Film patronage** = **500 million**
- **Literature patronage** = **150 million**

Difference:

**500 - 150 = 350 million**

So, **Film has 350 million more patrons than Literature**.",False,0.0082475,2957,57,3730.2390839904547
radar_146,radar,By how much do the English scores increase from Elementary to High school?,10 points,"From the chart, the **English scores** are:

- **Elementary:** 85
- **High school:** 95

So the increase is **95 − 85 = 10 points**.",True,0.00804,2946,45,2489.424374885857
radar_233,radar,Which website has the highest user engagement according to the data?,Web C,"According to the chart, **Web C** has the highest **User Engagement** with a value of **74**.

User Engagement values:
- **Web A:** 68
- **Web B:** 72
- **Web C:** 74

So, **Web C** has the highest user engagement.",True,0.00838,2944,68,4172.108832746744
142,treemap,Which branch of legal affairs has the lowest percentage focus according to the data?,Immigration Law,"According to the chart, **Immigration Law** has the lowest percentage focus at **2%**.",True,0.0077425,2947,25,3037.1728749014437
192,treemap,What is the market share percentage of Rail transportation?,25%,Rail transportation has a market share of **25%**.,True,0.007625,2954,16,3017.503499984741
bubble_55,bubble,How much water does Vertical Farming use per hectare?,500 m³ per hectare,Vertical Farming uses **500 m³ of water per hectare**.,True,0.00764,2954,17,7505.864874925464
radar_51,radar,Which platform has the highest Ad Reach (%)?,Facebook,"From the chart, **Ad Reach (%)** values are:

- **Facebook:** 90%
- **Instagram:** 85%
- **Twitter:** 80%
- **Pinterest:** 70%
- **LinkedIn:** 60%

So, **Facebook has the highest Ad Reach (%) at 90%**.",True,0.0083725,2941,68,5775.9168753400445
area_chart_187,area_chart,How many listings are there for 3 Bedroom Apartments in July?,1000,"In **July**, there are **950 listings** for **3 Bedroom Apartments**.",True,0.007715,2960,21,3032.607958186418
bubble_145,bubble,Which subject has the lowest number of students?,Literature,"From the chart, **Philosophy** has the lowest number of students, with **13,000** students.",False,0.0078025,2953,28,2981.3714576885104
bubble_236,bubble,Which product has the highest global demand according to the data?,Corn,"According to the chart, **Corn** has the highest global demand, at **1,200 million tonnes**.",True,0.007795,2956,27,2480.0952500663698
area_chart_231,area_chart,What is the difference between total retail sales and e-commerce sales for Furniture and Home Decor?,10000,"For **Furniture and Home Decor**:

- **Total retail sales:** **$30,000**
- **E-commerce sales:** **$20,000**

**Difference = $10,000**.",True,0.0080675,2957,45,5532.3355831205845
area_chart_52,area_chart,What is the increase in water usage from 2016 to 2018?,20000 gallons,"From the chart, water usage was:

- **2016:** 110,000 gallons  
- **2018:** 130,000 gallons  

**Increase = 130,000 - 110,000 = 20,000 gallons**

So, the increase in water usage from 2016 to 2018 is **20,000 gallons**.",True,0.00854,2960,76,5522.924625314772
radar_147,radar,By what percentage did the Market Share increase from Q1 to Q5?,20%,"From the chart, **Market Share (%)** is:

- **Q1 = 20**
- **Q5 = 40**

Percentage increase:

\[
\frac{40 - 20}{20} \times 100 = 100\%
\]

**Answer: 100%**
",True,0.0083275,2947,64,3920.204292051494
bubble_56,bubble,How much funding did Psychology receive?,250 million $,Psychology received **$250 million** in funding.,True,0.0076025,2951,15,6435.266040731221
143,treemap,Which discipline has the highest percentage of research funding according to the data?,Engineering,Engineering has the highest percentage of research funding at **20%**.,True,0.0024885,2961,18,2644.670291338116
radar_234,radar,Which healthcare facility has the highest score for Infection Prevention?,Healthcare Facility D,"From the chart, **Healthcare Facility A** has the highest **Infection Prevention** score, with a value of **95**.",False,0.0078225,2943,31,6006.335459183902
243,treemap,"What percentage of the market share does ""Bakery and Snack Foods"" hold?",17%,“Bakery and Snack Foods” holds **17%** of the market share.,True,0.00786,3018,21,3310.433499980718
radar_52,radar,What is the score for Adult Education in terms of Staff Qualification?,82,The score for **Adult Education** in **Staff Qualification** is **82**.,True,0.0076775,2945,21,7204.173000063747
261,treemap,How much greater is the percentage for Hotels compared to Event Planning in the revenue distribution?,30%,"Hotels account for **35%** and Event Planning accounts for **5%**.

So, the percentage for Hotels is **30 percentage points greater** than Event Planning.",True,0.00798,2964,38,4490.22650020197
3,treemap,What percentage is allocated to Compensation and Benefits according to the chart?,25%,Compensation and Benefits is allocated **25%**.,True,0.007625,2960,15,3488.0382916890085
area_chart_188,area_chart,Which industry category has the lowest water usage according to the data?,Waste Management,"According to the chart, the industry category with the lowest **water usage** is **Technology**, at **250 liters**.",False,0.007815,2952,29,3768.619999755174
47,treemap,What percentage of the revenue distribution is made up by Vacation Rentals and Bed & Breakfasts combined?,23%,"From the chart:

- Vacation Rentals = 15%
- Bed & Breakfasts = 8%

Combined:
15% + 8% = 23%

Answer: 23%",True,0.002826,2958,41,6273.914000019431
bubble_146,bubble,What is Apple's Revenue (in Billion $)?,274,Apple's revenue is **274 billion dollars**.,True,0.0075925,2953,14,3681.351374834776
area_chart_232,area_chart,In which month did Music concerts have the lowest attendance?,April,"From the chart, **Music (Concerts)** had the **lowest attendance in February**, with a value of **4**.",False,0.0078375,2955,30,5005.749334115535
area_chart_53,area_chart,How much is the Revenue from Food & Beverage?,100000,"The **Revenue from Food & Beverage** is **$40,000**.",False,0.007685,2954,20,4936.955584213138
bubble_239,bubble,What was the Production Volume in April?,74,"The chart does not show **Production Volume by month** or any data for **April**.

It displays energy utilities with:
- **Emission**
- **Consumption**
- **Renewable Energy Use**
- **Profit**

So, the **Production Volume in April cannot be determined from this chart**.",False,0.00834,2952,64,3084.692624863237
radar_235,radar,By how much did the score for Quality increase from Q1 to Q4?,15,"From the chart, **Quality** scored:

- **Q1:** 80
- **Q4:** 85

So the increase from Q1 to Q4 is:

**85 - 80 = 5**

**Answer: 5 points.**",False,0.008225,2948,57,2327.707000076771
radar_149,radar,Which energy source had the highest performance in the fourth quarter?,Nuclear,"In the fourth quarter (Q4), **Nuclear** had the highest performance, with a value of **100**.",True,0.007795,2944,29,3502.9708333313465
144,treemap,What type of property has the smallest market share percentage?,"Manufactured Home, Co-op, and Vacation Home (all are tied with 5%)","The smallest market share percentage is **5%**, shared by **Manufactured Home**, **Vacation Home**, and **Co-op**.",True,0.00784,2950,31,2661.611083894968
radar_53,radar,Which category has the highest popularity percentage?,NBA,"From the chart, the **Popularity (%)** values are:

- **GRAMMYs:** 75%
- **FIFA:** 85%
- **NBA:** 80%
- **CNN:** 70%

So, **FIFA** has the highest popularity percentage at **85%**.",True,0.00831,2940,64,3489.3267499282956
bubble_57,bubble,Which company has the highest market capitalization according to the data?,Apple,"According to the chart, **Microsoft** has the highest market capitalization, at **about $2,534.9 billion**.",False,0.00784,2956,30,4751.531041227281
area_chart_189,area_chart,Which cuisine has the highest Beverage sales?,American,"From the chart, **Indian cuisine** has the highest **Beverage sales**, at **$5,800**.",False,0.0078025,2947,29,2528.707708232105
area_chart_233,area_chart,What is the total amount of cargo (in tons) handled by Air and Maritime methods in Africa?,310000,"From the chart for **Africa**:

- **Air Cargo** = **100,000 tons**
- **Maritime Cargo** = **190,000 tons**

**Total = 290,000 tons**.",True,0.008115,2964,47,3813.6973748914897
bubble_58,bubble,What was the Production Volume in April?,74,"The chart shown is about **retail sector data**: revenue, customer satisfaction, average daily visitors, and online sales for different stores.

It does **not include production volume** or any **monthly data like April**.

So, **the Production Volume in April cannot be determined from this chart**.",False,0.0044675,1397,65,2350.591499824077
bubble_24,bubble,How much revenue does Basketball generate in billions of dollars?,70,Basketball generates **70 billion dollars** in revenue.,True,0.0076125,2955,15,4829.6334580518305
area_chart_54,area_chart,In which region is the number of Hockey fans equal to the number of Basketball fans?,Asia,"From the chart:

- **Basketball fans** by region: North America 35, Europe 25, Asia 40, Africa 20, South America 30  
- **Hockey fans** by region: North America 25, Europe 35, Asia 15, Africa 10, South America 20

Comparing them, there is **no region where Hockey fans equal Basketball fans**.",True,0.008695,2956,87,6073.768124915659
bubble_147,bubble,How much greater is the Average Annual Salary in the IT department compared to the Administration department?,$30000,"From the chart:

- **IT average annual salary** = **$100,000**
- **Administration average annual salary** = **$70,000**

Difference:

**$100,000 - $70,000 = $30,000**

So, the IT department’s average annual salary is **$30,000 greater** than Administration’s.",True,0.0085175,2957,75,4839.60858406499
radar_15,radar,Which location has the highest score in waste management?,Location D,"From the chart, the **Waste Management** scores are:

- **Location A:** 85  
- **Location B:** 90  
- **Location C:** 95  

So, **Location C** has the highest waste management score.",False,0.00815,2942,53,3434.359457809478
209,treemap,What is the total percentage allocated to Early Childhood and Special Education combined?,15%,"Early Childhood is **10%** and Special Education is **5%**.

So, combined allocation = **15%**.",True,0.0078325,2953,30,2165.9147501923144
radar_54,radar,Which element has the lowest Waste Recycling Ratio?,Noise,"From the chart, the **Waste Recycling Ratio** values are:

- Air: **85**
- Water: **90**
- Soil: **70**
- Noise: **65**
- Light: **85**

The **lowest Waste Recycling Ratio** is **Noise (65%)**.",True,0.0082825,2941,62,4491.226042155176
225,treemap,What percentage of the revenue is contributed by Food Services in the tourism and hospitality industry?,25%,Food Services contributes **25%** of the revenue in the tourism and hospitality industry.,True,0.007705,2956,21,3324.819624889642
145,treemap,How much larger is the percentage of Cereals compared to Poultry?,33%,"Cereals = 35% and Poultry = 2%.

Difference = 35% − 2% = 33 percentage points.

So, Cereals is 33 percentage points larger than Poultry.",True,0.0080875,2953,47,5817.332124803215
28,treemap,How much larger is the percentage of Social Media compared to Cloud Services in the internet usage distribution?,21%,"From the chart:

- **Social Media** = **25%**
- **Cloud Services** = **4%**

Difference:

**25% - 4% = 21 percentage points**

So, **Social Media is 21 percentage points larger than Cloud Services**.",True,0.00828,2958,59,3663.3954169228673
220,treemap,What percentage of the HR management focus is dedicated to Compensation and Benefits?,14%,Compensation and Benefits is **14%** of the HR management focus.,True,0.0076875,2961,19,3687.367625068873
radar_236,radar,Which product category has the smallest difference in scores between Cafe B and Restaurant B?,Service Quality,"From the chart:

- **Cafe B** scores: Coffee 90, Food 85, Service 80, Ambient 85, Price 72  
- **Restaurant B** scores: Coffee 87, Food 90, Service 80, Ambient 92, Price 78

Differences:

- **Coffee Quality**: 3
- **Food Taste**: 5
- **Service Quality**: 0
- **Ambient Environment**: 7
- **Price Level**: 6

**Answer: Service Quality** has the smallest difference, with **no difference (0)**.",True,0.009305,2948,129,9390.495375264436
area_chart_235,area_chart,Which department has the highest percentage in the R&D field?,Finance and Government,"From the chart, the highest percentage is in **Sales**, at **30%**.",False,0.00769,2944,22,2556.9164589978755
area_chart_19,area_chart,What was the percentage increase in donations from 2016 to 2020?,80%,"From the chart, **Donations (Millions)** were:

- **2016:** 50
- **2020:** 90

Percentage increase:

\[
\frac{90 - 50}{50} \times 100 = \frac{40}{50} \times 100 = 80\%
\]

**Answer: 80%**",True,0.008555,2960,77,4732.377999927849
area_chart_55,area_chart,In which year did concerts see the highest number of attendees according to the data?,2019,"Concerts had the highest attendance in **2020**, with **17,000 attendees**.",True,0.007745,2960,23,3033.1376250833273
bubble_240,bubble,Which organization has the highest fundraising revenue?,Salvation Army,"The **Salvation Army** has the highest fundraising revenue, at **1.4 billion dollars**.",True,0.007755,2952,25,2996.3254588656127
bubble_148,bubble,What is the population of Houston?,2.4 million,Houston’s population is **2.4 million**.,True,0.0076025,2951,15,4158.358708024025
bubble_59,bubble,What is the Carbon Footprint per capita in Australia?,16.2,Australia’s carbon footprint per capita is **15 metric tons per person**.,True,0.0076725,2955,19,3001.405958086252
radar_150,radar,Which topic has the highest Societal Impact score according to the dataset?,Education,"According to the chart, the highest **Societal Impact** score is **95**, which belongs to **Culture**.",False,0.0078025,2947,29,3238.9006251469254
radar_55,radar,What is the Recruitment Efficiency score for HR Team 5?,85,The Recruitment Efficiency score for **HR Team 5** is **78**.,True,0.0077725,2989,20,3051.515582948923
radar_237,radar,What is the value of Liabilities in Q3?,60,The value of **Liabilities in Q3** is **65**.,True,0.0076425,2943,19,4157.984999939799
81,treemap,What percentage of HR resources is allocated to Employee Relations?,9%,Employee Relations is allocated **9%** of HR resources.,True,0.007635,2958,16,3997.9404592886567
area_chart_237,area_chart,Which category has the highest number of YouTube users?,Entertainment,"From the chart, **YouTube has the highest number of users in the Sports category**, at approximately **290 users**.",False,0.00781,2950,29,4748.976250179112
146,treemap,"What is the combined percentage for Health and Beauty, and Books and Media categories?",25%,"Health and Beauty is 15% and Books and Media is 10%.

Combined percentage = 15% + 10% = 25%.",True,0.0078425,2939,33,5014.057042077184
bubble_15,bubble,What percentage of renewable resources does India use?,30%,India uses **30%** renewable resources.,True,0.0075775,2953,13,1790.1369580067694
area_chart_190,area_chart,How much did the company spend on Marketing in 2020?,"$28,000","The company spent **$25,000** on **Marketing** in **2020**.",False,0.0077375,2957,23,4007.0441672578454
area_chart_56,area_chart,Which education level has the smallest difference between student enrollment in Science and History?,Graduate,"From the chart:

- **Elementary School**: Science 130, History 110 → difference **20**
- **Middle School**: Science 210, History 170 → difference **40**
- **High School**: Science 290, History 230 → difference **60**
- **College**: Science 350, History 280 → difference **70**

**Answer: Elementary School** has the smallest difference between Science and History enrollment.",False,0.00881,2954,95,5008.376833051443
bubble_241,bubble,What is the cost for investing in Renewable Energy?,2.5 Billion $,The cost for investing in **Renewable Energy** is **$2.5 billion**.,True,0.00773,2954,23,2992.281708866358
bubble_6,bubble,How much revenue is collected from Property Tax?,1500 Billion $,"Property Tax collects **$1,500 billion** in revenue.",True,0.0076375,2953,17,2986.9784167967737
radar_151,radar,Which court has the highest score in Legal Aid Availability?,Civil Court,The **Civil Court** has the highest **Legal Aid Availability** score at **85%**.,True,0.0077175,2943,24,2376.7483327537775
radar_56,radar,Which factory has the highest waste management percentage according to the data?,Factory E,"According to the chart, **Factory A** has the highest **Waste Management (%)** at **80%**.

- **Factory A:** 80%
- **Factory B:** 65%
- **Factory C:** 70%",False,0.0081275,2945,51,3420.0554159469903
147,treemap,What is the production share percentage for Fruits?,18%,The production share percentage for **Fruits** is **18%**.,True,0.007655,2948,19,2997.80804105103
193,treemap,Which legal branch has the same expenditure allocation as the Legislative branch?,Law Enforcement,The **Law Enforcement** branch has the same expenditure allocation as the **Legislative** branch — both are **25**.,True,0.002646,2952,30,2619.8321669362485
radar_238,radar,Which exhibition has the highest score for 'Accessible for Everyone' category?,Exhibition D,"In the **“Accessible for Everyone”** category, **Exhibition A** has the highest score with **100**.

Scores:
- **Exhibition A:** 100
- **Exhibition B:** 90
- **Exhibition C:** 95",False,0.00822,2946,57,5295.673583168536
area_chart_191,area_chart,How much is the Investment in the Healthcare sector?,$90000,"The **Investment in the Healthcare sector** is **$80,000**.",False,0.007685,2954,20,2497.9839166626334
195,treemap,What is the combined market sales percentage for Tea and Coffee and Organic Foods?,15%,"Tea and Coffee is **10%** and Organic Foods is **5%**.

Combined market sales percentage:
**10% + 5% = 15%**.",True,0.00799,2962,39,5483.022083062679
bubble_150,bubble,How much is the healthcare cost per patient for Heart Disease?,$5000,"The healthcare cost per patient for **Heart Disease** is **$6,000**.",False,0.00772,2956,22,2580.3929581306875
bubble_60,bubble,What was the Production Volume in April?,74,"The chart shown is about **healthcare expenditure and access by country category**, not monthly **production volume**.

So, **April production volume cannot be determined from this image**. If you share the correct production chart, I can find April’s value right away.",False,0.008235,2952,57,3839.4924998283386
area_chart_57,area_chart,How much higher were Beverage Sales than Food Sales in March?,"$2,000","In March:

- **Food Sales** = **$18,000**
- **Beverage Sales** = **$15,000**

So, Beverage Sales were **not higher** than Food Sales.  
They were **$3,000 lower** than Food Sales.",False,0.00829,2956,60,5056.52075028047
bubble_242,bubble,Which vehicle type has the highest environmental impact score?,Pipelines,"From the chart, **Trains** have the highest environmental impact score, at **55**.",False,0.007745,2954,24,3850.0611251220107
radar_57,radar,Which aspect has the highest score in Labs Condition?,Robotics,"In the **Labs Condition** category, **Bioengineering** has the highest score, with **95**.",False,0.007745,2942,26,2005.396957974881
area_chart_238,area_chart,Which mode of transport covers the greatest distance by road?,Truck,"From the chart, the **road distance** values are:

- **Truck:** 800,000 km  
- **Train:** 300,000 km  
- **Ship:** 0 km  
- **Airplane:** 0 km  
- **Pipeline:** 500,000 km  

So, **Truck** covers the greatest distance by road.",True,0.0085125,2955,75,10470.879375003278
148,treemap,How much more percentage usage does YouTube have compared to Instagram?,9%,"From the chart:

- **YouTube:** 21%
- **Instagram:** 12%

Difference:
**21% - 12% = 9 percentage points**

So, **YouTube has 9 percentage points more usage than Instagram**.  
If you mean relative to Instagram, then:

\[
\frac{21 - 12}{12} \times 100 = 75\%
\]

So **YouTube has 75% more usage than Instagram**.",True,0.008895,2952,101,3128.2504592090845
radar_239,radar,Which subject showed continuous improvement over all four terms?,All listed subjects,"From the chart:

- **Maths:** 75 → 80 → 85 → 90  
- **Science:** 80 → 85 → 90 → 95  
- **History:** 70 → 75 → 80 → 85  
- **Literature:** 85 → 80 → 90 → 95  
- **Foreign Language:** 65 → 70 → 75 → 80  

The subjects that showed **continuous improvement across all four terms** are:

**Maths, Science, History, and Foreign Language.**",False,0.009125,2942,118,4398.942416999489
244,treemap,What percentage of E-commerce Sales is made up by Toys & Games?,5%,Toys & Games makes up **5%** of e-commerce sales.,True,0.0076675,2953,19,1984.643958043307
30,treemap,What percentage of focus does Public Interest Law have within Legal Affairs?,13%,Public Interest Law has a focus of **13%** within Legal Affairs.,True,0.0076475,2945,19,1905.343416146934
radar_152,radar,Which category has shown a consistent increase of 5 units per quarter in 2023?,All of them,"The category is **Tax Revenue**.

Its values go:
- **Q1:** 60
- **Q2:** 65
- **Q3:** 70
- **Q4:** 75

This shows a **consistent increase of 5 units each quarter**.",False,0.008305,2950,62,6609.226041007787
262,treemap,How much higher is the market share of Single-Family Homes compared to Townhouses?,20%,"From the chart:

- **Single-Family Home** = **35%**
- **Townhouse** = **15%**

Difference: **35% - 15% = 20 percentage points**

So, **Single-Family Homes have a market share 20 percentage points higher than Townhouses**.",True,0.00838,2956,66,2651.8842088989913
area_chart_192,area_chart,Which sport has the highest percentage of revenue from Merchandise Sales?,Golf,"From the chart, **Basketball** has the highest percentage of revenue from **Merchandise Sales**, at **35%**.",False,0.0078425,2951,31,2506.472291890532
area_chart_239,area_chart,What was the increase in the number of hospitals from 2019 to 2023?,80,"From the chart, the number of hospitals was:

- 2019: 200
- 2023: 280

Increase = 280 − 200 = 80

So, the number of hospitals increased by 80.",True,0.008185,2962,52,3467.7866250276566
48,treemap,What percentage of the revenue is attributed to the 'Health & Wellness' category?,10%,The **Health & Wellness** category is attributed **10%** of the revenue.,True,0.0077025,2955,21,4133.654499892145
bubble_151,bubble,What is the difference in population between China and the USA?,1101 million,"From the chart:

- **China population** = **1430 million**
- **USA population** = **329 million**

**Difference = 1430 − 329 = 1101 million**

So, **China has 1,101 million more people than the USA** (about **1.1 billion**).",True,0.008425,2956,69,4873.49566584453
area_chart_58,area_chart,By how much did the Gross Profit increase from Q1 to Q4 of 2021?,$70 million,"From the chart, **Gross Profit** was:

- **Q1:** 250 million  
- **Q4:** 370 million  

So the increase from Q1 to Q4 was:

**370 - 250 = 120 million**

**Answer: 120 million**",True,0.0083075,2963,60,5062.151666730642
bubble_243,bubble,Which material has the highest Efficiency Score?,Silicon,"From the chart, **Silicon** has the highest **Efficiency Score**, at **10**.",True,0.00774,2952,24,2525.5489167757332
radar_58,radar,What is the Donation Efficiency percentage for the Red Cross?,80%,The **Donation Efficiency percentage for the Red Cross is 90%**.,False,0.0076425,2943,19,1923.2088751159608
bubble_61,bubble,Which product category has the highest market share according to the dataset?,Electronics,"According to the chart, **Electronics** has the highest market share at **20%**.",True,0.0077525,2957,24,4243.879624642432
radar_153,radar,Which area of law has the highest enforcement index according to the data?,Employment Law,"According to the chart, **Employment Law** has the highest **Enforcement Index**, with a value of **6**.",True,0.0078,2946,29,3247.6754998788238
radar_24,radar,How much higher is the vegetable production in Canada compared to France?,15,"From the chart, **vegetable production** is:

- **Canada:** 95 million tons  
- **France:** 80 million tons  

So, Canada’s vegetable production is **15 million tons higher** than France’s.",True,0.0081125,2945,50,4433.119583874941
149,treemap,Which two sectors together sum up to a smaller percentage than 'Hotels' alone?,'Cruises' and 'Tourist Attractions',"From the chart:

- Hotels = 35%
- Restaurants = 25%
- Travel Agencies = 15%
- Airlines = 10%
- Cruises = 8%
- Tourist Attractions = 4%
- Event Planning = 3%

Two sectors that together are still less than Hotels (35%) include:

- Travel Agencies + Airlines = 25%
- Airlines + Cruises = 18%
- Cruises + Tourist Attractions = 12%
- Tourist Attractions + Event Planning = 7%

One valid answer is: **Travel Agencies and Airlines**.",False,0.0091325,2963,115,3908.140499610454
area_chart_193,area_chart,Which level of education has the highest number of students enrolled in Language studies?,Elementary School,"From the chart, **Language studies** has the highest enrollment at the **Master** level, with **280 students**.",False,0.00782,2954,29,3420.019291806966
bubble_244,bubble,What is the profit margin for laptops?,20%,The profit margin for laptops is **20%**.,True,0.007605,2952,15,2126.7027091234922
area_chart_24,area_chart,Which category has the highest number of users in Cybersecurity?,Education,"From the chart, the highest number of users in **Cybersecurity** is in **Finance**, with **300 users**.",False,0.007955,3008,29,4533.7305422872305
bubble_152,bubble,What is the Innovation Score of Amazon?,9,Amazon’s Innovation Score is **8.8**.,True,0.0075925,2947,15,3273.0081658810377
area_chart_59,area_chart,By how much do the online sales of Clothing exceed the in-store sales?,$20000,"From the chart for **Clothing**:

- **Online sales:** \$40,000  
- **In-store sales:** \$35,000  

So, online sales exceed in-store sales by **\$5,000**.",False,0.008135,2954,50,5577.194582670927
radar_154,radar,How much fuel does Truck 2 consume?,85 liters,Truck 2 consumes **85 liters** of fuel.,True,0.0075775,2941,15,1811.8315418250859
bubble_62,bubble,Which department has the highest annual turnover percentage?,HR,"The department with the highest annual turnover percentage is **HR**, at **20%**.",True,0.0077125,2953,22,4106.41562519595
radar_59,radar,Which website has the lowest SEO Performance score?,Website B,"From the chart, the **SEO Performance** scores are:

- **Website A:** 90  
- **Website B:** 78  
- **Website C:** 85  

So, **Website B** has the **lowest SEO Performance score**.",True,0.0081775,2941,55,2327.8952916152775
15,treemap,How much higher is the percentage allocation for the Executive branch compared to Defense?,25%,"Executive is **35%** and Defense is **10%**.

So, the Executive allocation is **25 percentage points higher** than Defense.",True,0.0078925,2959,33,3458.7404588237405
radar_240,radar,What is the impact factor of Philosophy?,55,The **impact factor of Philosophy** is **55**.,True,0.00759,2940,16,3478.0642497353256
21,treemap,"What is the total percentage of research funding allocated to Biology, Physics, and Chemistry combined?",47%,"Biology, Physics, and Chemistry receive:

- Biology: 18%
- Physics: 15%
- Chemistry: 14%

Total = 18% + 15% + 14% = 47%

Answer: 47%",True,0.0081875,2957,53,2558.2071249373257
226,treemap,What is the combined percentage of funding for Computer Science and Electrical Engineering?,29%,"Computer Science is **17%** and Electrical Engineering is **12%**.

Combined funding:
**17% + 12% = 29%**

**Answer: 29%**",True,0.0080125,2953,42,3213.9753331430256
280,treemap,What percentage of healthcare expenditure is allocated to Dental Services?,10%,Dental Services account for **10%** of healthcare expenditure.,True,0.0076275,2955,16,2895.183083601296
area_chart_6,area_chart,By how much did the revenue increase from the year 2016 to 2020?,$30000,"From the chart, revenue was **$50,000** in **2016** and **$130,000** in **2020**.

So the increase is:

**$130,000 - $50,000 = $80,000**

**Answer: $80,000**",True,0.00835,2962,63,2685.1689172908664
area_chart_240,area_chart,How much higher is the median house price for 5+ bedroom houses compared to 2 bedroom apartments?,"$300,000","From the chart:

- **5+ bedroom houses median price** = **$550,000**
- **2 bedroom apartments median price** = **$300,000**

**Difference = $550,000 - $300,000 = $250,000**

So, the median house price for **5+ bedroom houses is $250,000 higher** than for **2 bedroom apartments**.",True,0.00866,2960,84,4408.9409578591585
area_chart_194,area_chart,How many projects are there in Environmental Science for Oceanography?,10,Environmental Science for **Oceanography** has **15 projects**.,False,0.0076325,2951,17,5532.250790856779
bubble_153,bubble,What is the Quality of Life Index Score for Miami?,78,Miami’s Quality of Life Index score is **78**.,True,0.0076275,2955,16,3649.013875052333
bubble_63,bubble,What was the Production Volume in April?,74,"The chart shown is about **food and beverage brands** and displays **Market Share, Revenue, Customer Satisfaction, and Profit Margin**.

It does **not** include **months** or **Production Volume**, so **April’s Production Volume cannot be determined from this chart**.",False,0.008265,2952,59,4172.802249900997
bubble_246,bubble,What is the average salary difference between Administrative and Technical job types?,$1000,"From the chart:

- **Administrative salary** = **3000**
- **Technical salary** = **4000**

**Average salary difference = 4000 - 3000 = 1000**

So, the **Technical job type earns 1000 more per month** than the **Administrative** job type.",True,0.0084125,2957,68,4538.903540931642
radar_155,radar,What is the daily new sign-ups difference between Youtube and Twitter?,55 thousand,"From the chart, **Daily New Signups (Thousands)** are:

- **YouTube:** 80
- **Twitter:** 25

**Difference = 80 - 25 = 55 thousand**

So, **YouTube has 55 thousand more daily new sign-ups than Twitter**.",True,0.0083225,2945,64,2468.782707583159
150,treemap,Which crop type has the lowest production share according to the data?,Beverages,"The crop type with the lowest production share is **Beverages**, at **1%**.",True,0.00774,2952,24,1543.8247919082642
65,treemap,What percentage of investment is allocated to the Real Estate sector?,15%,The investment allocated to the **Real Estate** sector is **15%**.,True,0.0076975,2959,20,2197.3522920161486
radar_241,radar,How much higher is Region D's score in Waste Management compared to Region A?,15,"From the chart, the **Waste Management** scores are:

- **Region A:** 85  
- **Region D:** 100  

So, **Region D's score is 15 points higher than Region A's**.",True,0.00812,2948,50,3398.6557498574257
radar_6,radar,Which category has the highest Customer Satisfaction score?,Movie Theater,"The category with the highest **Customer Satisfaction** score is **Movie Theater**, with a score of **90**.",True,0.0077575,2941,27,3479.869917035103
area_chart_195,area_chart,What was the healthcare spending in 2019?,3400 million,"In 2019, healthcare spending was **3400 million**.",True,0.007655,2954,18,1920.243666972965
82,treemap,What percentage of government spending is allocated to Science/Technology?,3%,Science/Technology is allocated **3%** of government spending.,True,0.007645,2956,17,3013.206083793193
area_chart_241,area_chart,Which mode of transportation has the lowest number of Transportation Units?,Sea,"From the chart, the **Transportation Units** values are:

- Air: 150  
- Road: 250  
- Rail: 100  
- Sea: 300  
- Pipeline: 200  

The **lowest** is **Rail**, with **100 units**.",True,0.00829,2956,60,3071.1404997855425
area_chart_60,area_chart,What was the total in-store sales in thousands for all quarters?,1680,"From the chart, in-store sales by quarter are:

- Q1: 350
- Q2: 380
- Q3: 400
- Q4: 420

Total in-store sales = 350 + 380 + 400 + 420 = **1,550 thousand**.",True,0.008385,2952,67,3007.009167224169
bubble_154,bubble,What is the Fuel Efficiency difference between Planes and Ships?,0.35 Miles/Gallon,"From the chart:

- **Planes:** 0.2 miles/gallon  
- **Ships:** 0.1 miles/gallon

So the **fuel efficiency difference** is:

**0.2 - 0.1 = 0.1 miles/gallon**

That means **planes are 0.1 miles/gallon more fuel efficient than ships** in this chart, or **about 2× as fuel efficient**.",False,0.00877,2956,92,4665.847375057638
bubble_247,bubble,Which Research Area has the highest Public Interest Score?,Philosophy,"The research area with the highest Public Interest Score is **Philosophy**, with a score of **9.5**.",True,0.00782,2954,29,5868.413707707077
radar_242,radar,What is the yield difference between wheat and tomato in Farm C?,10,"From the chart for **Farm C**:

- **Wheat** = 90
- **Tomato** = 75

**Yield difference = 90 − 75 = 15 units.**",False,0.0080525,2945,46,3008.557917084545
radar_156,radar,Which type of educational institute has the highest Faculty Quality Score?,Private School,"From the chart, the **Faculty Quality Scores** are:

- **Primary School:** 84  
- **Secondary School:** 89  
- **Community College:** 83  
- **Public School:** 88  
- **Private School:** 92  

So, **Private School** has the **highest Faculty Quality Score (92)**.",True,0.008455,2944,73,4010.2453748695552
radar_60,radar,Which platform has the highest Ad Revenue according to the data?,YouTube,"According to the chart, **Facebook** has the highest **Ad Revenue**, at **$230 million**.",False,0.00775,2944,26,2382.9210409894586
151,treemap,How much percentage is allocated to Healthcare?,10%,Healthcare is allocated **10%**.,True,0.00753,2940,12,2493.71675029397
bubble_64,bubble,What was the Production Volume in April?,74,"The chart shown is about **manufacturing industries**, not monthly data, and it does **not include April** or a metric labeled **Production Volume**.

If you meant **production capacity** for one of the industries, the values shown are:
- Automobiles: **80,000 units**
- Electronics: **60,000 units**
- Pharmaceuticals: **50,000 units**
- Textiles: **40,000 units**
- Steel: **30,000 units**

Please upload the monthly chart or clarify what “April” refers to.",False,0.00909,2952,114,8263.25700012967
area_chart_196,area_chart,What is the mode of transportation with the maximum distance traveled according to the data?,Road,"According to the chart, **Pipeline** has the **maximum distance traveled**, at **55,000 miles**.",False,0.007805,2960,27,3708.423249889165
area_chart_242,area_chart,How much Gas Usage is recorded in the month of September?,190 m^3,The Gas Usage in **September** is **220 m³**.,False,0.0076475,2951,18,2483.839583117515
194,treemap,How much more funding does Health receive compared to Animal Welfare?,22%,"Health receives 25 million dollars, while Animal Welfare receives 3 million dollars.

So, Health receives 22 million dollars more than Animal Welfare.",True,0.0078725,2951,33,6197.712500113994
area_chart_61,area_chart,"In which year did rice production reach 40,000 tons?",2018,"Rice production reached **40,000 tons in 2018**.",True,0.0076625,2957,18,3704.6950003132224
bubble_248,bubble,How much greater is the viewership of basketball compared to hockey?,1.2 million,"From the chart, **basketball viewership = 2.0 million** and **hockey viewership = 0.8 million**.

So the difference is:

**2.0 - 0.8 = 1.2 million**

So, **basketball has 1.2 million more viewers than hockey**.",True,0.0084725,2957,72,3751.5773749910295
bubble_65,bubble,How much funding goes into research for Heart Disease?,180 Billion $,"According to the chart, **Heart Disease receives about $200 billion in research funding**.",False,0.007715,2954,22,4419.670207891613
radar_157,radar,What is the Cost Efficiency Score of Environmental Law?,65,The **Cost Efficiency Score** of **Environmental Law** is **65**.,True,0.007655,2942,20,4481.34179180488
radar_61,radar,What is the fuel efficiency of river barges?,10 MPG,The chart shows **River Barges** have a fuel efficiency of **500 MPG**.,False,0.007685,2942,22,2463.8769580051303
bubble_155,bubble,What percentage of Civil Litigation cases received a judgement in favor?,70%,Civil Litigation cases received a judgment in favor of **65%**.,True,0.00766,2956,18,8800.766082946211
153,treemap,How much less is the percentage of Snack Foods as compared to Meat & Poultry in the Food and Beverage Industry?,10%,"From the chart:

- Meat & Poultry = 13%
- Snack Foods = 3%

Difference = 13% − 3% = 10%

So, Snack Foods is 10% less than Meat & Poultry.",True,0.008185,2962,52,2117.973833810538
radar_243,radar,Which subject showed the least improvement from Term 1 to Term 4?,Physical Education Scores,"From the chart:

- **Math:** 80 → 95 = **+15**
- **Science:** 70 → 90 = **+20**
- **Reading:** 85 → 100 = **+15**
- **Art:** 75 → 85 = **+10**
- **Physical Education:** 65 → 80 = **+15**

**Art** showed the **least improvement**, with an increase of **10 points** from Term 1 to Term 4.",False,0.0089425,2947,105,6570.47341670841
245,treemap,"What is the total percentage represented by Modernism, Surrealism, and Pop Art?",31%,"From the chart:

- **Modernism** = 16%
- **Surrealism** = 8%
- **Pop Art** = 7%

Total = **16 + 8 + 7 = 31%**

**Answer: 31%**",True,0.0082225,2941,58,3297.290458343923
263,treemap,What is the percentage of revenue for Home and Garden category?,15%,The **Home and Garden** category accounts for **15%** of the revenue.,True,0.007675,2944,21,2843.70887465775
32,treemap,What is the combined percentage of funding for Anthropology and Gender Studies?,19%,"Anthropology is **13%** and Gender Studies is **6%**.

Combined funding = **19%**.",True,0.0077975,2945,29,2700.8921671658754
area_chart_197,area_chart,In which year was the highest Education Budget allocated?,2019,The highest **Education Budget** was allocated in **2023**.,True,0.0076625,2957,18,3068.1235841475427
area_chart_243,area_chart,In which year did Sociology publications reach the number of 240?,2019,Sociology publications reached **240 in 2019**.,True,0.007655,2960,17,2968.807708006352
49,treemap,What is the combined percentage market share of Meat and Poultry and Seafood?,15%,"Meat and Poultry is 10% and Seafood is 5%, so their combined market share is 15%.",True,0.0078175,2959,28,4240.91525003314
bubble_156,bubble,What is the profit margin for computers? ,25%,The profit margin for **computers** is **25%**.,True,0.0076525,2953,18,2950.825084000826
area_chart_62,area_chart,Which state has the least number of condos?,Pennsylvania,"From the chart, **Pennsylvania** has the **least number of condos**, with **20,000 units**.",True,0.0078025,2953,28,2965.1372502557933
radar_244,radar,What is the energy efficiency ratio of Wind Power?,85%,The energy efficiency ratio of Wind Power is 85%.,True,0.00758,2942,15,2821.030667051673
radar_63,radar,Which platform has the highest user engagement percentage?,YouTube,"From the chart, **YouTube** has the highest **User Engagement (%)** at **85%**.",True,0.0077425,2941,26,3003.678457811475
radar_158,radar,What is the difference between the Streaming Subscriptions revenue on Sunday and Monday?,$600,"From the chart, **Streaming Subscriptions** revenue is:

- **Sunday:** $2,600  
- **Monday:** $2,400  

**Difference:** **$200** (Sunday is $200 higher than Monday).",True,0.0081175,2947,50,3978.673833422363
bubble_66,bubble,How much is the difference in revenue between basketball and baseball?,$31 billion,"From the chart:

- **Basketball revenue:** **$28 billion**
- **Baseball revenue:** **$16 billion**

**Difference = $12 billion**.",True,0.00796,2956,38,3986.3355839625
bubble_249,bubble,How many tonnes of pesticides are used for grapes?,20 tonnes,Grapes use **20 tonnes** of pesticides.,True,0.00761,2954,15,6232.619333080947
154,treemap,What is the freight volume percentage for the sea transportation mode?,20%,The freight volume percentage for sea transportation is **20%**.,True,0.0076325,2951,17,2238.820666912943
91,treemap,How many percentage points higher is the funding for Secondary Education compared to Postgraduate?,0%,"Secondary Education is **10 percentage points** higher than Postgraduate.

- **Secondary Education:** 20%
- **Postgraduate:** 10%

**Difference:** 20% − 10% = **10 percentage points**",True,0.0081425,2963,49,3850.72287498042
bubble_25,bubble,What is the score for Victim Impact in the case of Assault?,95,The Victim Impact score for **Assault** is **95**.,True,0.00768,2958,19,2037.8864579834044
area_chart_63,area_chart,How many publications were there in Engineering in 2020?,550,Engineering had **550 publications** in **2020**.,True,0.00763,2956,16,5029.312834143639
area_chart_244,area_chart,How many more users did Instagram have compared to Twitter in Q3 of 2019?,40,"In Q3 2019:

- **Instagram** had **220 million** users
- **Twitter** had **180 million** users

So, **Instagram had 40 million more users than Twitter**.",True,0.0080975,2957,47,6186.631875112653
bubble_157,bubble,What is the Quality Assurance Score for Electronics?,9,The Quality Assurance Score for **Electronics** is **9.5**.,True,0.0076825,2953,20,3947.417249903083
area_chart_198,area_chart,What is the total number of employees in the IT department over the five-year period from 2018 to 2022?,1250 employees,"From the chart, the IT department has:

- 2018: 180
- 2019: 200
- 2020: 220
- 2021: 240
- 2022: 260

Total over 2018–2022:

180 + 200 + 220 + 240 + 260 = 1100

So, the total number of employees in the IT department over the five-year period is 1100.",False,0.0089375,2969,101,10237.991749774665
radar_159,radar,Which platform has the highest user engagement according to the data?,Instagram,"According to the chart, **Facebook** has the highest **User Engagement (%)** at **85%**.",False,0.00775,2944,26,2897.944083902985
radar_246,radar,Which category shows a consistent increase of 5 units every quarter?,Audience Size,"The categories that increase by exactly 5 units each quarter are:

- **Audience Size**: 70 → 75 → 80 → 85  
- **Sponsorship**: 75 → 80 → 85 → 90  
- **Media Coverage**: 65 → 70 → 75 → 80

So, **Audience Size, Sponsorship, and Media Coverage** all show a consistent increase of 5 units every quarter.",True,0.0088175,2945,97,4006.0692080296576
bubble_67,bubble,What is the Carbon Footprint for the Recycling Program?,5000 Metric Tons,"The **Carbon Footprint for the Recycling Program** is **8,000 metric tons**.",False,0.0077325,2955,23,5073.192832991481
radar_64,radar,What is the change in the Policy Approval Rating from Q1 to Q4?,15%,"From the chart, the **Policy Approval Rating** is:

- **Q1:** 75%
- **Q4:** 80%

**Change = 80% - 75% = 5 percentage points**

So, the **Policy Approval Rating increased by 5 percentage points from Q1 to Q4**.",False,0.008405,2948,69,5006.451542023569
227,treemap,What percentage of research funds is allocated to Physics?,14%,Physics is allocated **14%** of the research funds.,True,0.0075725,2933,16,2399.0215831436217
155,treemap,What percentage of the energy mix does nuclear power constitute?,15%,Nuclear power constitutes **15%** of the energy mix.,True,0.00763,2950,17,3512.780124787241
281,treemap,What is the total percentage of Film and Video Gaming in the revenue share distribution in the Sports and Entertainment Industry?,36%,"Film is **30%** and Video Gaming is **6%**.

So, the total percentage is **36%**.",True,0.0078725,2969,30,4443.494792096317
area_chart_199,area_chart,Which state has the highest number of Basketball fans?,New York,"From the chart, **California** has the highest number of **Basketball fans**, with about **500 fans**.",False,0.0077925,2949,28,4520.3984580002725
bubble_158,bubble,Which university has the highest research output score?,MIT,"From the chart, **MIT** has the highest research output score, at **93**.",True,0.0077275,2953,23,4359.701082576066
area_chart_65,area_chart,Which country has the least number of airport arrivals according to the data?,Russia,"According to the chart, **Australia** has the **least number of airport arrivals**, with **10,000**.",False,0.007815,2958,28,4368.120040744543
area_chart_245,area_chart,How many visitors attended Festivals in 2023?,320,Festivals had **350 visitors** in **2023**.,True,0.0076475,2957,17,5001.358124893159
bubble_250,bubble,What is the Quality Life Years score for Heart Disease?,7.5,The Quality Life Years score for **Heart Disease** is **7.2**.,True,0.0077025,2955,21,3802.5813749991357
radar_65,radar,What is the maintenance cost of a solar panel?,$20K,The maintenance cost of a **solar panel** is **$20K**.,True,0.007655,2942,20,1989.3937078304589
radar_16,radar,Which item has the highest yield per acre according to the data?,Corn,"According to the chart, **Corn** has the highest **yield per acre**, at **5 tonnes/acre**.",True,0.0077825,2945,28,2609.340832568705
bubble_68,bubble,What is the profit margin for electronics?,30%,The profit margin for **electronics** is **30%**.,True,0.007635,2952,17,3731.122124940157
radar_247,radar,What is the score for Product Quality in Q3?,88,The **Product Quality** score in **Q3** is **88**.,True,0.0076575,2943,20,3711.5534162148833
area_chart_246,area_chart,Which industry category utilizes air transport the most?,Retail,"From the chart, **Pharmaceuticals** utilizes **air transport** the most.",False,0.0076975,2953,21,2318.552916869521
156,treemap,How much more is the percentage of sales for Electronics compared to Jewelry?,28%,"Electronics accounts for **30%** of sales, while Jewelry accounts for **2%**.

So, Electronics is **28 percentage points** higher than Jewelry.",True,0.0079375,2953,37,4814.279958140105
84,treemap,How much more is the Banking category's percentage compared to Wealth Management?,23%,"Banking is **23 percentage points** more than Wealth Management.

- **Banking:** 25%
- **Wealth Management:** 2%

**Difference:** 25% - 2% = **23%**",True,0.0081175,2953,49,4992.6287909038365
area_chart_2,area_chart,What was the total increase in water consumption from 2019 to 2023?,400 gallons,"From the chart, water consumption was:

- 2019: 2500 gallons
- 2023: 3400 gallons

Total increase = 3400 - 2500 = 900 gallons

So, the total increase in water consumption from 2019 to 2023 was 900 gallons.",True,0.00841,2956,68,3996.5728749521077
area_chart_66,area_chart,Which category has the highest number of settlements?,Criminal,"From the chart, the **category with the highest number of settlements is Administrative**, with about **250 settlements**.",False,0.0079175,3005,27,2002.8656660579145
radar_161,radar,Which establishment has the highest score for Customer Service?,Vegan Café,"The establishment with the highest **Customer Service** score is **Vegan Café**, with a score of **95**.",True,0.007775,2942,28,1913.8537920080125
bubble_69,bubble,Which field has the second-largest number of researchers?,Civil Engineering,"From the chart, **Mechanical Engineering** has the largest number of researchers (500 thousand), so the **second-largest** is **Computer Science** with **450 thousand researchers**.",False,0.007985,2954,40,2519.5147497579455
bubble_251,bubble,By how much does the Average Price of Shoes exceed that of Clothing?,$50,"From the chart:

- **Shoes average price** = **$120**
- **Clothing average price** = **$80**

So, the average price of Shoes exceeds that of Clothing by **$40**.",False,0.00813,2958,49,2623.1007082387805
66,treemap,What percentage of the efforts is dedicated to Conservation Efforts?,25%,The percentage dedicated to **Conservation Efforts** is **25%**.,True,0.0076775,2951,20,9854.214208200574
bubble_159,bubble,How much higher is the job availability in Arts compared to Anthropology?,25 thousand,"From the chart:

- **Arts job availability:** 48 thousand  
- **Anthropology job availability:** 35 thousand  

**Difference = 48 − 35 = 13 thousand**

So, **Arts has 13 thousand more jobs available than Anthropology**.",False,0.0082625,2957,58,3775.3291660919785
radar_67,radar,What is the Teacher-Student Ratio at Lee University?,12,The **Teacher-Student Ratio at Lee University is 12**.,True,0.0076275,2943,18,2054.80929184705
157,treemap,"Which category has a higher percentage, Video Games or Theater?",Video Games,"Video Games has the higher percentage.

- Video Games: 10%
- Theater: 7%",True,0.0076975,2935,24,2085.432999767363
radar_249,radar,How much has Online Shopping usage increased from Q1 to Q4?,15,"From the chart, **Online Shopping** usage is:

- **Q1:** 85
- **Q4:** 95

So the increase from Q1 to Q4 is:

**95 - 85 = 10**

✅ **Online Shopping usage increased by 10 units.**",False,0.00831,2946,63,3538.236458785832
area_chart_20,area_chart,How much solar power was generated in July?,100 kWh,Solar power generated in **July** was **120 kWh**.,False,0.00764,2948,18,2068.338042125106
268,treemap,What percentage of the utility usage is covered by Nuclear energy?,20%,Nuclear energy covers **20%** of the utility usage.,True,0.0076325,2951,17,3267.3194999806583
area_chart_247,area_chart,Which venue had the highest number of visitors in August?,Art Gallery Visitors,"In **August**, the **Art Gallery** had the highest number of visitors, with **1,200 visitors**.",False,0.007795,2950,28,3620.982709340751
bubble_7,bubble,Which property type has the greatest area?,Vacation Homes,"The property type with the greatest area is **Vacation Homes**, with **4 million square meters**.",True,0.00774,2952,24,2480.81341618672
area_chart_67,area_chart,What is the total revenue generated from Boxing?,"$2,000","From the chart, **Boxing** has:

- Ticket Sales: **$500**
- Food and Beverage Sales: **$100**
- Other Revenue: **$25**
- Merchandise Sales: **$25**

So the **total revenue generated from Boxing** is:

**$650**",False,0.0083275,2953,63,4684.44904172793
bubble_16,bubble,How many more millions of visitors did Europe have compared to Asia?,10 million,"Europe had **180 million** visitors and Asia had **150 million** visitors.

So, Europe had **30 million more visitors** than Asia.",False,0.0078875,2957,33,3727.4766247719526
bubble_252,bubble,Which company has the highest number of employment (in thousands)?,Amazon,"From the chart, **Amazon** has the highest employment, at **798 thousand**.",True,0.00772,2956,22,4877.948458772153
radar_25,radar,What are the High School Science Scores according to the data?,85,The **High School Science score** is **80**.,True,0.0076,2944,16,2521.595625206828
radar_68,radar,Which organization has the highest Volunteer Satisfaction score?,World Vision,"The organization with the highest **Volunteer Satisfaction** score is **Red Cross**, with a score of **85**.",False,0.0077575,2941,27,2517.372833099216
radar_162,radar,By how much did the Market Share (%) increase from Q1 to Q4?,15%,"From the chart, **Market Share (%)** is:

- **Q1:** 65%
- **Q4:** 80%

So the increase from **Q1 to Q4** is:

**80% - 65% = 15 percentage points**

**Answer: 15 percentage points.**",True,0.00836,2948,66,3168.892208021134
158,treemap,What is the combined market share percentage of Condos and Townhouses?,25%,"Condos are **15%** and Townhouses are **10%**.

So, their combined market share is **25%**.",True,0.007845,2946,32,2888.306041713804
210,treemap,What is the percentage of Proportional Investments in Water Conservation?,10%,The percentage of proportional investments in **Water Conservation** is **10%**.,True,0.00768,2952,20,2940.301666967571
246,treemap,What percentage of research funding is allocated to Linguistics?,12%,Linguistics is allocated **12%** of the research funding.,True,0.007665,2958,18,2928.744750097394
5,treemap,Which legal branch has the same expenditure allocation as the Legislative branch?,Law Enforcement,The **Law Enforcement** branch has the same expenditure allocation as the **Legislative** branch — both are **25**.,True,0.002646,2952,30,3627.255250234157
264,treemap,"What is the combined market share percentage of Private Equity, Real Estate, and Venture Capital?",15%,Private Equity (7%) + Real Estate (5%) + Venture Capital (3%) = **15%**.,True,0.0077975,2957,27,5319.712125230581
area_chart_202,area_chart,What was the revenue from desserts in the year 2018?,"$220,000","The revenue from **desserts in 2018** was **$180,000**.",False,0.007745,2960,23,2406.440374907106
area_chart_248,area_chart,Which category showed a decreasing trend in the number of publications from 2019 to 2023?,Economics,"From the chart, **no category showed an overall decreasing trend from 2019 to 2023**.

All categories ended higher in 2023 than in 2019:
- Psychology: 180 → 220
- Economics: 150 → 250
- History: 200 → 240
- Sociology: 170 → 210
- Literature: 130 → 200

So, **none of the categories decreased over the full period**.",True,0.0089025,2967,99,4492.834124714136
bubble_70,bubble,Which material has an environmental impact score of 5?,Silicon,The material with an environmental impact score of **5** is **Steel**.,False,0.0076875,2955,20,2557.833041995764
bubble_253,bubble,What is the delivery time difference between drone and pipeline modes of transport?,42 hours,"From the chart:

- **Drone delivery time:** 10 hours  
- **Pipeline delivery time:** 60 hours  

**Difference = 60 - 10 = 50 hours**

So, **drone is 50 hours faster than pipeline**.",False,0.00822,2958,55,3868.408584035933
bubble_160,bubble,How many artworks (in thousands) did Rembrandt sell?,90,Rembrandt sold **85 thousand** artworks.,True,0.007585,2956,13,5700.0926672481
area_chart_68,area_chart,What is the difference between the retail sales and e-commerce sales for Electronics?,$2000,"For **Electronics**:

- **Retail Sales** = **$5000**
- **E-commerce Sales** = **$3500**

**Difference = $1500**.",False,0.00812,3002,41,6930.808042176068
radar_250,radar,What is the resolution rate for environmental law?,85,The **resolution rate for Environmental Law is 70**.,False,0.0075925,2941,16,2230.6602909229696
radar_163,radar,How much more RAM does a desktop have compared to a smart watch?,15 G,"From the chart:

- **Desktop RAM** = **16 GB**
- **Smart Watch RAM** = **1 GB**

So, a **desktop has 15 GB more RAM** than a smart watch.",True,0.008055,2946,46,3725.4626667127013
radar_69,radar,Which product category has the highest inventory turnover?,Alcohol,"The product category with the highest **inventory turnover** is **Beverages**, with a value of **10**.",False,0.0077725,2941,28,3102.3507500067353
159,treemap,What percentage of healthcare expenditure is spent on Outpatient Care?,18%,Outpatient Care accounts for **18%** of healthcare expenditure.,True,0.007645,2956,17,2238.089832942933
area_chart_203,area_chart,How many cultural festivals events occurred in 2023?,10,There were **40 cultural festival events** in **2023**.,False,0.0076575,2955,18,3978.0821669846773
bubble_254,bubble,How many patents have been registered in the field of Electrical Engineering?,100,Electrical Engineering has **100 patents registered**.,True,0.0075875,2957,13,2980.0814581103623
area_chart_249,area_chart,What is the difference between the condo sales and vacant land sales in 2017?,"60,000","From the chart for **2017**:

- **Condo sales** = **150 (000s)**
- **Vacant land sales** = **100 (000s)**

**Difference = 50 (000s)**, or **50,000 sales**.",False,0.00829,2956,60,4038.170666899532
area_chart_69,area_chart,In which month was the price difference between Single Family Homes and Apartments the greatest in 2018?,August,"From the chart:

- **Single Family Homes** prices by month: 500k, 520k, 540k, 530k, 550k, 580k, 600k, 620k, 610k, 630k, 650k, 670k  
- **Apartments** prices by month: 150k, 160k, 170k, 180k, 175k, 185k, 190k, 200k, 205k, 210k, 220k, 230k

Differences each month:

- Jan: 350k  
- Feb: 360k  
- Mar: 370k  
- Apr: 350k  
- May: 375k  
- Jun: 395k  
- Jul: 410k  
- Aug: 420k  
- Sep: 405k  
- Oct: 420k  
- Nov:",False,0.01041,2964,200,4149.400749709457
bubble_161,bubble,Which category has the highest customer ratings average score?,Home and Kitchen,"The category with the highest average customer rating is **Beauty and Personal Care**, with a rating of **4.9**.",False,0.00782,2954,29,5328.930499963462
radar_164,radar,Which category has the highest percentage for Food Bank and what is the percentage?,Charitable Programs; 100%,"For **Food Bank**, the category with the highest percentage is **Charitable Programs (%)** at **100%**.",True,0.0077875,2947,28,2330.633500125259
bubble_71,bubble,Which website has the highest conversion rate?,YouTube,"From the chart, **YouTube** has the highest conversion rate at **6%**.",True,0.007725,2952,23,3468.386916909367
radar_251,radar,How much is the Cost Efficiency score of Prototype D?,90,Prototype D’s **Cost Efficiency** score is **75**.,False,0.0076125,2943,17,4519.793665967882
radar_7,radar,Which category shows the smallest percentage increase from Q1 to Q4?,Economic Equality,"From the chart:

- **Education:** 80 → 100, increase = 25%
- **Social Development:** 70 → 85, increase ≈ 21.4%
- **Human Rights:** 85 → 95, increase ≈ 11.8%
- **Arts and Culture:** 65 → 80, increase ≈ 23.1%
- **Economic Equality:** 60 → 75, increase = 25%

**Smallest percentage increase:** **Human Rights (%)** with about **11.8%**.",True,0.00912,2946,117,3669.3871249444783
283,treemap,How much more is the public engagement percentage for painting compared to literature?,15%,"Painting is **25%** and Literature is **10%**.

So, the public engagement percentage for painting is **15 percentage points more** than literature.",True,0.0079225,2953,36,3254.9664583057165
228,treemap,What is the percentage difference between 'Health & Beauty' and 'Books & Media' product categories?,3%,"From the chart:

- **Health & Beauty = 13%**
- **Books & Media = 10%**

**Percentage difference = 13% - 10% = 3 percentage points.**",True,0.0080875,2959,46,4723.847707733512
area_chart_7,area_chart,How many users did LinkedIn gain from February to March?,10000,"LinkedIn gained **5,000 users** from February to March.

- **February:** 50,000  
- **March:** 55,000  
- **Increase:** **5,000**",False,0.008065,2956,45,2272.182041313499
area_chart_204,area_chart,In which year did 'Public Programs' expenditure reach $5500?,2022,"From the chart, **Public Programs** expenditure reaches **$5500 in 2021**.",True,0.0077625,2961,24,4298.556124791503
bubble_162,bubble,What was the Production Volume in April?,74,"The provided chart is about **social media and web statistics** and does **not show monthly production volume** or months like April.

So, **the Production Volume in April cannot be determined from this image**.",False,0.00807,2952,46,3174.8661659657955
area_chart_25,area_chart,How much did the Average Price ($) increase from 2019 to 2023?,"$200,000","From the chart, the **Average Price ($)** was:

- **2019:** \$350,000  
- **2023:** \$500,000  

Increase = **\$500,000 - \$350,000 = \$150,000**

So, the **Average Price increased by \$150,000** from 2019 to 2023.",False,0.008545,2962,76,4362.4341250397265
16,treemap,What is the combined percentage of Sustainable Agriculture and Water Conservation initiatives?,30%,"Sustainable Agriculture is **20%** and Water Conservation is **10%**.

Combined percentage: **30%**.",True,0.0078275,2957,29,11665.083375293761
bubble_255,bubble,Which product has the lowest Cost per Unit?,Bicycles,"The product with the lowest **Cost per Unit** is **Smartphones**, at **$100 per unit**.",False,0.0077875,2953,27,3947.528791613877
160,treemap,What percentage of online usage is taken up by E-Learning?,3%,E-Learning takes up **3%** of online usage.,True,0.0024635,2957,17,1876.6853748820722
radar_252,radar,What is the score of Athlete C during Performance Q2?,76,Athlete C's score during Performance Q2 is **82**.,True,0.00763,2944,18,3007.0917909033597
radar_70,radar,Which category has the lowest Student Satisfaction score?,History,"The category with the lowest **Student Satisfaction** score is **Philosophy**, with a score of **70**.",False,0.00791,2996,28,2993.5858342796564
bubble_72,bubble,What is the Bureaucratic Complexity score of the Climate Change Policies?,400,The **Bureaucratic Complexity score** for **Climate Change Policies** is **400**.,True,0.007755,2958,24,5659.562417306006
radar_165,radar,Which category has the highest Volunteer Satisfaction Score?,Animal Welfare,"From the chart, the **Volunteer Satisfaction Score** values are:

- **Educational Aid**: 80  
- **Healthcare Aid**: 75  
- **Child Aid**: 90  
- **Animal Welfare**: 70  

So, **Child Aid** has the highest Volunteer Satisfaction Score, with a score of **90**.",True,0.00844,2932,74,4230.768625158817
area_chart_250,area_chart,What was the growth percentage in Q1?,10%,The growth percentage in **Q1** was **5%**.,False,0.0076525,2953,18,2091.131624765694
67,treemap,What percentage of internet activity is represented by remote work?,10%,Remote work represents **10%** of internet activity in the chart.,True,0.007645,2950,18,5314.271042123437
area_chart_205,area_chart,In which year was the number of employees under performance management the highest?,2019 and 2020,"From the chart, **Performance Management** has the following values by year:

- **2019:** 100  
- **2020:** 120  
- **2021:** 140  
- **2022:** 130  
- **2023:** 150  

The highest number of employees under performance management was in **2023**.",True,0.0083625,2901,74,4315.053542144597
85,treemap,What is the percentage difference between Social Networking and Blogging Platforms?,30%,"From the chart:

- **Social Networking** = **35%**
- **Blogging Platforms** = **5%**

**Percentage difference = 35% - 5% = 30%**

So, the percentage difference is **30%**.",True,0.0030535,2959,56,5312.306832987815
area_chart_70,area_chart,How many Immigration Law cases were there in May?,20,There were **30 Immigration Law cases** in **May**.,False,0.00764,2954,17,3735.774082597345
bubble_163,bubble,Which company has the highest debt according to the data?,Amazon,"According to the chart, **Amazon** has the highest debt, at **110 billion dollars**.",True,0.0077475,2955,24,3770.8161249756813
33,treemap,How much higher is the usage percentage of Social Media compared to Online Gaming?,15%,"Social Media is **15 percentage points** higher than Online Gaming.

- **Social Media:** 25%
- **Online Gaming:** 10%

**Difference:** 25% - 10% = **15%**",True,0.0081175,2959,48,11299.561166670173
bubble_73,bubble,Which product has the highest reliability score?,Home essentials,"The product with the highest reliability score is **Furniture**, with a score of **10.1**.",False,0.007755,2952,25,3957.36745884642
bubble_256,bubble,What is the revenue difference between PepsiCo and Danone?,$9000 million,"From the chart:

- **PepsiCo revenue:** **35,000 million $**
- **Danone revenue:** **10,000 million $**

**Revenue difference = 35,000 - 10,000 = 25,000 million $**

So, **PepsiCo’s revenue is $25 billion higher than Danone’s**.",False,0.008515,2956,75,3965.2083329856396
radar_166,radar,What is the percentage for Energy Efficiency in Q4?,80%,The percentage for **Energy Efficiency in Q4** is **80%**.,True,0.0076575,2943,20,4716.6493749246
radar_253,radar,Which energy source has the highest Environment Impact score?,Solar,"From the chart, the highest **Environment Impact** score is **70**, which belongs to **Coal**.",False,0.007745,2942,26,3528.4610423259437
radar_71,radar,Which aspect of law scored the highest in 'Client Satisfaction'?,Employment Law,"From the chart, **Family Law** scored the highest in **Client Satisfaction** with a score of **90**.",False,0.00778,2944,28,6050.27374997735
161,treemap,What is the combined percentage of wind and solar energy sources?,2%,"Wind is **1%** and Solar is **1%**, so combined they make **2%**.",True,0.00778,2956,26,4947.076041251421
area_chart_251,area_chart,Which category has the highest number of legal cases won?,Corporate,"From the chart, the category with the highest number of **legal cases won** is **Employment**, with about **190 cases won**.",False,0.007855,2950,32,3656.634584069252
bubble_74,bubble,Which renewable source has the largest generation capacity?,Solar,"From the chart, **Solar** has the largest generation capacity at **500 GW**.",True,0.0077125,2953,22,1752.3903753608465
area_chart_71,area_chart,How much was spent on Social Programs in 2020?,10000,"Social Programs spending in **2020** was **10,500**.",True,0.0076825,2959,19,5451.4386667869985
bubble_257,bubble,Which charity has the highest impact score?,Greenpeace,"From the chart, **Greenpeace** has the highest impact score at **92**.",True,0.00771,2952,22,3078.682374674827
area_chart_206,area_chart,Which grade has the highest total number of study hours across all subjects?,Grade 12,"From the chart:

- **Grade 9**: 2 + 3 + 2 + 1 + 1 = **9**
- **Grade 10**: 4 + 5 + 3 + 2 + 1 = **15**
- **Grade 11**: 3 + 4 + 2 + 3 + 1 = **13**
- **Grade 12**: 6 + 5 + 3 + 4 + 2 = **20**

**Grade 12** has the highest total number of study hours, with **20 hours**.",True,0.0093025,2953,128,7983.785250224173
radar_167,radar,What is the Job Satisfaction Score for Training?,80,The **Job Satisfaction Score for Training** is **75**.,True,0.007555,2920,17,2035.583958029747
radar_254,radar,What is the environmental impact rating of solar energy?,65,The environmental impact rating of **solar energy** is **65**.,True,0.007625,2942,18,2595.8829168230295
196,treemap,Which discipline has the least percentage of research funding allocation?,Environmental Science,Environmental Science has the least research funding allocation at **3%**.,True,0.0076575,2955,18,2813.1033331155777
162,treemap,What percentage of online usage is taken up by E-Learning?,3%,E-Learning takes up **3%** of online usage.,True,0.0024635,2957,17,4006.1096251010895
radar_72,radar,What is the score difference between NASA and European Space Agency in terms of Resource Management?,3,"From the chart, in **Resource Management**:

- **NASA** = **92**
- **European Space Agency** = **90**

**Score difference = 2 points** (NASA is higher).",False,0.0080475,2949,45,4347.009583842009
bubble_164,bubble,Which company has the largest User Base according to the data?,Google,"According to the chart, **Google** has the largest user base, with **4,000 million users**.",True,0.007795,2956,27,11787.198042031378
211,treemap,What is the percentage for Food Services in the revenue distribution?,25%,Food Services accounts for **25%** of the revenue distribution.,True,0.0076525,2959,17,2830.980916041881
247,treemap,What is the percentage difference in research funding between Biology and Physics?,3%,"Biology has **18%** and Physics has **15%**.

The difference is:

**18% - 15% = 3 percentage points**

So, the percentage difference in research funding between Biology and Physics is **3 percentage points**.",True,0.008205,2952,55,2845.779249910265
265,treemap,What transportation type has the smallest share of logistics volume?,Pipeline and Intermodal,"The smallest share of logistics volume is **5%**, shared by **Intermodal** and **Pipeline**.",False,0.002581,2950,26,2836.422124877572
area_chart_208,area_chart,In which quarter was the total number of residential sales the highest?,4th Quarter,"From the chart, the total residential sales are highest in the **4th Quarter**.",True,0.0077225,2957,22,3467.1303327195346
area_chart_252,area_chart,Which level of education has the highest number of students enrolled in Computer Science?,Post-Graduate,"Computer Science has the highest enrollment at the **Graduate** level, with **220 students**.",False,0.0077425,2959,23,3172.0707081258297
50,treemap,How much greater is the percentage focus on Consumer Protection compared to Intellectual Property Rights within the Jurisprudence System?,7%,"Consumer Protection is **15%** and Intellectual Property Rights is **8%**.

So, the percentage focus on Consumer Protection is **7 percentage points greater** than Intellectual Property Rights.",True,0.0080025,2955,41,4485.306708142161
area_chart_72,area_chart,How many acres of soybeans are produced in Iowa?,1600,"From the chart, **Iowa produces 2,500 acres of soybeans**.",False,0.0078625,3013,22,3165.619708131999
bubble_165,bubble,Which government policy has the highest public satisfaction score?,Social Security,"The policy with the highest public satisfaction score is **Social Security**, with a score of **81**.",True,0.00776,2954,25,5029.634084086865
bubble_75,bubble,How many deliveries did FedEx complete?,300 million,FedEx completed **280 million deliveries**.,True,0.007575,2952,13,4010.964167304337
radar_168,radar,What is the percentage increase in Hospital Bed Availability from Q1 to Q4?,25%,"Hospital Bed Availability is **60% in Q1** and **75% in Q4**.

Percentage increase:

\[
\frac{75 - 60}{60} \times 100 = 25\%
\]

**Answer: 25%**",True,0.008225,2948,57,4006.129583809525
bubble_258,bubble,How much more in donations has UNICEF received compared to Doctors Without Borders?,$600 million,"From the chart:

- **UNICEF donations:** **$2,000 million**
- **Doctors Without Borders donations:** **$1,800 million**

Difference:

**$2,000 million - $1,800 million = $200 million**

So, **UNICEF has received $200 million more in donations** than Doctors Without Borders.",False,0.00849,2958,73,6702.185874804854
radar_255,radar,Which aspect has the highest rating for Court A?,Judicial Fairness,"For **Court A**, the highest rating is **Judicial Fairness** with a score of **90**.",True,0.00776,2942,27,2683.3125832490623
radar_73,radar,Which mode of transportation has the highest Volume Capacity percentage?,Pipelines,"The mode of transportation with the highest **Volume Capacity (%)** is **Pipelines**, at **100%**.",True,0.0077625,2943,27,3179.564000107348
area_chart_209,area_chart,What is the total sales for the Home Goods category?,"250,000","The total sales for the **Home Goods** category is **$300,000**.",False,0.007705,2950,22,1935.8662087470293
64,treemap,What percentage of Academic Funds is allocated to Secondary Education?,25%,Secondary Education is allocated **25%** of the academic funds.,True,0.00763,2950,17,4327.451624907553
163,treemap,What is the total revenue percentage of Music Concerts and Broadcasting Rights combined?,33%,"Music Concerts are **19%** and Broadcasting Rights are **14%**.

Combined total: **19% + 14% = 33%**.",True,0.0079525,2959,37,4834.632209036499
area_chart_73,area_chart,What is the total production of Rye and Millet combined?,130 lbs,"From the chart, the **production** values are:

- **Rye** = 220 lbs  
- **Millet** = 100 lbs  

**Total production = 220 + 100 = 320 lbs.**",False,0.008125,2950,50,3330.309916753322
bubble_26,bubble,How many enrollment numbers are reported for Junior students?,850,The enrollment number reported for Junior students is **850**.,True,0.007625,2954,16,1779.1223330423236
bubble_166,bubble,How many artworks has Rembrandt sold more than Caravaggio?,200,"From the chart:

- **Rembrandt artworks sold:** 3000  
- **Caravaggio artworks sold:** 2700  

Difference: **3000 - 2700 = 300**

**Answer: Rembrandt has sold 300 more artworks than Caravaggio.**",False,0.0083075,2957,61,2288.0219584330916
area_chart_253,area_chart,Which category has the smallest difference between retail sales and e-commerce sales?,Toys,"From the chart, the category with the **smallest difference** between retail sales and e-commerce sales is **Furniture**.

- **Retail:** about **$400,000**
- **E-commerce:** about **$600,000**
- **Difference:** about **$200,000**

This is the smallest gap among the categories shown.",False,0.00846,2946,73,6712.140374816954
radar_256,radar,How much more does it cost to maintain Model D compared to Model A?,$15,"From the chart:

- **Model A maintenance cost** = **$20**
- **Model D maintenance cost** = **$35**

So, **Model D costs $15 more to maintain than Model A**.",True,0.0080875,2947,48,2438.093042001128
radar_169,radar,Which institution has the highest Cultural Significance Score?,History Museum,"The institution with the highest **Cultural Significance Score** is the **History Museum**, with a score of **93**.",True,0.007805,2942,30,3307.7892498113215
bubble_76,bubble,Which subject has the highest research output?,Computer Science,"The subject with the highest research output is **Computer Science**, with about **4,200 publications per year**.",True,0.007785,2952,27,4081.126875244081
164,treemap,What is the combined percentage of Food Services and Recreational Activities in the tourism revenue distribution?,30%,"Food Services is 20% and Recreational Activities is 10%.

Combined percentage: 30%.",True,0.0077525,2957,24,2008.8239586912096
284,treemap,What is the combined government funding percentage for Primary Education and Secondary Education?,45%,"Primary Education is **25%** and Secondary Education is **20%**.

**Combined government funding = 45%**.",True,0.0078525,2961,30,2635.771583300084
radar_74,radar,Which aspect received the highest score for Cruise?,Location Rating (Score),"For **Cruise**, the highest score is **100** for **Location Rating**.",False,0.0076825,2941,22,3433.3307910710573
23,treemap,What percentage is allotted to Law Enforcement?,25%,Law Enforcement is allotted **25%**.,True,0.007575,2952,13,2672.8235837072134
area_chart_254,area_chart,"What is the total energy consumption of the Retail, Hospitality, and Government sectors combined?",6000 kWh,"From the chart, the energy consumption values are:

- Retail: 2500 kWh
- Hospitality: 1800 kWh
- Government: 3000 kWh

Total = 2500 + 1800 + 3000 = 7300 kWh

Answer: 7300 kWh",False,0.00843,2964,68,2602.5082082487643
area_chart_21,area_chart,Which month had the highest production output?,May,"The highest production output was in **May**, at **100 tons**.",True,0.0076525,2947,19,5433.251708280295
area_chart_75,area_chart,Which sector uses the least amount of Nuclear Energy?,Residential,"From the chart, **Nuclear Energy** has the lowest value at **10**, so it is the **least-used energy source**.

If you meant “which sector,” the chart appears to list **energy sources**, not sectors.",False,0.00815,2954,51,4347.726999782026
bubble_167,bubble,What is the fuel efficiency of rail transport?,400 miles per gallon,"From the chart, **rail transport** has a fuel efficiency of **400 miles per gallon**.",True,0.0077425,2953,24,4344.0445410087705
bubble_260,bubble,Which category has the lowest average transaction price?,Home Improvement Stores,The category with the lowest average transaction price is Home Improvement Stores at $35.,True,0.0076825,2953,20,2985.9858746640384
bubble_77,bubble,How many millions of units of furniture are produced?,25,Furniture has **18 million units** produced.,False,0.00758,2954,13,4021.07808412984
radar_17,radar,What is the difference in the Quality of Service score between Shanghai and Guangzhou?,15,"From the chart, the **Quality of Service** score is:

- **Shanghai:** 70
- **Guangzhou:** 75

**Difference = 75 - 70 = 5**

So, the difference in the Quality of Service score between **Shanghai and Guangzhou is 5 points**.",False,0.0083575,2947,66,3112.7182920463383
34,treemap,What is the percentage for Toys & Hobbies category?,7%,The **Toys & Hobbies** category is **7%**.,True,0.0076725,2955,19,2274.158959276974
165,treemap,What percentage of the total is represented by E-commerce and Artificial Intelligence combined?,24%,"From the chart:

- E-commerce = 20
- Artificial Intelligence = 4

Combined = 24

Total = 15 + 20 + 10 + 25 + 4 + 2 + 9 + 15 = 100

So the percentage is:

24 / 100 × 100% = 24%

Answer: 24%",True,0.008555,2954,78,3477.8302907943726
radar_75,radar,How much is the profit per hectare of soybean?,$15,The profit for **soybean** is **$25 per hectare**.,False,0.00764,2942,19,4478.345250245184
radar_257,radar,Which category showed steady improvement in every decade from the 1990s to the 2020s?,Waste Management,"From the chart, the categories that improved in every decade from the 1990s to the 2020s are:

- **Air Quality**: 50 → 60 → 70 → 80  
- **Water Quality**: 55 → 65 → 70 → 75  
- **Renewable Energy Use**: 25 → 35 → 60 → 75  
- **Waste Management**: 45 → 55 → 60 → 70  

**Forest Cover** did not improve every decade because it went **70 → 65 → 70 → 85**, which includes a decline from the 1990s to the 2000s.",True,0.0095425,2953,144,4561.571541707963
68,treemap,How much more is the percentage of Single-Family Homes compared to Rental Markets in the housing segments?,20%,"Single-Family Homes are **30%**, and Rental Markets are **10%**.

So, the percentage of Single-Family Homes is **20 percentage points more** than Rental Markets.",True,0.0080275,2959,42,4027.098750229925
86,treemap,What are the combined percentages of Bakery Goods and Beverages in the sales distribution?,37%,"Bakery Goods is **15%** and Beverages is **22%**.

Combined: **15% + 22% = 37%**.",True,0.00794,2960,36,1904.7019169665873
area_chart_210,area_chart,Which subject had the lowest number of student enrollments in 2019?,Sociology,"In **2019**, **Sociology** had the lowest number of student enrollments, with **120 students**.",True,0.0079775,3017,29,2517.0497093349695
bubble_168,bubble,What is the average player salary in Formula 1?,12,"From the chart, **Formula 1** has an average player salary of **$14 million**.",False,0.0077625,2955,25,1924.198375083506
bubble_261,bubble,How many millions of Electronics sales occurred annually according to the data?,20 million,"According to the chart, **Electronics had 20 million sales annually**.",True,0.0076925,2957,20,2029.0719168260694
bubble_78,bubble,How much research funding in million dollars is allocated to Sociology?,200,Sociology is allocated **180 million dollars** in research funding.,True,0.00766,2956,18,2673.0468329042196
area_chart_76,area_chart,What is the total expenditure for Specialty Care across all age groups according to the data?,100 million,"From the chart, the **Specialty Care** expenditures across age groups are:

- 0–18 years: **10**
- 19–35 years: **15**
- 36–50 years: **20**
- 51–65 years: **25**
- 66+ years: **30**

Total = **10 + 15 + 20 + 25 + 30 = 100 million**

**Answer: 100 million.**",True,0.0088725,2961,98,3806.3647500239313
radar_170,radar,Which category has the highest average percentage across all devices?,Streaming Media Consumption (%),"From the chart, the category values across the four devices are:

- Active Users: 80, 70, 75, 65 → average = 72.5
- E-commerce Transactions: 60, 50, 55, 45 → average = 52.5
- Social Media Engagement: 85, 70, 75, 35 → average = 66.25
- Streaming Media Consumption: 90, 80, 85, 50 → average = 76.25
- Security Issues Encountered: 40, 30, 35, 20 → average = 31.25

Highest average: Streaming Media Consumption (%) with 76.25%.",True,0.0096075,2943,150,4044.5412090048194
radar_258,radar,Which crop has the highest yield in the autumn season?,Corn,"In **autumn**, **Soybeans** has the highest yield, at **90 tons**.",False,0.0077175,2943,24,2189.0538749285042
area_chart_255,area_chart,How many more users does Facebook have in the Fashion category than LinkedIn?,1500 users,"In the **Fashion** category:

- **Facebook**: 2800 users  
- **LinkedIn**: 2100 users  

Difference: **2800 - 2100 = 700**

**Facebook has 700 more users than LinkedIn in the Fashion category.**",False,0.0084575,3017,61,10128.585749771446
radar_76,radar,Which activity shows the highest percentage increase from Q1 to Q4?,Program Expenses (%),"From the chart, the Q1 → Q4 values are:

- Donations Received: 100 → 105
- Fundraising Efficiency: 80 → 95
- Administrative Expenses: 70 → 85
- Program Expenses: 95 → 110
- Public Support: 90 → 105

Percentage increases:

- Donations Received: \( \frac{105-100}{100} \times 100 = 5\% \)
- Fundraising Efficiency: \( \frac{95-80}{80} \times 100 = 18.75\% \)
- Administrative Expenses: \( \frac{85-70}{70} \times 100 \approx 21.43\% \)
- Program Expenses: \( \frac{110-95}{95} \times 100 \approx 15.79\% \)
- Public Support: \( \frac{105-90}{90} \times 100 \approx ",False,0.010365,2946,200,5162.39216690883
166,treemap,What is the combined percentage of Classicism and Impressionism styles?,33%,"Classicism is **18%** and Impressionism is **15%**.

Combined: **18% + 15% = 33%**.",True,0.0078875,2945,35,3998.813832644373
area_chart_256,area_chart,Which country has the lowest difference between production and imports?,Canada,"From the chart, the countries and approximate values are:

- China: Production 240,000, Imports 110,000 → Difference = 130,000  
- United States: 180,000 vs 90,000 → 90,000  
- Germany: 130,000 vs 60,000 → 70,000  
- India: 100,000 vs 70,000 → 30,000  
- Japan: 80,000 vs 50,000 → 30,000  
- Brazil: 60,000 vs 30,000 → 30,000  
- South Korea: 50,000 vs 25,000 → 25,000  
- Canada: 40,000 vs 20,000 → 20,000  
- Australia: 10,000 vs 6,000 → 4,000  

Australia has the lowest difference between production and imports.",True,0.0102825,2955,193,4868.357666768134
area_chart_211,area_chart,In which year did Legal Aid Services have the largest percentage increase compared to the previous year?,2020,"From the chart, **Legal Aid Services** values by year are:

- 2020: **30**
- 2021: **35**
- 2022: **40**
- 2023: **45**

Percentage increases from the previous year:

- **2021 vs 2020**: \((35-30)/30 \times 100 = 16.7\%\)
- **2022 vs 2021**: \((40-35)/35 \times 100 \approx 14.3\%\)
- **2023 vs 2022**: \((45-40)/40 \times 100 = 12.5\%\)

**Answer: 2021** had the largest percentage increase compared to the previous year.",True,0.00985,2962,163,6138.501666020602
area_chart_77,area_chart,How much higher was the revenue in May in comparison to February?,$5000,"From the chart, revenue was:

- **February:** \$12,000  
- **May:** \$20,000  

So, the revenue in **May was \$8,000 higher** than in February.",False,0.008105,2960,47,3378.159792162478
bubble_169,bubble,Which company has the highest active user count?,Google,"Facebook has the highest active user count, with about 5,000 million users.",False,0.0076975,2953,21,3482.7967500314116
bubble_262,bubble,What is the global ranking of Columbia University?,7,Columbia University’s global ranking is **6**.,False,0.0076075,2953,15,3622.9915828444064
bubble_79,bubble,What is the customer satisfaction score for PepsiCo?,80,PepsiCo’s customer satisfaction score is **80**.,True,0.007625,2954,16,4442.696166690439
radar_77,radar,What is the total revenue for Beverage across all quarters?,$374 million,"From the chart, **Beverage** revenue by quarter is:

- **Q1:** 90
- **Q2:** 95
- **Q3:** 92
- **Q4:** 97

**Total revenue = 90 + 95 + 92 + 97 = 374**

**Answer: 374**",True,0.0084825,2943,75,3950.361375231296
167,treemap,How much more percentage is allocated to the Executive branch than to the Judicial branch?,15%,"The Executive branch is allocated **30%**, and the Judicial branch is allocated **15%**.

So the Executive branch has **15 percentage points more** allocated than the Judicial branch.",True,0.0080025,2955,41,2811.417791992426
radar_171,radar,What is the percentage difference between Education Investment and Healthcare Investment under Foreign Policy?,2%,"Under **Foreign Policy**:

- **Education Investment** = **8**
- **Healthcare Investment** = **6**

The difference is:

- **8 - 6 = 2**

Percentage difference (taking Healthcare Investment as the base):

- **(2 / 6) × 100 = 33.3%**

So, **Education Investment is 33.3% higher than Healthcare Investment under Foreign Policy**.",True,0.0087175,2947,90,6523.494333028793
radar_259,radar,Which sector shows a consistent growth of 5 billion dollars each quarter throughout 2023?,All sectors,"The **Technology** sector shows a consistent growth of **5 billion dollars each quarter** throughout 2023:

- Q1: 65
- Q2: 70
- Q3: 75
- Q4: 80

So the answer is **Technology**.",False,0.008305,2950,62,5265.427500009537
197,treemap,How much higher is the percentage of fuel usage in Road Transport compared to Maritime Shipping?,15%,"Road Transport uses **15 percentage points** more fuel than Maritime Shipping.

- **Road Transport:** 40%
- **Maritime Shipping:** 25%
- **Difference:** **40% - 25% = 15%**",True,0.008155,2956,51,2541.3653748109937
212,treemap,What percentage of government spending is allocated to Social Security and Infrastructure combined?,25%,"Social Security is **15%** and Infrastructure is **10%**.

Combined: **15% + 10% = 25%**

**Answer: 25%**",True,0.002781,2946,40,4323.641666211188
248,treemap,How much more is the usage share percentage of YouTube compared to Twitter?,18%,"From the chart:

- **YouTube:** 20%
- **Twitter:** 2%

So, **YouTube's usage share is 18 percentage points higher than Twitter's**.",True,0.0079975,2947,42,3557.0016661658883
266,treemap,What percentage of the government budget is allocated to Science and Technology?,3%,Science and Technology is allocated **3%** of the government budget.,True,0.0076325,2945,18,4086.096875369549
51,treemap,What percentage of efficiency is attributed to Molding in the Manufacturing Processes?,17%,Molding is attributed **17%** efficiency.,True,0.007575,2946,14,4038.138583768159
area_chart_212,area_chart,Which country has the highest rice production according to the data?,USA,"According to the chart, **India** has the highest rice production, at **300 thousand tons**.",True,0.0077725,2959,25,4119.937374722213
bubble_17,bubble,Which company has the lowest debt among those listed?,Microsoft,"From the chart, **Microsoft** has the lowest debt, at about **$15 billion**.",True,0.007745,2954,24,2294.9083750136197
area_chart_78,area_chart,How many users are there for the Influencers category across all social media platforms according to the dataset?,670,"From the chart, the **Influencers** category has:

- **LinkedIn:** 140  
- **Instagram:** 240  
- **YouTube:** 180  
- **Facebook:** 170  
- **Twitter:** 220  

Total users across all platforms:

**140 + 240 + 180 + 170 + 220 = 950**

**Answer: 950 users**",False,0.0087775,3007,84,5186.1390001140535
bubble_8,bubble,Which platform has the highest engagement score?,Facebook,"Facebook has the highest engagement score, at 10.2.",True,0.007635,2952,17,2100.254749879241
area_chart_258,area_chart,In which category is the highest percentage allocated to Healthcare?,Social Welfare,"From the chart, the highest percentage for **Healthcare** is **30%**, allocated in the **Housing** category.",False,0.007795,2950,28,6989.1455001197755
bubble_263,bubble,How much irrigation water is used for corn compared to cotton?,100 billion cubic metres more,"From the chart:

- **Corn:** about **120 billion cubic metres**
- **Cotton:** about **80 billion cubic metres**

So, **corn uses 40 billion cubic metres more irrigation water than cotton**.  
Equivalently, corn uses **1.5× as much** irrigation water as cotton.",False,0.00841,2956,68,3848.3842080459
radar_172,radar,How many tons per acre is the Fruit Yield at the Fruit Orchard?,6.8,The Fruit Yield at the Fruit Orchard is **6.8 tons per acre**.,True,0.00784,3010,21,2145.919125061482
radar_79,radar,What is the market share percentage of Bakery Items?,25%,The market share of **Bakery Items** is **25%**.,True,0.00764,2942,19,1869.2267499864101
radar_26,radar,What is the score difference between Cafes and Diners in the Brand Awareness category?,10,"From the chart, the **Brand Awareness** scores are:

- **Cafes:** 80
- **Diners:** 70

So, the score difference is **10 points**.",True,0.0080325,2949,44,6089.340208098292
168,treemap,What percentage of the budget is spent on Early Childhood education?,12%,Early Childhood education gets **12%** of the budget.,True,0.0076175,2951,16,14725.232082884759
