chart_id,chart_type,question,expected,response,correct,cost
bar_num_363,bar_chart_num,Which country has the lowest carbon emissions according to t,France,"According to the chart, **France** has the lowest carbon emissions, with **50 un",True,0.001866
bar_num_359,bar_chart_num,How many votes were cast in the USA?,180000,"In the USA, **180,000 votes** were cast.",True,0.00143
line_num_372,line_chart_num,In which month did Production C have the highest output?,February,"Production C had the highest output in **February**, with **450 units**.",True,0.005934
line_num_417,line_chart_num,What is the total spending of tourists in France?,$12 billion,"From the chart for **France**:

- **Number of tourists** = **30 million**
- **Av",True,0.002684
bar_num_392,bar_chart_num,Which country has the highest coffee consumption?,UK,"From the chart, the **UK** has the highest coffee consumption at **3200 kg**.",True,0.00154
line_num_438,line_chart_num,In which month did Global Users reach 4 million?,June,Global Users reached **4 million in June**.,True,0.001474
bar_num_452,bar_chart_num,Which country has the highest average salary?,France,"From the chart, the average salaries are:

- USA: 4500
- UK: 5000
- Germany: 480",True,0.001692
bar_num_126,bar_chart_num,Which event had the least number of participants?,Super Bowl,"The **Super Bowl** had the least number of participants, with **100 participants",True,0.001828
bar_num_454,bar_chart_num,How much is the average home price in Los Angeles?,3.2 million,"From the chart, the average home price in **Los Angeles** is **7.1 million**.",False,0.006014
line_num_177,line_chart_num,Which Nonprofit Organization received the highest total dona,Donations D,"From the chart:

- **Organization A:** 1000 + 1200 + 800 + 1500 = **4500**
- **O",False,0.003638
line_num_180,line_chart_num,How many volunteer hours were contributed in 2004?,600,"In **2004**, the volunteer hours contributed were **600 hours**.",True,0.003178
line_num_236,line_chart_num,What is the employment rate for the age group 35-44?,85,The employment rate for the **35–44** age group is **85%**.,True,0.001608
bar_num_447,bar_chart_num,How much money was donated by Europe?,90 million,Europe donated **90 million**.,True,0.001514
line_num_91,line_chart_num,Who has the highest salary among the employees?,Peter,"The highest salary is **5000**, earned by the employee with **33 working hours**",False,0.001844
line_num_288,line_chart_num,What was the Housing Price Index in the year when the Number,165,"The Number of Houses Sold reached **2000** in **2006**.  
In that year, the **Ho",True,0.001598
bar_num_484,bar_chart_num,"What is the total food production (crops, meats, and dairy c",1000 tonnes,"In Asia, total food production is:

- Crops: 600
- Meats: 350
- Dairy: 150

Tota",True,0.005676
line_num_385,line_chart_num,What was the fertilizer consumption in the year 2005?,28 kg/hectare,The fertilizer consumption in **2005** was **28 kg/hectare**.,True,0.00318
bar_num_112,bar_chart_num,Which region has the highest number of Cafes?,Asia,"Asia has the highest number of Cafes, with 480.",True,0.00175
line_num_243,line_chart_num,In which year did the wheat yield reach 160 tons?,2018,The wheat yield reached **160 tons in 2018**.,True,0.001754
bar_num_204,bar_chart_num,How many more cafes are there in the West compared to the No,15,"There are **15 more cafes** in the **West** than in the **North**.

- West cafes",True,0.001992
bar_num_71,bar_chart_num,"Which country has the highest total production of cereals, v",USA,"From the chart:

- **USA**: 10,000 + 7,000 + 4,000 = **21,000**
- **UK**: 8,000 ",True,0.00469
line_num_404,line_chart_num,What was the highest attendance per match (in thousands) rec,58,"The highest attendance per match was **58 thousand**, recorded in **2012**.",True,0.00184
bar_num_222,bar_chart_num,Which region has the least number of schools?,West,"The **West** region has the least number of schools, with **90 schools**.",True,0.00229
line_num_77,line_chart_num,In which year was the difference between Government Spending,2024,"The difference was greatest in **2024**.

Differences by year:
- **2020:** 400 -",True,0.003152
bar_num_178,bar_chart_num,How many more students does the USA have compared to Germany,"1,000,000","The USA has **1,000,000 more students** than Germany.

- USA: **3,000,000**
- Ge",True,0.00186
line_num_93,line_chart_num,In which month did online and offline sales have the same va,December,"There is no month in which online and offline sales had the same value.

In ever",False,0.002844
line_num_395,line_chart_num,In which year was the difference between the number of music,2004,The greatest difference between music albums sold and books sold was in **2001**,True,0.00356
bar_num_81,bar_chart_num,How many cases were resolved in France in 2021?,47000,"France resolved **47,000** cases in 2021.",True,0.002776
line_num_283,line_chart_num,What is the average price per square foot in 2021?,210,The average price per square foot in 2021 is **$210**.,True,0.003954
line_num_181,line_chart_num,What is the average blood sugar level in September?,105,The average blood sugar level in **September** is **105 mg/dL**.,True,0.0012
bar_num_9,bar_chart_num,How many doctors are there in Germany?,4000,"Germany has **4,000 doctors** according to the chart.",True,0.002452
bar_num_374,bar_chart_num,How many more cases does the USA have compared to France?,4500 cases,"The USA has **4,500 more cases** than France.

- USA: **50,000**
- France: **45,",True,0.001668
line_num_269,line_chart_num,What was the inflation rate in the year when the population ,4.1,"The population reached **109 million in 2004**.  
In that year, the **inflation ",False,0.00274
bar_num_146,bar_chart_num,Which platform has the highest advertising revenue per user?,Google,"From the chart:

- Facebook: 84 / 2.8 = 30
- Google: 183 / 3.2 ≈ 57.2
- Twitter:",True,0.002886
bar_num_92,bar_chart_num,How many criminal cases were reported in France in 2021?,3900,"France reported **3,900 criminal cases** in 2021.",True,0.001274
line_num_160,line_chart_num,How much did revenue from the stadium increase from 2015 to ,30 million dollars,Revenue from the stadium increased from **80 million dollars in 2015** to **110 ,True,0.001982
line_num_437,line_chart_num,How much higher was Corn Production than Wheat Production in,200 tons,"In July:

- Corn Production = 700
- Wheat Production = 500

Difference = 700 - 5",True,0.002416
bar_num_422,bar_chart_num,How much more does the UK export in millions compared to Ger,200 million,"The UK exports **200 million** more than Germany.

- **UK exports:** 700 million",True,0.003598
bar_num_405,bar_chart_num,How many galleries are there in Germany?,50,Germany has **50 galleries**.,True,0.000912
line_num_182,line_chart_num,How much more does it cost to travel by plane compared to tr,$3000,"From the chart:

- **Plane cost:** \$4000  
- **Train cost:** \$1000  

So, trav",True,0.002206
line_num_277,line_chart_num,What was the average salary in 2014?,90000,"The average salary in **2014** was **$90,000**.",True,0.00148
bar_num_292,bar_chart_num,What was the revenue growth from 2019 to 2021?,$4 billion,"From the chart:

- **Revenue in 2019 = 38 billion**
- **Revenue in 2021 = 46 bil",False,0.002962
bar_num_305,bar_chart_num,How many publications were there in Sociology in the year 20,80,"In **2005**, **Sociology** had **80 publications**.",True,0.00208
bar_num_72,bar_chart_num,How many concerts were there in Germany?,180,There were **180 concerts** in **Germany**.,True,0.000848
line_num_351,line_chart_num,How much more was the government spending compared to taxati,1000 billion dollars,"In 2021:

- Government spending = 3000 billion dollars
- Taxation = 2000 billion",True,0.002818
bar_num_475,bar_chart_num,Which country has the highest average salary?,UK,"The **UK** has the highest average salary, at **400**.",True,0.00146
line_num_142,line_chart_num,What is the Overweight Percentage for the age group 25-34?,45,The overweight percentage for the age group **25–34** is **45%**.,True,0.002302
line_num_217,line_chart_num,By how much did Restaurant Sales increase from 2017 to 2020?,150 million dollars,"Restaurant sales increased from **400** in 2017 to **550** in 2020.

So, the inc",True,0.00221
bar_num_162,bar_chart_num,How much higher are the revenues than expenses for the Retai,200 million,"For the **Retail** sector:

- **Revenue** = **1200M**
- **Expenses** = **1000M**",True,0.002172
line_num_425,line_chart_num,How much did the average spend per person increase from 2018,$150,"From the chart, the average spend per person was:

- **2018:** \$200  
- **2021:",True,0.002262
bar_num_6,bar_chart_num,How many more restaurant visits were there than hotel stays ,"300,000 visits","In the USA:

- Restaurant visits = 400 thousand
- Hotel stays = 100 thousand

Di",False,0.002796
line_num_452,line_chart_num,By how much has fuel consumption per kilometer decreased fro,0.4 kg/km,"From the chart, fuel consumption was:

- **2020:** 2.5 kg/km  
- **2023:** 2.1 k",True,0.005994
line_num_481,line_chart_num,By how much did the government expenditure exceed the tax re,$300 billion,"In 2013:

- Government expenditure = **1300 billion dollars**
- Tax revenue = **",True,0.00245
bar_num_74,bar_chart_num,Which country has the highest livestock production?,France,"France has the highest livestock production, with **35,000**.",True,0.001762
line_num_44,line_chart_num,What is the total donation amount for Canada across all dona,260 million dollars,"For **Canada**, the donations are:

- **A** = 50 million dollars  
- **B** = 78 ",True,0.003488
bar_num_211,bar_chart_num,Which country has the smallest difference between the number,France,"From the chart:

- USA: 18,000 lawyers vs 5,000 law graduates → difference = 13,",True,0.002848
bar_num_239,bar_chart_num,Which country has the highest student to school ratio?,USA,"From the chart:

- **USA:** 25,000 / 1,000 = **25**
- **UK:** 18,000 / 800 = **2",True,0.003094
bar_num_480,bar_chart_num,How much higher is the UK's Freedom Index compared to the US,10,"From the chart, the **Freedom Index** is:

- **USA:** 50
- **UK:** 60

So, the U",True,0.001724
line_num_261,line_chart_num,In which year did the cargo traffic see the largest increase,2013,"Cargo traffic values are:

- 2010: 2.2
- 2011: 2.6
- 2012: 2.9
- 2013: 3.2
- 201",True,0.003252
bar_num_380,bar_chart_num,Which department has the highest average salary?,Management,"The **Management** department has the highest average salary, at **$5,000**.",True,0.002116
bar_num_258,bar_chart_num,How many more internet users are there in the USA compared t,160 million,"The chart shows:

- USA internet users: **250 million**
- UK internet users: **9",True,0.001482
line_num_65,line_chart_num,In which year did Movie C have the highest number of ticket ,2003,Movie C had the highest number of ticket sales in **2003**.,True,0.00202
bar_num_36,bar_chart_num,How many more restaurants are there in the USA compared to F,200,"The USA has **200 more restaurants** than France.

- **USA:** 800 restaurants  
",True,0.001854
line_num_103,line_chart_num,What is the increase in the average test score from 6th grad,18 points,"From the chart, the average test score is:

- **80** in **6th grade**
- **98** i",True,0.00218
bar_num_144,bar_chart_num,How much wind energy did Asia produce?,23000,"Asia produced **23,000** units of **wind energy**.",True,0.001762
line_num_428,line_chart_num,How many more buses were used in June compared to March?,75,"Buses/vans in March: 150  
Buses/vans in June: 225  

Difference: **225 - 150 = ",True,0.002298
bar_num_78,bar_chart_num,How many more viewers did basketball have compared to baseba,4 million,"Basketball had **4 million more viewers** than baseball in 2021.

- Basketball v",True,0.002272
line_num_405,line_chart_num,In which month was Hydro Energy production at its highest fr,April,Hydro Energy production was highest in **April**.,True,0.005862
bar_num_440,bar_chart_num,How many museums are in France?,130,France has **130 museums**.,True,0.00283
line_num_435,line_chart_num,What was the GDP in 2003?,20 trillion dollars,The GDP in **2003** was **20 trillion dollars**.,True,0.001764
line_num_423,line_chart_num,How much did sea levels rise from 2001 to 2007?,0.06 meters,"From the chart, sea level rose from about **0.00 meters in 2001** to about **0.1",False,0.003518
line_num_286,line_chart_num,How many more movies were released in 2019 compared to 2015?,80,"From the chart, movies released were:

- 2015: 150
- 2019: 230

Difference: 230 ",True,0.002864
line_num_448,line_chart_num,How much does the salary increase each year from ages 18 to ,$5000,"The salary increases by **$5,000 each year** from ages 18 to 25.

Breakdown:
- 1",True,0.003378
bar_num_58,bar_chart_num,What is the average home price on the South?,350 thousand dollars,"The average home price in the South is **$350,000**.",False,0.001044
bar_num_135,bar_chart_num,Which country has an equal number of lawyers and paralegals?,France,France has an equal number of lawyers and paralegals — **1000 each**.,True,0.0022
line_num_26,line_chart_num,What is the difference between online and retail shopping re,90 million dollars,"In March:

- Online shopping revenue = 80 million dollars
- Retail shopping reve",True,0.002316
bar_num_379,bar_chart_num,What is the total number of registered voters in the North a,160000,"From the chart:

- **North registered voters** = 70,000  
- **West registered vo",True,0.002452
line_num_477,line_chart_num,By what percentage did the prevalence of Disease C increase ,9%,"Disease C increased from **30% in 2001** to **39% in 2004**.

Percentage increas",True,0.002134
bar_num_314,bar_chart_num,How many more restaurants are there in the UK than in German,100,"The UK has **100 more restaurants** than Germany.

- UK restaurants: **500**
- G",True,0.001594
line_num_251,line_chart_num,What was the literacy rate in the US in 2005?,90%,The literacy rate in the US in **2005** was **90%**.,True,0.005954
bar_num_228,bar_chart_num,How many more criminal cases are there in Florida compared t,1000 cases,"Florida has **1,000 more criminal cases** than California.

- **Florida:** 4,000",True,0.003694
bar_num_140,bar_chart_num,Which age group has the least number of hospital visits?,65+,"The **0–17** age group has the **least number of hospital visits**, with **50 mi",False,0.001928
bar_num_231,bar_chart_num,How many more employees does the UK have compared to Germany,300,"The UK has **300 more employees** in manufacturing than Germany.

- **UK:** 1400",True,0.001952
line_num_370,line_chart_num,What was the total production of Product C over the six mont,151000 units,"Product C production over the six months:

- January: 25,000
- February: 25,500
",True,0.00255
line_num_228,line_chart_num,What is the increase in attendance from 2017 to 2021?,20 million,"Attendance increased from **20 million in 2017** to **40 million in 2021**.

**I",True,0.002762
bar_num_277,bar_chart_num,Which region has the lowest hydroelectric energy production?,North America,North America has the lowest hydroelectric energy production.,True,0.001472
line_num_134,line_chart_num,How many million people were involved in Domestic Tourism in,1200 million people,Domestic Tourism in **2021** was **1200 million people**.,True,0.003152
bar_num_32,bar_chart_num,How many more Museums are there in the UK than in France?,8,"The UK has **8 more museums** than France.

- **UK museums:** 40  
- **France mu",True,0.002188
bar_num_63,bar_chart_num,How many million users does Instagram have?,1.2,Instagram has **1.2 million users**.,True,0.001562
bar_num_47,bar_chart_num,What is the carbon emission of Africa?,500 million tons,"From the chart, **Africa's carbon emission is 500 million tons**.",True,0.00118
line_num_497,line_chart_num,In which year did road travel see the highest number of mill,2002,"Road travel had the highest number of passengers in **2002**, with **420 million",True,0.00187
line_num_105,line_chart_num,What was the revenue of Company XYZ in 2002?,1200 billion dollars,The revenue of Company XYZ in 2002 was **1200 billion dollars**.,True,0.001818
line_num_419,line_chart_num,What is the average salary for the age group 45-54?,8000,"From the chart, the **45–54 age group** corresponds to salaries of **$80,000** (",True,0.002942
bar_num_282,bar_chart_num,Which country has the highest production of vegetables?,France,"From the chart, **the UK and France** have the highest vegetable production, bot",True,0.001788
line_num_456,line_chart_num,By how many millions did the active users increase from the ,3 million,"From the chart, active users were:

- **2021:** 4,500 million  
- **2022:** 4,80",False,0.003772
line_num_86,line_chart_num,At what age is the Happiness Index at its maximum value acco,23,The Happiness Index reaches its maximum value of 9 at age 23.,True,0.00118
bar_num_261,bar_chart_num,How many more tourist visits does France have compared to th,7000,"France has **7,000 more tourist visits** than the USA.

- **France:** 47,000
- *",True,0.00281
line_num_115,line_chart_num,In which year did the number of civil cases reach its highes,2003,"The number of civil cases reached its highest point in **2003**, with **5,000 ca",True,0.005902
line_num_340,line_chart_num,What is the average BMI of people aged 55?,35.2,"From the chart, the average BMI for people aged **55** is **35.2**.",True,0.002138
bar_num_419,bar_chart_num,How many Photography artworks are there in the Surrealism ge,50,There are **50** Photography artworks in the **Surrealism** genre.,True,0.001486
line_num_407,line_chart_num,How many prisons were there in 2004?,47,There were **72 prisons** in **2004**.,False,0.002196
bar_num_340,bar_chart_num,Which country has the highest number of engineers?,Germany,"Germany has the highest number of engineers, with **650**.",True,0.001748
bar_num_401,bar_chart_num,Which country has the smallest difference between Online and,Germany,"France has the smallest difference.

Differences between online and offline shop",True,0.00241
bar_num_86,bar_chart_num,How much has the UK invested in Technology Research in milli,130,The UK invested **140 million** in **Technology Research**.,True,0.002216
line_num_3,line_chart_num,What is the weight of a 30-year-old individual according to ,80 kg,"According to the chart, a **30-year-old individual weighs 80 kg**.",True,0.00251
bar_num_285,bar_chart_num,How many more acres are used for conventional farming than o,10,"In **France**, conventional farming uses **27 acres** and organic farming uses *",True,0.001354
bar_num_332,bar_chart_num,Which country has the lowest number of tourist attractions?,USA,"The **USA** has the lowest number of tourist attractions, with **50**.",True,0.001076
line_num_102,line_chart_num,What was the increase in Expenditure from 1998 to 2000?,$0.6 trillion,Expenditure increased from **3.2 trillion** in 1998 to **3.8 trillion** in 2000.,True,0.00312
bar_num_297,bar_chart_num,How many crops does France have?,700,"France has **6,000 crops**.",False,0.00168
line_num_459,line_chart_num,How many more planes are there at 05:00 than at 00:00?,9,"At 00:00 there are **10 planes**, and at 05:00 there are **19 planes**.

So, the",True,0.002134
line_num_457,line_chart_num,How many more lawsuits were filed than settled in 2018?,20000,"In 2018:

- Lawsuits filed: 60,000
- Lawsuits settled: 40,000

Difference: 60,00",True,0.005208
line_num_324,line_chart_num,How much more rainfall is there on average in April compared,110 mm,"From the chart:

- **April rainfall** = **200 mm**
- **November rainfall** = **9",True,0.002382
heatmap_139,heatmap,What is the turnover rate in the IT department?,7%,The turnover rate in the IT department is 7%.,True,0.00212
bubble_183,bubble,How much profit did Southern Company make in $ billion?,5.2,Southern Company made **$5.2 billion** in profit.,True,0.003672
multi-axes_144,multi-axes,Which category has the highest number of cases filed accordi,Criminal Law,"The category with the highest number of cases filed is Criminal Law, with 800 ca",True,0.005352
heatmap_274,heatmap,Which country has the lowest air quality index?,United States,"From the chart, the **lowest Air Quality Index** is **35**, which belongs to the",True,0.001966
bubble_244,bubble,What is the profit margin for laptops?,20%,The profit margin for laptops is **20%**.,True,0.002712
multi-axes_201,multi-axes,What is the average hotel day rate for luxury tourism?,195.2 dollars,"From the chart, the **average hotel day rate for Luxury Tourism** is **$195**.",True,0.004014
bubble_237,bubble,What is the operational cost for trains?,$0.5/mile,The operational cost for trains is $3 per mile.,False,0.002712
heatmap_269,heatmap,Which product category had the highest sales in August 2020?,Food,"In August 2020, **Food** had the highest sales, with **$1600**.",True,0.002226
rings_25,rings,"Which category has a higher ratio, Productivity or Workplace",Workplace Environment,"Productivity has the higher ratio.

- Productivity: 16%
- Workplace Environment:",True,0.002688
rings_213,rings,What percentage of the total is represented by Innovation an,25%,"Innovation is **15%** and Waste Reduction is **10%**.

Combined:

**15% + 10% = ",True,0.0024
multi-axes_215,multi-axes,Which category has the greatest sales volume and what is it?,"Food & Beverage, 52440 units","The category with the greatest sales volume is **Food & Beverage**, with **52,50",True,0.005038
bubble_78,bubble,How much research funding in million dollars is allocated to,200,Sociology is allocated **200 million dollars** in research funding.,True,0.00369
rings_65,rings,Which category represents the smallest proportion in the Leg,Appeals,"The smallest proportion is **Appeals**, at **7%**.",True,0.001812
rings_15,rings,What is the ratio for Facility Quality in the Education Qual,15%,Facility Quality has a ratio of **15%** in the Education Quality Index - 2023.,True,0.002874
multi-axes_139,multi-axes,By how much does the average order value for Furniture excee,$150,"From the chart:

- **Furniture average order value** = **$200**
- **Toys average",False,0.004266
heatmap_150,heatmap,How much more revenue is generated from the Internet of Thin,"$125,000 millions","The Internet of Things (IoT) generates **125,000 million** more in revenue than ",True,0.002526
bubble_272,bubble,What is the cost of wind energy in USD?,250,The cost of **wind energy** in the chart is **250 USD**.,True,0.00226
rings_166,rings,What percentage of the Food and Beverage Industry Performanc,27%,Branding represents **27%** of the Food and Beverage Industry Performance in 202,True,0.002322
heatmap_288,heatmap,How many millions in revenue does Basketball generate?,400,Basketball generates **400 million** in revenue.,True,0.001954
heatmap_106,heatmap,How much did the Salvation Army spend on fundraising expense,75,"The Salvation Army spent **$1,500 thousand**, or **$1.5 million**, on fundraisin",False,0.0027
multi-axes_178,multi-axes,How much total funding did the Baseball Game receive?,$5.13 million,The **Baseball Game** received **$5 million** in total funding.,True,0.004244
multi-axes_123,multi-axes,How much total funding do the categories of History and Heri,$265 million,"From the chart:

- **History and Heritage** funding = **135 million**
- **Humani",True,0.005558
heatmap_294,heatmap,Which organization has the highest percentage of Program Exp,Direct Relief,Direct Relief has the highest Program Expenses percentage at 85%.,True,0.002076
rings_39,rings,By how much does the ratio for Property Taxes exceed the rat,10%,"Property Taxes is **23%** and Vacancy Rates is **13%**.

So, the ratio for Prope",True,0.003128
bubble_94,bubble,How many jobs are generated by the AI Technology sector?,4.5 million,The AI Technology sector generates **4.5 million jobs**.,True,0.002574
bubble_75,bubble,How many deliveries did FedEx complete?,300 million,FedEx completed **300 million deliveries**.,True,0.002504
rings_81,rings,What is the percentage of Fossil Fuels in the energy utiliza,21%,The percentage of **Fossil Fuels** in the energy utilization is **20%**.,True,0.0021
multi-axes_292,multi-axes,What is the total Carbon Footprint (in Metric Tons CO2e) for,2500 Metric Tons CO2e,"From the chart:

- **Green Buildings** carbon footprint = **750 Metric Tons CO2e",True,0.004998
heatmap_179,heatmap,Which subject has the highest score in Math?,Science,"The highest score in the **Math** column is **800**, achieved by **Science**.",True,0.00148
bubble_298,bubble,What is the Sustainability Score of Paris?,9,Paris has a **Sustainability Score of 9**.,True,0.002568
multi-axes_220,multi-axes,How many more fundraising events are there for Food Banks th,7,"Food Banks have 15 fundraising events, while Arts and Cultural Organizations hav",True,0.004186
rings_45,rings,"Which energy source has a higher ratio, Hydroelectric Power ",Natural Gas,"Natural Gas has the higher ratio.

- Natural Gas: 25%
- Hydroelectric Power: 15%",True,0.001922
bubble_221,bubble,How much CO2 Emission (in Metric Tonnes) is associated with ,10,"From the chart, **Nuclear energy** is associated with **15 metric tonnes of CO₂ ",False,0.002788
bubble_61,bubble,Which product category has the highest market share accordin,Electronics,"According to the dataset, **Electronics** has the highest market share at **20%*",True,0.00269
heatmap_11,heatmap,Which sector has the highest involvement in Physics?,Research,"From the heatmap, **Research** has the highest involvement in **Physics**, with ",True,0.001788
rings_107,rings,What is the combined ratio of Risk Management and Profession,23%,"Risk Management is 16% and Professional Ethics is 7%.

Combined ratio = 16% + 7%",True,0.001892
heatmap_36,heatmap,What is the Average Daily Rate ($) in Paris?,$180,The Average Daily Rate in Paris is **$180**.,True,0.001184
rings_225,rings,What is the percentage ratio for Corporate Law affairs in 20,13%,Corporate Law affairs in 2023 account for **13%**.,True,0.001816
multi-axes_276,multi-axes,What is the average price of a soda?,4.5 dollars,"From the chart, the **average price of a soda is about $4.50**.",True,0.00429
bubble_122,bubble,What is the Public Interest Score for Soccer?,10,"From the chart, **Soccer's Public Interest Score is 7.5**.",False,0.00229
multi-axes_189,multi-axes,What was the cost spent (Millions) on lawsuits in the year 2,2000 millions,The cost spent on lawsuits in **2013** was **2000 million**.,True,0.005818
heatmap_84,heatmap,How much is the Endurance percentage in Soccer?,90%,The **Endurance percentage in Soccer** is **90%**.,True,0.002048
rings_75,rings,What is the combined ratio of Returns and Delivery Efficienc,20%,"Returns is **11%** and Delivery Efficiency is **9%**.

Combined ratio: **20%**.",True,0.002374
heatmap_22,heatmap,What is the e-commerce share of total sales for the Electron,25%,"For **Electronics**, the **e-commerce share of total sales** is **25%**.",True,0.001372
multi-axes_285,multi-axes,What is the average ticket price for Photography exhibitions,15 dollars,The average ticket price for Photography exhibitions is $15.,True,0.004874
bubble_251,bubble,By how much does the Average Price of Shoes exceed that of C,$50,"From the chart:

- **Shoes average price** = **$100**
- **Clothing average price",True,0.003714
heatmap_23,heatmap,Which region has the highest usage percentage in Cloud Compu,North America,North America has the highest Cloud Computing usage at 65%.,True,0.000854
rings_5,rings,What is the combined ratio percentage for Teacher Performanc,17%,"Teacher Performance is **10%** and Graduation Rate is **7%**.

So, their combine",True,0.002124
multi-axes_209,multi-axes,What is the average price per kWh for Hydroelectric energy?,10.0 cents/kWh,The average price for **Hydroelectric** energy is **10.0 cents per kWh**.,True,0.004332
multi-axes_163,multi-axes,What is the market value of corn compared to that of soybean,-13900 million dollars,"From the chart, **corn** has a market value of about **$20,000 million**, while ",False,0.005554
bubble_126,bubble,Which field received the highest research funding according ,Anthropology,"According to the chart, **Anthropology** received the highest research funding, ",True,0.003834
rings_2,rings,What is the percentage ratio for Artist Support?,20%,"The chart labels are:

- Artistic Expression
- Cultural Heritage
- Arts Educatio",True,0.001898
heatmap_112,heatmap,How many millions of tickets were sold for the MLS league?,2,MLS sold **2 million** tickets.,True,0.001036
bubble_214,bubble,What is the Popularity Score of Music Concerts?,95,The popularity score of **Music Concerts** is **95**.,True,0.005902
multi-axes_84,multi-axes,Which category has the highest number of donors?,Education,"The category with the highest number of donors is **Education**, with **5,000 do",True,0.005464
rings_206,rings,Which category has the lowest ratio in the Tourism and Hospi,Infrastructure,"The category with the lowest ratio is **Infrastructure**, at **12%**.",True,0.004962
bubble_139,bubble,What is the annual cost for the Environment policy?,500 Billion $,The annual cost for the **Environment** policy is **$500 billion**.,True,0.00262
multi-axes_247,multi-axes,What is the Revenue of the Technology sector?,27894,"The **Revenue** of the **Technology** sector is **28,000 million dollars**.",True,0.003994
heatmap_99,heatmap,By how many billion did the funding for Energy Research incr,7.5 billion,Energy Research funding increased from **10.5 billion** in 2010 to **18 billion*,True,0.002964
rings_4,rings,Which category has the lowest ratio according to the data?,Mortgage Rates,The category with the lowest ratio is **Mortgage Rates**.,True,0.002734
bubble_82,bubble,What is the profit margin of electronic gadgets compared to ,30%,"From the chart:

- **Electronic Gadgets profit margin:** **30%**
- **Trucks prof",True,0.002512
heatmap_131,heatmap,How much more coal does the Industrial sector consume compar,375 million tons,"From the chart:

- **Industrial coal consumption** = **500 million tons**
- **Ag",True,0.002918
bubble_145,bubble,Which subject has the lowest number of students?,Literature,"The subject with the lowest number of students is **Literature**, with **13,000 ",True,0.002338
heatmap_52,heatmap,What is the percentage difference between studio and 4 bedro,25%,"In the **$300–400** price range:

- **Studio:** 30%
- **4 Bedroom:** 5%

The **p",True,0.002322
multi-axes_156,multi-axes,What is the annual revenue difference between a concert hall,50 million dollars,"From the chart:

- **Concert Hall revenue:** **$520 million**
- **Opera House re",False,0.005604
multi-axes_107,multi-axes,What was the Production Volume in April?,74,The chart shown is for **Retail and E-Commerce Industry Performance Analysis** b,False,0.006358
rings_130,rings,Which category has the smallest ratio in the Legal System Ov,Case Law,"The category with the smallest ratio is **Case Law**, at **10%**.",True,0.005816
bubble_132,bubble,What is the market share percentage of Soft Drinks?,30%,The market share of **Soft Drinks** is **30%**.,True,0.002588
rings_51,rings,What percentage of the focus is on Staff Retention and Train,50%,"Staff Retention is **25%** and Training is **25%**.

Combined, they account for ",True,0.002196
heatmap_62,heatmap,Which region has the highest Livestock Production?,Asia,"Asia has the highest **Livestock Production**, with **800,000 tonnes**.",True,0.002574
rings_218,rings,Which category has the highest ratio in the Health and Wellb,"Mental Health Support and Healthcare Accessibility are the highest, both at 25%",The highest ratio is shared by **Mental Health Support** and **Healthcare Access,True,0.002568
multi-axes_142,multi-axes,What was the average score in the year 2016?,90.10,The average score in **2016** was **90.1**.,True,0.004942
heatmap_143,heatmap,Which utility has the lowest carbon emissions?,Energy Innovations Ltd,"From the heatmap, **Energy Innovations Ltd.** has the **lowest carbon emissions*",True,0.001832
bubble_177,bubble,How many products does Nestle have?,200,Nestle has **200 products** according to the chart.,True,0.005654
bubble_252,bubble,Which company has the highest number of employment (in thous,Amazon,"Amazon has the highest employment, with **798 thousand employees**.",True,0.002576
multi-axes_167,multi-axes,How much longer is the average hospital stay for Mental Heal,6.2 days,"From the chart, the **average hospital stay** is:

- **Mental Health:** 8.5 days",True,0.00462
rings_8,rings,What is the percentage difference between Training and Devel,7%,"From the chart:

- **Training and Development** = **12%**
- **Hiring and Recruit",False,0.002552
rings_23,rings,Which category has the highest ratio according to the data p,Theatre and Drama,The category with the highest ratio is **Theatre and Drama** at **25%**.,True,0.001892
heatmap_73,heatmap,Which sector has the highest Market Capitalization to Debt r,Healthcare,"Compute Market Capitalization ÷ Debt for each sector:

- Technology: 800 / 300 ≈",True,0.003092
multi-axes_149,multi-axes,What is the total Revenue for all quarters combined?,25000 thousands,"The total Revenue for all quarters combined is:

**5800 + 6050 + 6280 + 6820 = 2",True,0.00474
heatmap_81,heatmap,What is the Downtime for Product C?,6,The downtime for **Product C** is **6.0 hours**.,True,0.001872
bubble_166,bubble,How many artworks has Rembrandt sold more than Caravaggio?,200,"From the chart:

- **Rembrandt artworks sold:** 2500  
- **Caravaggio artworks s",False,0.001722
rings_129,rings,How much higher is Social Media Engagement's impact compared,29%,Social Media Engagement is **29 percentage points** higher than User Experience.,True,0.001988
bubble_230,bubble,How many more billions of dollars in revenue did the Fast Fo,$150 billion,The Fast Food industry generated **$150 billion more** in revenue than the Seafo,True,0.001656
multi-axes_262,multi-axes,"Which field has the higher average starting salary, Aerospac",Aerospace Engineering,"From the chart, **Aerospace Engineering** has the higher average starting salary",True,0.004662
rose_272,rose,What is the value for Engineering?,1020,The value for **Engineering** is **1020**.,True,0.00219
multi-axes_115,multi-axes,What was the median house price in 2017?,295 thousand dollars,"The median house price in **2017** was **$295,000**.",False,0.00595
heatmap_79,heatmap,What is the E-commerce Penetration percentage for Internet o,60%,The **E-commerce Penetration percentage** for **Internet of Things** is **60%**.,True,0.00223
bubble_181,bubble,What was the Production Volume in April?,74,"The chart shown is about **cultural industries revenue and popularity**, not mon",False,0.004752
multi-axes_245,multi-axes,Which category has the highest volume of tourists in thousan,Business,"The **Business** category has the highest volume of tourists, at **900 thousand*",True,0.002106
multi-axes_187,multi-axes,By how much did the Public Spend on Education increase from ,$30 billion,Public Spend on Education increased from **$50 billion in 2010** to **$80 billio,True,0.00455
bubble_190,bubble,Which product category has the highest Digital Marketing Exp,Electronics,"From the chart, **Electronics** has the highest **Digital Marketing Expenditure*",True,0.00275
heatmap_10,heatmap,Which country has the highest percentage of solar energy usa,India,"According to the chart, **India** has the highest percentage of **solar energy u",True,0.002218
rose_252,rose,"How many more products were sold in the ""Electronics"" catego",125 products,"From the chart:

- **Electronics** = **150**
- **Beauty and Cosmetics** = **25**",True,0.006048
rose_199,rose,How much is the value for Pollution?,34.0,The value for **Pollution** is **45**.,False,0.00388
bubble_142,bubble,What is the innovation index score for Computer Science?,95,The innovation index score for **Computer Science** is **95**.,True,0.002764
heatmap_78,heatmap,Which team has the lowest player salaries according to the d,Manchester United,"According to the heatmap, the **team/category with the lowest player salaries** ",False,0.003386
heatmap_7,heatmap,Which country has the highest Literacy Rate?,Japan,"From the chart, the highest **Literacy Rate** is **99%**, shared by:

- **United",True,0.002556
rose_149,rose,What is the value of the Single-Family Home property type?,150,The value for **Single-Family Home** is **150**.,True,0.001814
multi-axes_255,multi-axes,What was the growth in the number of active internet users f,2.93 billion,"From the chart, active internet users increased from about **2.0 billion in 2010",True,0.005288
heatmap_4,heatmap,What is the tourist arrivals figure for Spain?,83 millions,Spain’s **tourist arrivals** figure is **83 million**.,True,0.001262
multi-axes_135,multi-axes,How many more properties were sold in New York compared to S,24000 properties,"From the chart:

- **New York properties sold:** 55,000  
- **San Jose propertie",True,0.00474
bubble_201,bubble,Which product category has the largest market share percenta,Smartphones,"The product category with the largest market share is **Smartphones**, at **25%*",True,0.002676
rose_263,rose,What is the subject with the highest number of students majo,Economics,"According to the chart, **Economics** has the highest number of students majorin",True,0.001658
multi-axes_59,multi-axes,How many more millions of dollars is the revenue of Shipping,$150 million more,"Shipping revenue is **$350 million**, and Rail Freight revenue is **$200 million",True,0.005238
rose_77,rose,What is the value for Financial Planning?,90,The value for **Financial Planning** is **90**.,True,0.001412
heatmap_28,heatmap,Which region has the highest amount of freight transport by ,Asia,"Asia has the highest amount of freight transport by **air**, with a value of **9",True,0.00248
multi-axes_256,multi-axes,How many more cases does family law have compared to intelle,150 cases,"Family law has **150 more cases** than intellectual property law.

- **Family La",True,0.005272
heatmap_108,heatmap,What is the yield of Rice per hectare in India?,2.7 tonnes,The yield of rice in India is **2.7 tonnes per hectare**.,True,0.001594
rose_167,rose,How many more tourists stayed in Hotels compared to Bed and ,600,"From the chart:

- **Hotels:** 1000 tourists  
- **Bed and Breakfast:** 400 tour",True,0.003396
bubble_213,bubble,Which vehicle type has the lowest CO2 emissions per million ,Pipeline,"From the chart, **Pipeline** has the lowest CO2 emissions per million tonnes of ",True,0.007686
bubble_280,bubble,What is the cost of treatment for Cancer?,$200 billion,The chart shows the **cost of treatment for Cancer is 200 billion dollars**.,True,0.001074
multi-axes_214,multi-axes,What is the Fuel Consumption in June?,5150 thousand gallons,"The fuel consumption in **June** is **5,150 thousand gallons**.",True,0.0045
bubble_54,bubble,Which city has the highest average property price and what i,"San Francisco, 4","San Francisco has the highest average property price at about **$3.8M**, and its",True,0.002966
heatmap_20,heatmap,What was the inflation rate in 2012?,3.0%,The inflation rate in **2012** was **3.0%**.,True,0.0022
bubble_269,bubble,Which crop has the highest employment rate?,Sugar Cane,"The crop with the **highest employment rate** is **Sugar Cane**, at **20%**.",True,0.0034
rose_214,rose,How many more visitors went to the Cinema than to Amusement ,74,"From the chart:

- Cinema: 82 million
- Amusement Parks: 8 million

Difference: ",True,0.003404
multi-axes_89,multi-axes,What is the average class size in a Research Institute?,70,The average class size in a **Research Institute** is **65**.,True,0.00423
rose_138,rose,What is the value assigned to Nightlife?,5,The value assigned to **Nightlife** is **5**.,True,0.002746
heatmap_37,heatmap,What is the difference between ad revenue and the total reve,$100 million,"From the chart for **Instagram**:

- **Total Revenue** = **1,200 million**
- **A",True,0.002364
rose_231,rose,How many students are enrolled in High School?,650,High School has **650 students** enrolled.,True,0.00369
multi-axes_260,multi-axes,How much revenue was generated from Renaissance Art?,730000,"The revenue generated from **Renaissance Art** was **$740,000**.",True,0.002042
bubble_248,bubble,How much greater is the viewership of basketball compared to,1.2 million,"From the chart, **basketball viewership = 2.0 million** and **hockey viewership ",True,0.004786
heatmap_8,heatmap,Which country has the highest percentage of Family Law cases,United States,"Family Law percentages by country are:

- United States: 20%
- Canada: 15%
- Uni",True,0.003318
multi-axes_289,multi-axes,By how much did the number of Computer Science graduates inc,"30,300 graduates","From the chart, Computer Science graduates were about **52,500** in **2014** and",True,0.005136
rose_240,rose,Which category has the lowest value?,Amusement Parks,The category with the lowest value is **Amusement Parks**.,True,0.002014
bubble_257,bubble,Which charity has the highest impact score?,Greenpeace,"From the chart, **Doctors Without Borders** has the highest impact score, at **9",False,0.00154
multi-axes_177,multi-axes,What is the average cost of treatment for mental health serv,$3500,"The average cost of treatment for **Mental Health** services is **$3,500**.",True,0.004
bubble_273,bubble,Which utility company has the highest number of customers se,State Grid Corporation of China,The **State Grid Corporation of China** has the highest number of customers serv,True,0.005984
heatmap_92,heatmap,What is the average order value for the Toys category?,$35,The average order value for the **Toys** category is **$35**.,True,0.002218
heatmap_113,heatmap,What is the percentage of Soft Drinks for Coca-Cola?,30%,"For **Coca-Cola**, the percentage of **Soft Drinks** is **30%**.",True,0.00213
heatmap_9,heatmap,Which country has the highest fish production according to t,United States,"According to the chart, **Russia** has the highest fish production at **0.018 bi",False,0.002174
rose_125,rose,How many more Grocery Stores are there than Pet Stores?,90,"From the chart:

- **Grocery Stores** = 150  
- **Pet Stores** = 50  

Differenc",False,0.003246
multi-axes_243,multi-axes,How much revenue did YouTube generate in billions of dollars,15.15 billion dollars,YouTube generated **$14.0 billion** in revenue.,True,0.00491
bubble_153,bubble,What is the Quality of Life Index Score for Miami?,78,Miami’s Quality of Life Index Score is **78**.,True,0.00566
rose_2,rose,Which field has the most nonprofits engaged according to the,Health,"According to the chart, **Health** has the most nonprofits engaged, with **90 no",True,0.002866
multi-axes_296,multi-axes,How many hours on average are spent on E-Learning platforms?,3,The average time spent on **E-Learning platforms** is **3 hours**.,True,0.00397
heatmap_24,heatmap,What is the difference in average rent between Los Angeles a,$200,"Los Angeles average rent is **$2,200**, and Miami average rent is **$2,000**.

*",True,0.002342
rose_219,rose,By how much does the number of nonprofit organizations in So,50 organizations,"From the chart:

- Social = 60
- Health = 10

Difference: 60 − 10 = 50

So, Soci",True,0.00316
bubble_215,bubble,How much did Van Gogh's artwork sell for in millions USD?,700,Van Gogh's artwork sold for **700 million USD**.,True,0.005744
heatmap_96,heatmap,What is the total liabilities of the finance sector?,1200,The finance sector’s total liabilities are **1200 million**.,True,0.001112
bubble_265,bubble,What is the market value of Microsoft?,1550 billion dollars,"From the chart, **Microsoft's market value is about 1,550 billion dollars**, i.e",True,0.003922
multi-axes_73,multi-axes,How many museums are there in total across all categories?,280,"From the chart, the **number of museums** in each category is:

- Music: 50  
- ",True,0.007294
rose_169,rose,Which category has the highest value in the data presented?,Vegetables,"The category with the highest value is **Vegetables**, with a value of **250**.",True,0.00231
heatmap_13,heatmap,Which country has the highest Internet Speed according to th,China,"According to the chart, **China** has the highest **Internet Speed**, at **50 Mb",True,0.001532
bubble_253,bubble,What is the delivery time difference between drone and pipel,42 hours,"From the chart:

- **Drone delivery time:** 24 hours  
- **Pipeline delivery tim",False,0.00442
multi-axes_161,multi-axes,How many more cases were resolved in 2021 compared to 2018?,3500,"From the chart, resolved cases were:

- **2018:** 31,000  
- **2021:** 35,500  
",False,0.005846
heatmap_31,heatmap,What percentage of renewable energy usage does Brazil have?,20%,Brazil’s renewable energy usage is **20%**.,True,0.0014
multi-axes_254,multi-axes,By how much did the Website Visitors increase from January t,1970 thousands,"Website Visitors increased from **1,230 thousand** in January to **3,200 thousan",True,0.00538
rose_203,rose,How much higher is the production capacity for Machinery tha,50,"From the chart:

- **Machinery** = **80**
- **Plastics** = **30**

So, the produ",True,0.005308
rose_116,rose,What is the value of harvested Rice? ,310,The harvested value for **Rice** is **320**.,True,0.00273
heatmap_44,heatmap,Which topic has the greatest number of legal advisers?,Contract Law,The topic with the greatest number of legal advisers is **Employment Law**.,False,0.002124
bubble_231,bubble,How many employees does Microsoft have in millions?,1.7,Microsoft has **1.7 million employees** according to the chart.,True,0.003914
multi-axes_290,multi-axes,What was the yield (tons per acre) in the year 2013?,2.8,The yield in **2013** was **2.8 tons per acre**.,True,0.00543
bubble_200,bubble,What was the Production Volume in April?,74,"The chart shown is about **CO2 emissions and renewable energy use by country**, ",False,0.003192
rose_300,rose,Which category has the highest number of charitable and nonp,Humanitarian Aid,The category with the highest number of charitable and nonprofit organizations i,True,0.002386
multi-axes_130,multi-axes,What is the Dropout Rate for students in Social Sciences?,7%,The dropout rate for **Social Sciences** is **7%**.,True,0.00369
heatmap_69,heatmap,How many research institutions are focused on Aging?,25,The number of **research institutions focused on Aging** is **25**.,True,0.002182
rose_179,rose,What is the difference in count between the Recruitment and ,60,"Recruitment has 120 and Performance Management has 60, so the difference is **60",True,0.001184
bubble_63,bubble,What was the Production Volume in April?,74,"The chart shown is about food and beverage brands and displays market share, rev",False,0.00252
bubble_114,bubble,What is Facebook's user base in millions?,70,Facebook's user base is **200 million**.,False,0.002162
multi-axes_106,multi-axes,What is the Delivery Efficiency percentage in May?,87%,The Delivery Efficiency in May is **87%**.,True,0.004872
heatmap_51,heatmap,What is the difference between the Water Usage of China and ,0.5 billion m3,"From the chart:

- **China water usage:** **2.5 billion m³**
- **India water usa",True,0.003286
bubble_80,bubble,What was the Production Volume in April?,74,The chart shown is about company performance and does not include monthly produc,False,0.00292
rose_295,rose,"What is the sum of values for Renewable Energy, Carbon Offse",134,"From the chart:

- Renewable Energy = 55  
- Carbon Offsetting = 18  
- Greenhou",True,0.002372
multi-axes_168,multi-axes,What is the market share difference between Packaged Foods a,20%,"From the chart, **Packaged Foods** has a market share of **30%** and **Snacks** ",True,0.00642
heatmap_97,heatmap,Which category scored exactly 30 three times across differen,Music,"The score **30** appears exactly three times in these categories:

- **Painting*",True,0.002306
rose_229,rose,How many more students are enrolled in English than in Compu,80,"English has 125 students and Computer Science has 45 students.

So, the differen",True,0.002134
heatmap_18,heatmap,What percentage of government spending does Germany allocate,45%,Germany allocates **45%** of its government spending to **Social Services**.,True,0.0021
rose_165,rose,By how much does the popularity of Visual Arts exceed that o,10,"From the chart:

- **Visual Arts** = 70
- **Cinema** = 60

So, **Visual Arts exc",True,0.004244
bubble_179,bubble,How many million units of Wine were sold?,500,Wine sold **500 million units**.,True,0.003588
multi-axes_77,multi-axes,What was the revenue (in $000s) for the month of September?,9600,"The revenue for **September** was **$9,600 (in $000s)**.",True,0.005842
bubble_87,bubble,What was the Production Volume in April?,74,"The chart shown is for **food and beverage products** and displays **Revenue, Ma",False,0.003152
multi-axes_181,multi-axes,What was the increase in total federal debt from 2007 to 200,710 billion dollars,"From the chart, total federal debt was about **$8,900 billion** in **2007** and ",False,0.005448
heatmap_116,heatmap,What is the percentage of points scored by the Warriors?,80%,The Warriors' **Points Scored (%)** is **80%**.,True,0.001374
heatmap_47,heatmap,What is the total percentage increase of Cloud Computing fro,15%,"Cloud Computing increases from **10% in 2015** to **20% in 2020**.

So the **tot",True,0.003784
rose_241,rose,How many more students are enrolled in Mathematics compared ,150,"Mathematics has **150 more students** enrolled than Social Sciences.

- **Mathem",True,0.002278
rose_115,rose,Which category has the highest value?,Machine Learning,The category with the highest value is **Machine Learning**.,True,0.00219
multi-axes_226,multi-axes,How much more does Germany spend on healthcare compared to B,$2526 million,"From the chart:

- **Germany healthcare spending** = **3700 million dollars**
- ",True,0.005704
bubble_219,bubble,What is the annual turnover rate in the IT department?,8%,The annual turnover rate in the **IT department** is **8%**.,True,0.005904
rose_172,rose,How many patients received Mental Health Care?,50,Mental Health Care received **45 patients**.,True,0.00268
heatmap_71,heatmap,Which country has the highest percentage of Irrigated Land a,United States,"According to the chart, the **United States** has the highest percentage of **Ir",True,0.002344
bubble_135,bubble,How much has been invested in research for Cancer?,150 billion dollars,"From the chart, **Cancer has about $50 billion invested in research**.",False,0.001798
heatmap_46,heatmap,Which factory has the highest production output in units?,Factory C,Factory C has the highest production output with **600 units**.,True,0.001372
multi-axes_282,multi-axes,Which product category has the highest revenue according to ,Organic Foods,"According to the chart, **Organic Foods** has the **highest revenue**, at about ",True,0.005954
bubble_151,bubble,What is the difference in population between China and the U,1101 million,"From the chart, China’s population is **300 million** and the USA’s is **250 mil",False,0.002808
multi-axes_180,multi-axes,What is the difference in Concentration of Carbon Dioxide (p,399.9 ppm,"From the chart, the **Concentration of Carbon Dioxide (ppm)** is:

- **Air Quali",True,0.00246
heatmap_118,heatmap,Which category has the highest impact factor?,Economics,"The category with the highest impact factor is **Economics**, with an **impact f",True,0.002264
rose_30,rose,How much higher is the value of Civil Rights cases compared ,60,"From the chart:

- **Civil Rights** = **90**
- **Tax Law** = **30**

Difference:",True,0.005906
bubble_156,bubble,What is the profit margin for computers? ,25%,The profit margin for computers is 25%.,True,0.002682
rose_22,rose,What is the value assigned to Film in the given data?,320,The value assigned to **Film** is **300**.,True,0.002736
bubble_249,bubble,How many tonnes of pesticides are used for grapes?,20 tonnes,Grapes use **20 tonnes** of pesticides.,True,0.00254
multi-axes_159,multi-axes,How many more volunteers do health organizations have compar,7000,"From the chart:

- **Health Organizations volunteers:** 15,000  
- **Animal Welf",True,0.004708
heatmap_27,heatmap,What is the infant mortality rate in Asia?,20,"The infant mortality rate in **Asia** is **20 per 1,000 live births**.",True,0.001842
bubble_281,bubble,Which legal subject has the highest Justice Delay Rate?,Constitution Law,"The legal subject with the highest Justice Delay Rate is **Constitution Law**, a",True,0.002876
heatmap_132,heatmap,How many concert halls are there in Asia?,2000,"Asia has **2,000 concert halls**.",True,0.002042
rose_193,rose,How many exhibits featured Digital Art?,68,Digital Art was featured in **70 exhibits**.,True,0.002694
rose_262,rose,Which energy source has the highest percentage usage accordi,Wind,"According to the chart, **Wind** has the highest percentage usage at **30%**.",True,0.001894
bubble_57,bubble,Which company has the highest market capitalization accordin,Apple,"According to the chart, **Microsoft** has the highest market capitalization, at ",False,0.002752
heatmap_17,heatmap,Which city has the highest average mortgage rate?,Phoenix,All the cities have the same average mortgage rate: **4.0%**. So **no single cit,False,0.002314
multi-axes_91,multi-axes,What was the Total Assets amount in Q2?,5500,"The **Total Assets in Q2** were **5,500 million dollars**.",True,0.005948
multi-axes_114,multi-axes,What is the difference in the number of successfully solved ,578 cases,"Family Law has about 4,000 successfully solved cases, while Business Law has abo",False,0.005626
rose_210,rose,How many students enrolled in Social Sciences courses?,350,350 students enrolled in Social Sciences courses.,True,0.00213
heatmap_85,heatmap,What is the Customer Retention Rate for Books?,57%,The **Customer Retention Rate for Books** is **57%**.,True,0.002064
multi-axes_164,multi-axes,How much time in hours did users spend on average on their s,4.3,"In **2018**, users spent an average of **4.3 hours** on their screens.",True,0.005098
multi-axes_259,multi-axes,How many months is the sentence length for Criminal cases?,24,The sentence length for **Criminal** cases is **24 months**.,True,0.003934
rose_220,rose,Which specialty had the second-highest number of patient vis,Specialized Medicine,The specialty with the **second-highest** number of patient visits is **Speciali,True,0.002688
bubble_125,bubble,What was the Production Volume in April?,74,The chart shown is about **financial performance of tech companies** and does **,False,0.00332
heatmap_5,heatmap,How many active cases does Johnson & Johnson have?,450,Johnson & Johnson has **450 active cases**.,True,0.001656
bubble_163,bubble,Which company has the highest debt according to the data?,Amazon,"According to the chart, **Amazon** has the highest debt, at **$110 billion**.",True,0.002138
bubble_208,bubble,How many Museum Exhibitions does Damien Hirst have?,120,Damien Hirst has **120 museum exhibitions**.,True,0.002182
rose_201,rose,What is the value for Photography in the chart?,43,The value for **Photography** is **45**.,True,0.003868
multi-axes_223,multi-axes,How much does it cost to use nuclear power compared to hydro,$5500 more,"From the chart:

- **Hydroelectric cost:** about **$33,000**
- **Nuclear cost:**",True,0.004502
heatmap_93,heatmap,What is the average salary for a lawyer in the field of Inte,$150,The average salary for a lawyer in **Intellectual Property Law** is **$150**.,True,0.00262
rose_161,rose,How much is the value associated with Wind energy?,90,The value associated with **Wind energy** is **90**.,True,0.00367
bubble_165,bubble,Which government policy has the highest public satisfaction ,Social Security,The policy with the highest public satisfaction score is **Social Security** and,True,0.002436
heatmap_61,heatmap,What is the percentage of renewable energy used in the Unite,15%,The United States uses **15%** renewable energy.,True,0.002126
multi-axes_93,multi-axes,How many units of furniture were produced?,14500,"Furniture produced **14,500 units**.",True,0.004838
rose_232,rose,How much is the value for Social Policy?,70,The value for **Social Policy** is **70**.,True,0.00273
bubble_197,bubble,How many years of research time is associated with quantum c,2,Quantum Computing is associated with **2 years** of research time.,True,0.002576
heatmap_42,heatmap,What is the vacancy rate in Chicago?,8%,Chicago’s vacancy rate is **8%**.,True,0.00198
multi-axes_78,multi-axes,How many more museums are there in Galleries compared to Sci,700,"Galleries have **700 more museums** than Science Museums.

- **Galleries:** 1000",True,0.004682
bar_230,bar_chart,Which employee role works the least number of average hours?,Support,Support works the least average hours.,True,0.001338
area_chart_128,area_chart,Which category has the highest e-commerce sales value?,Electronics,"The category with the highest **e-commerce sales value** is **Electronics**, at ",True,0.003108
rose_217,rose,What is the value difference between Real Estate and Credit ,60,"From the chart:

- **Real Estate** = 100  
- **Credit Cards** = 40  

**Differen",True,0.003248
multi-axes_74,multi-axes,What is the difference in energy consumption between the Com,13780 Billion Btu,"From the chart for **2014**:

- **Commercial** energy consumption = **23,200 bil",True,0.004838
85,funnel,What is the difference in value between Prospecting and Solu,15000,"The value at the **Prospecting** stage is **20k**, and at the **Solution Proposa",False,0.002096
multi-axes_66,multi-axes,Which category has the least number of authors?,Linguistics,"The category with the least number of authors is **Linguistics**, with **3,000 a",True,0.004042
rings_73,rings,What percentage of the Nonprofit Resource Allocation is made,40%,"Grants are 25% and Donations are 15%, so combined they make up **40%** of the no",True,0.001988
154,treemap,What is the freight volume percentage for the sea transporta,20%,The freight volume percentage for sea transportation is 15%.,False,0.005872
bar_315,bar_chart,Which department has the least number of employees?,HR,"The department with the least number of employees is **HR**, with **50 employees",True,0.002376
100,funnel,How much is the value at the Operation stage of the project ,20,The value at the **Operation** stage is **20**.,True,0.001912
area_chart_166,area_chart,What percentage of students studying Language are enrolled i,30%,"The chart shows percentages for **Mathematics, Biology, Chemistry, and Physics**",False,0.003198
multi-axes_265,multi-axes,How many more units are listed in Chicago compared to those ,1600 units,"In **Chicago**, the chart shows:

- **Units listed:** 2000  
- **Units sold:** 1",False,0.003856
16,treemap,What is the combined percentage of Sustainable Agriculture a,30%,"Sustainable Agriculture is 25% and Water Conservation is 10%, so their combined ",False,0.001286
area_chart_122,area_chart,How many bakery locations are there in China?,2000,"China has **2,000 bakery locations**.",True,0.002522
rings_48,rings,What is the ratio for Customer Service in 2023?,12%,"From the chart, **Customer Service = 12** out of a total of **100**, so the rati",True,0.003152
bar_212,bar_chart,Which country has the highest production of solar energy?,UK,"From the chart, the **UK** has the highest solar energy production at **18,000 k",True,0.003272
322,funnel,What is the value at the Distribution stage of agriculture a,100,The value at the **Distribution** stage is **100**.,True,0.001668
rings_181,rings,What percentage of the healthcare strategies is allocated to,7%,Diagnosis is allocated **7%** in 2023.,True,0.001446
multi-axes_241,multi-axes,How many employees work in IT and Software?,6500,"The **IT and Software** category has **6,500 employees**.",True,0.00393
78,treemap,How much more is invested in Artificial Intelligence than in,18%,"From the chart:

- **Artificial Intelligence**: 25
- **Quantum Computing**: 10

",False,0.006096
267,funnel,How much is the value for Research?,2700,The value for **Research** is **2700**.,True,0.001412
area_chart_158,area_chart,By how much did the import exceed export in the year 2018?,1400 tonnes,"In 2018:

- **Import** = 2,300 tonnes  
- **Export** = 900 tonnes  

So, **impor",True,0.00213
bar_238,bar_chart,How many more Theatre Events are there in Europe compared to,100 events,"Europe has **200 more Theatre Events** than South America.

- **Europe:** 500 th",False,0.002008
rings_277,rings,Which category has the lowest ratio according to the Technol,Innovation,"The category with the lowest ratio is **Innovation**, at **5%**.",True,0.003964
area_chart_135,area_chart,Which policy area has the highest percentage allocation for ,Economic Development,The policy area with the highest percentage allocation for **Social Services** i,True,0.002842
151,treemap,How much percentage is allocated to Healthcare?,10%,Healthcare is allocated **15%**.,False,0.00559
multi-axes_286,multi-axes,How many more days on the market does a foreclosure have com,12 days,"From the chart:

- **Foreclosure** average days on market = **51 days**
- **Vaca",True,0.005502
bar_329,bar_chart,Which country has the highest number of civil cases?,USA,"From the chart, **Germany** has the highest number of **civil cases**, with **8,",False,0.001696
317,funnel,How many students are there at the Orientation stage compare,200 more students,"Orientation has **900 students**, while First Semester has **700 students**.

So",True,0.002016
29,treemap,Which discipline has the highest percentage of research fund,Engineering,Engineering has the highest percentage of research funding at **20%**.,True,0.003694
rings_54,rings,What percentage of the total does International Relations ac,20%,"International Relations accounts for **20%** of the total.

Calculation:
- Value",True,0.003556
area_chart_299,area_chart,During which quarter did the company have the highest expens,Q3,The company had the highest expenses in **Q3**.,True,0.002558
multi-axes_111,multi-axes,In which year was the production of grains closest to 2200 M,2013,"From the chart, grain production is closest to **2200 million metric tons in 201",True,0.006956
bar_345,bar_chart,What is the total expenditure on road travel for Europe and ,1850,"From the chart:

- **Europe road travel** = 950  
- **Asia road travel** = 900  ",True,0.002174
rings_205,rings,What is the combined ratio of Attendance and Advertising?,47%,"From the chart:

- **Attendance = 27**
- **Advertising = 20**

Combined ratio:

",False,0.002772
multi-axes_218,multi-axes,What is the average daily rate difference between January an,$74.1,"From the chart, the **Average Daily Rate (ADR)** is:

- **January:** \$140  
- *",False,0.005614
264,funnel,What is the value difference between the 'Interest' and 'Con,200,"The value difference between **Interest** and **Consideration** is:

**800 - 600",True,0.00157
area_chart_56,area_chart,Which education level has the smallest difference between st,Graduate,The **smallest difference between Science and History enrollment** is at the **G,True,0.002338
314,funnel,What is the value for Processing in the Logistical Managemen,800,The value for **Processing** is **800**.,True,0.001072
bar_64,bar_chart,Which country has the highest percentage in the Agricultural,USA,"The **USA** has the highest percentage in the **Agricultural sector**, at **50%*",True,0.001744
149,treemap,Which two sectors together sum up to a smaller percentage th,'Cruises' and 'Tourist Attractions',"From the chart:

- **Hotels = 35%**

Two sectors that together are smaller than ",False,0.006438
rings_196,rings,What is the percentage of Hygiene Standards in the Healthcar,16%,The percentage for **Hygiene Standards** is **16%**.,True,0.001798
multi-axes_258,multi-axes,Which department has the highest average salary and what is ,IT department; $85000,"The **Operations** department has the highest average salary at **$85,000**.",True,0.005842
143,treemap,Which discipline has the highest percentage of research fund,Engineering,"According to the treemap, **Engineering** has the highest percentage of research",True,0.001208
area_chart_283,area_chart,How many Grants were Awarded to the field of Physics?,150,The number of **Grants Awarded** in **Physics** is **150**.,True,0.002656
bar_7,bar_chart,How many working hours were recorded in March?,180,"In **March**, the recorded **working hours were 180 hours**.",True,0.003142
261,funnel,How many students are at the Doctorate stage?,10000,"There are **10,000 students** at the **Doctorate** stage.",True,0.00187
multi-axes_60,multi-axes,How many cases were there in the year 2013?,5700,"In **2013**, there were **5,700 cases**.",True,0.004216
rings_159,rings,"Which category has a lower utilisation ratio, Music Concerts",Gaming Competitions,"Gaming Competitions has the lower utilisation ratio.

- Music Concerts: 18%
- Ga",True,0.002952
155,funnel,What is the stage with the least value according to the data,Others,"The stage with the least value is **Others**, with a value of **800**.",True,0.0017
bar_76,bar_chart,Which country has the lowest closure rate of cases in 2021?,Germany,"Closure rate = cases closed ÷ cases opened.

From the chart:
- USA: 400 / 500 = ",True,0.002894
multi-axes_56,multi-axes,"What is the total revenue from goods sold in 2021, assuming ",7832 million dollars,"From the chart for **2021**:

- **Goods sold** = **280 million units**
- **Avera",True,0.005834
area_chart_264,area_chart,Which department experienced the largest increase in employe,HR,"From the chart, compare 2019 vs 2023 satisfaction for each department:

- **Admi",True,0.004156
rings_249,rings,How much higher is the ratio for Academic Performance compar,25%,"From the chart:

- **Academic Performance** = 30%
- **Curriculum** = 5%

So the ",True,0.002116
82,treemap,What percentage of government spending is allocated to Scien,3%,Science/Technology is allocated **5%** of government spending.,False,0.002516
bar_264,bar_chart,How many millions does road transport account for in Guangzh,14,Road transport in **Guangzhou** accounts for **14 million**.,True,0.001466
area_chart_120,area_chart,Which level of government has the highest tax revenue as per,State,"From the chart, the **State** level has the highest **Tax Revenue**, at about **",True,0.00279
multi-axes_192,multi-axes,What is the ad revenue of Instagram?,20.0 billion,Instagram’s ad revenue in the chart is **$20 billion**.,True,0.002584
259,funnel,What is the value assigned to Engagement?,200,The value assigned to **Engagement** is **200** (shown as **20%**).,True,0.003778
95,treemap,What percentage of the initiatives is dedicated to Pollution,10%,Pollution Control is dedicated **10%** of the initiatives.,True,0.001138
bar_376,bar_chart,Which country has the highest production of geothermal energ,France,"From the chart, **France** has the highest geothermal energy production, at **20",True,0.001862
area_chart_267,area_chart,How many more projects are there in Materials Science for Ch,15,"From the chart for **Materials Science**:

- **Chemistry** = 30 projects  
- **E",True,0.003094
20,funnel,"How much greater is the value for ""Reducing Carbon Emissions",120,"“Reducing Carbon Emissions” is **120** greater than “Protecting Biodiversity.”

",True,0.001548
rings_295,rings,What percentage of total impact is attributed to Store Visit,17%,Store Visits account for **17%** of the total impact.,True,0.002458
area_chart_32,area_chart,Which education level has the highest enrollment for Science,Post-Graduate,Science enrollment is highest at the **Post-Graduate** level.,True,0.002154
13,treemap,What is the combined percentage of Health & Beauty and Books,20%,"Health & Beauty is 15% and Books & Media is 8%, so combined they make **23%**.",False,0.00132
multi-axes_186,multi-axes,What is the Average Sale Price for Pharmaceuticals?,300,The **Average Sale Price for Pharmaceuticals** is **$300**.,True,0.004984
rings_194,rings,What percentage of the overview is made up by Fundraising?,30%,Fundraising makes up **30%** of the overview.,True,0.002736
multi-axes_131,multi-axes,Which field has the highest number of patents registered?,Computer Science,"The field with the highest number of patents registered is **Computer Science**,",True,0.005018
53,funnel,"What is the value associated with the ""History"" stage in the",1000,The value for **History** is **1000**.,True,0.005672
rings_170,rings,What percentage of the Technology and Internet Trends for 20,16%,"From the chart, **Security = 15%** of the Technology and Internet Trends for 202",True,0.005062
bar_218,bar_chart,How much more of Raw Material C was used in March compared t,40000 KG,"Raw Material C in:

- January = 80,000 kg  
- March = 120,000 kg  

Difference: ",True,0.003318
46,treemap,Which research area receives the lowest percentage of fundin,Environmental Science,"According to the treemap, **Environmental Science** receives the lowest percenta",True,0.005842
bar_265,bar_chart,Which country has the highest ratio of manufacturing output ,USA,"From the chart:

- USA: output/cost = 750 / 500 = 1.50
- UK: 800 / 550 ≈ 1.45
- ",True,0.003288
256,funnel,How much is the difference in value between the Feasibility ,140,The **Feasibility Study** value is **360** and the **Implementation** value is *,True,0.003118
area_chart_5,area_chart,In which year was the difference between the number of legal,2020,"The greatest difference between legal cases filed and laws passed was in 2022.

",True,0.003184
rings_220,rings,What percentage of the Legal Affairs Performance is dedicate,19%,Risk Management is **19%** of the Legal Affairs Performance.,True,0.002754
multi-axes_221,multi-axes,How much Average Revenue per User (Dollars) is generated by ,60,Cloud Computing generates an Average Revenue per User of **$60**.,True,0.003928
244,treemap,What percentage of E-commerce Sales is made up by Toys & Gam,5%,"From the treemap, **Toys & Games** accounts for **8%** of total e-commerce sales",False,0.00274
area_chart_248,area_chart,Which category showed a decreasing trend in the number of pu,Economics,"The category that showed a decreasing trend from 2019 to 2023 is **Economics**.
",True,0.0023
66,funnel,What is the value for the Final Judgment stage in the legal ,200,The value for the **Final Judgment** stage is **200**.,True,0.00146
bar_333,bar_chart,What is the difference in billion between retail sales and e,110,"In February:

- Retail sales = 110 billion
- E-commerce sales = 220 billion

Dif",True,0.002484
rings_235,rings,What is the ratio for credit management?,20%,"From the chart, **Credit Management = 20%**.

So the ratio for **Credit Manageme",True,0.002156
multi-axes_230,multi-axes,How many more employees are there in Environmental Engineeri,5000 employees,"From the chart:

- **Environmental Engineering employees:** 17,000  
- **Aerospa",True,0.004674
79,treemap,Which department has a higher percentage of workforce distri,Marketing,"IT Support has a higher workforce distribution than Marketing.

- **IT Support:*",True,0.005704
140,treemap,What percentage of government spending is allocated to Socia,25%,"From the chart:

- **Social Security** = **15%**
- **Infrastructure** = **10%**
",True,0.001816
area_chart_80,area_chart,By how much did the Revenue ($) increase from Q1 to Q4?,"$50,000","Revenue increased from **$500,000 in Q1** to **$550,000 in Q4**.

**Increase = $",True,0.00202
99,funnel,What is the value difference between the 'Awareness' stage a,800,"The value difference between **Awareness** and **Conversion** is:

**1000 - 200 ",True,0.002088
rings_178,rings,How much higher is the ratio for Tourism Attraction compared,25%,"Tourism Attraction is **43%** and Hospitality Quality is **18%**.

So, the ratio",True,0.001438
multi-axes_85,multi-axes,How many thousands of dollars does the Sales department spen,10400,"The Sales department spends **$11,000**, i.e. **11 thousand dollars**, on payrol",True,0.00433
area_chart_229,area_chart,How much did the government spend on Public Safety in 2021?,4500,"The government spent **4,500** on **Public Safety** in **2021**.",True,0.002676
bar_206,bar_chart,How many tourists visited Asia in 2021?,400,Asia had **400 tourists** in 2021.,True,0.00122
241,treemap,Which two academic disciplines received the same percentage ,Sociology and Chemistry,Biology and Sociology both received the same percentage of research funding: 10%,False,0.001188
bar_454,bar_chart,Which region has seen the largest number of trees planted in,Europe,"Europe has the largest number of trees planted in 2021, with **150 thousand tree",True,0.001872
253,funnel,What is the value at the 'Consideration' stage?,300,The value at the **Consideration** stage is **300**.,True,0.001092
rings_92,rings,How much higher is the ratio of Research and Development com,25%,"From the chart:

- Research and Development = 32
- Safety = 7

Difference in rat",True,0.003884
bar_248,bar_chart,Which region has the lowest solar energy production in 2021?,East,"The **East** region has the lowest solar energy production in 2021, at **30 GWh*",True,0.001916
59,treemap,How much greater is the percentage of Single-Family Homes co,10%,"From the chart:

- **Single-Family Homes** = **30%**
- **Condominiums** = **15%*",False,0.006276
area_chart_145,area_chart,Which mode of transportation has the highest volume of freig,Shipping (Tons),"For **Continental**, **Shipping** has the highest freight volume.

Approximate v",False,0.00259
rings_14,rings,What is the ratio for Art Education?,10%,Art Education has a ratio of **10%**.,True,0.001756
multi-axes_277,multi-axes,What is the average ticket price for a Comedy performance?,50,The average ticket price for a **Comedy** performance is **$50**.,True,0.003162
multi-axes_229,multi-axes,How much was donated to Environmental Conservation?,"150,000 USD","Environmental Conservation received **$150,000** in donations.",True,0.005654
17,funnel,What is the value for Tooling and Machining in the manufactu,800,The value for **Tooling and Machining** is **800**.,True,0.001474
132,treemap,What percentage of the manufacturing output is accounted for,12%,"From the treemap values, **Textiles accounts for 10%** of the total manufacturin",False,0.002994
248,funnel,What is the second stage in the financial growth funnel?,Process Development,The second stage is **Process Development**.,True,0.00137
bar_495,bar_chart,Which region has the lowest average house price?,North,"The **North** region has the lowest average house price, at **$500**.",True,0.00265
rings_246,rings,Which category has the lowest ratio according to the Healthc,Health Promotion,"The category with the lowest ratio is **Health Promotion**, at **10%**.",True,0.00229
multi-axes_98,multi-axes,What is the average length of stay for a patient in Dermatol,2 days,The average length of stay for a patient in **Dermatology** is **2 days**.,True,0.004138
area_chart_77,area_chart,How much higher was the revenue in May in comparison to Febr,$5000,"Revenue in **February** was **$12,000** and in **May** it was **$20,000**.

So, ",False,0.003074
bar_91,bar_chart,Which country has the lowest high school enrollment?,Germany,"Germany has the lowest high school enrollment, at **30 million**.",True,0.001764
195,funnel,What is the value at the Acceptance stage?,512,The value at the **Acceptance** stage is **512**.,True,0.005732
239,treemap,What percentage more is the market share of Snacks compared ,17%,"From the treemap:

- **Snacks** = 20%
- **Bakery Goods** = 10%

Difference = **2",False,0.003716
rings_209,rings,Which category has the lowest ratio in the Real Estate and H,House Supply,The category with the lowest ratio is **House Supply**.,True,0.001446
multi-axes_172,multi-axes,How much higher is the average salary in Aerospace compared ,$44.7 thousand,"From the chart:

- **Aerospace average salary** = **$120k**
- **Automotive avera",True,0.002412
236,treemap,How much higher is the percentage of research funds for Comp,5%,"Computer Science has **17%** and Chemical Engineering has **12%**.

So, the perc",True,0.00155
area_chart_153,area_chart,In which year did Soccer events have the highest number?,2034,Soccer had the highest number of events in **2024**.,True,0.001722
245,funnel,What is the value of the Consideration stage?,60000,The **Consideration** stage value is **60k** (or **60%**).,False,0.001232
bar_317,bar_chart,How many more patents were filed in 2022 compared to 2021?,300,"Patents filed in:

- 2021: 1350  
- 2022: 1800  

Difference: **1800 - 1350 = 45",False,0.002132
multi-axes_62,multi-axes,How many items were sold in-store in October?,66 million,"In October, **62 million** items were sold in-store.",True,0.00497
area_chart_66,area_chart,Which category has the highest number of settlements?,Criminal,"The category with the highest number of **settlements** is **Criminal**, with ab",True,0.001862
299,treemap,What is the combined percentage of Multi-Family Buildings an,12%,"Multi-Family Buildings are 10% and Luxury Residences are 2%.

Combined percentag",True,0.001298
rings_78,rings,By how much does Cultural Participation exceed International,24%,"From the chart:

- Cultural Participation = 34
- International Exchange = 10

Di",True,0.00242
242,funnel,How many values are assigned to the onboarding stage?,70,The onboarding stage is assigned **70**.,True,0.001008
rings_287,rings,What is the ratio for Pollution Reduction in the Sustainabil,20%,The ratio for **Pollution Reduction** is **20%**.,True,0.002636
multi-axes_235,multi-axes,What is the total number of students in higher education and,11100 students,"From the chart:

- Higher Education students = 8,000  
- Special Education stude",True,0.004214
bar_330,bar_chart,Which country has the smallest difference between its footba,France,"From the chart:

- USA: 25,000 vs 10,000 → difference = 15,000  
- UK: 30,000 vs",True,0.003134
5,treemap,Which legal branch has the same expenditure allocation as th,Law Enforcement,The **Law Enforcement** branch has the same expenditure allocation as the **Legi,True,0.001254
bar_355,bar_chart,Which country has the longest average case duration?,USA,"From the chart, the **USA** has the longest average case duration at **15 days**",True,0.00186
6,funnel,How much did the value decrease from Feasibility Study to Pr,160,"From **Feasibility Study (800)** to **Project Planning (640)**, the value decrea",True,0.00319
area_chart_254,area_chart,"What is the total energy consumption of the Retail, Hospital",6000 kWh,"From the chart, the **energy consumption (kWh)** values are:

- **Retail:** 1,20",False,0.002678
area_chart_113,area_chart,In which year did Political Science publications reach 1500?,2009,Political Science publications reached **1500 in 2002**.,True,0.001016
rings_123,rings,What is the percentage ratio for grants in the nonprofit org,25%,The percentage for **Grants** is **25%**.,True,0.002218
multi-axes_70,multi-axes,Which country has the highest Transport Infrastructure Spend,China,"According to the data, **China** has the highest **Transport Infrastructure Spen",True,0.004976
296,treemap,What is the market share percentage of the Retail sector?,8,The Retail sector's market share is 10%.,False,0.002526
area_chart_293,area_chart,Which sector has the highest water usage and how many gallon,Energy; 15000 gallons,"The **Energy** sector has the highest water usage, at **15,000 gallons**.",True,0.002676
127,funnel,How much energy is used during the 'Feasibility Study' stage,800,"During the **Feasibility Study** stage, the energy used is **800** units.",True,0.002318
multi-axes_206,multi-axes,What is the Average Order Value for Sports and Outdoors?,$100,The **Average Order Value for Sports and Outdoors** is **$90**.,True,0.00395
230,treemap,What is the combined percentage of investment in Artificial ,33%,"Artificial Intelligence is **17%** and Biotechnology is **16%**.

Combined inves",True,0.001302
bar_455,bar_chart,What is the total production of Wind Energy in the four mont,2300 MW,"Wind energy production from January to April 2021 is:

- January: 200
- February",False,0.002268
rings_67,rings,"Which category has a higher ratio in 2023, Route Efficiency ",Fuel Consumption,"Fuel Consumption has a higher ratio in 2023.

- Route Efficiency: 15%
- Fuel Con",True,0.002778
area_chart_178,area_chart,What percentage of Arts participation was for Music in the y,30%,"In 2020, **Music** participation was **30%**.",True,0.001746
bar_404,bar_chart,Which region has the highest number of cinema viewers in 202,Asia,"Asia has the highest number of cinema viewers in 2021, with **250** viewers.",True,0.001854
50,funnel,What is the value difference between the 'Implementation' an,53.8,"The value difference between **Initial Inquiry** and **Implementation** is:

**1",True,0.001666
293,treemap,Which subject area has the lowest percentage of research fun,Arts,The subject area with the lowest percentage of research funding allocation is **,True,0.001268
rings_160,rings,What is the combined ratio of renewable sources and nuclear ,53%,"From the chart:

- Renewable Sources = 27%
- Nuclear = 26%

Combined = 27% + 26%",True,0.003832
bar_195,bar_chart,How many sports events took place in the UK in 2021?,25,The UK had **25 sports events** in 2021.,True,0.001758
83,funnel,How much higher is the 'Awareness' stage value compared to t,8400,"From the chart:

- **Awareness** = **10,000**
- **Others** = **1,600**

Differen",True,0.002266
multi-axes_197,multi-axes,How many more beds do hospitals have than long-term care fac,300 beds,"Hospitals have **300 more beds** than long-term care facilities.

- **Hospitals:",True,0.00645
multi-axes_134,multi-axes,What is the energy output for sodium chloride?,782.5 kJ/mol,"From the chart, **sodium chloride** has an **energy output of about 780 kJ/mol**",True,0.004354
area_chart_198,area_chart,What is the total number of employees in the IT department o,1250 employees,"The IT department employee counts from 2018 to 2022 are:

- 2018: 280
- 2019: 25",True,0.003834
30,treemap,What percentage of focus does Public Interest Law have withi,13%,"From the treemap, **Public Interest Law** appears to account for **12%** of **Le",True,0.002754
rings_57,rings,What percentage of the total does Internet of Things represe,15%,"From the chart, the values appear to be:

- Network Security: 20
- Data Storage:",True,0.003704
bar_405,bar_chart,What is the attendance at Anfield?,90000,"The attendance at **Anfield** is **89,000**.",True,0.001762
area_chart_112,area_chart,How many more ships are there in North America compared to S,1000 units,"From the chart, the number of **ships** is:

- **North America:** 4,000  
- **So",False,0.003156
124,funnel,What is the value for the Proofreading stage?,400,The value for the **Proofreading** stage is **400**.,True,0.001808
rings_85,rings,What percentage of the ratio is dedicated to the Arts?,13%,The **Arts** portion is **13%** of the total.,True,0.001768
multi-axes_183,multi-axes,What is the average donation amount for arts and culture?,80 USD,The average donation amount for **Arts and Culture** is **$75**.,True,0.00372
178,treemap,What is the percentage difference between Renewable Energy a,20%,"Renewable Energy is 35% and Water Conservation is 15%.

The percentage differenc",True,0.001476
187,funnel,What is the value at the Intent stage of the customer journe,7000,The value at the **Intent** stage is **7000**.,True,0.002054
multi-axes_248,multi-axes,What is the cost of production for mining equipment?,45000 dollars,"The cost of production for mining equipment is **$45,000**.",True,0.003932
bar_134,bar_chart,How many more leave days did John take compared to Mary?,4 days,"John took **2 more leave days** than Mary.

- **John:** 12 days  
- **Mary:** 10",False,0.002202
area_chart_88,area_chart,By how much did the CO2 Emission increase from 2015 to 2019?,2000 tons,"From the chart, **CO2 Emission** was:

- **2015:** 5,000 tons  
- **2019:** 7,00",True,0.003534
rings_41,rings,How much higher is the ratio of Satisfaction compared to Rec,18%,"From the chart:

- **Satisfaction = 35%**
- **Recruitment = 17%**

Difference:

",True,0.00242
76,treemap,How much percentage is allocated to Biodiversity Conservatio,10%,Biodiversity Conservation is allocated **10%** of the environmental efforts.,True,0.005714
121,funnel,How much is the value for the Awareness stage?,1000,The value for the **Awareness** stage is **1000**.,True,0.001646
area_chart_216,area_chart,"In which year was the waste production exactly 4,800 pounds?",2020,"Waste production was exactly **4,800 pounds in 2021**.",True,0.001744
bar_18,bar_chart,What is the difference between exports and imports in 2023?,-0.2 trillion,"From the chart for **2023**:

- **Exports = 3.5**
- **Imports = 3.8**

So the **",False,0.002302
rings_136,rings,What is the ratio for Renewable Energy Sources?,19%,The ratio for **Renewable Energy Sources** is **19%**.,True,0.004936
multi-axes_133,multi-axes,How many more active users did Facebook have in 2021 compare,1190 millions,"In 2021:

- **Facebook** had **3190 million** active users
- **YouTube** had **2",True,0.00653
area_chart_227,area_chart,In which year were there the most Theatre events?,2021,The most Theatre events were in **2018**.,True,0.00212
bar_292,bar_chart,Which country has the lowest manufacturing output?,UK,"The **UK** has the lowest manufacturing output, at **1.8 billion**.",True,0.001826
225,treemap,What percentage of the revenue is contributed by Food Servic,25%,Food Services contributes **25%** of the revenue in the tourism and hospitality ,True,0.00265
214,treemap,What is the combined percentage of the pharmaceuticals and h,33%,"Pharmaceuticals is 18% and Heavy Machinery is 15%, so combined they make 33%.",True,0.00127
14,funnel,What is the value difference between the 'Consideration' and,5000,The value at **Consideration** is **7000** and at **Repeat Purchase** is **2000*,True,0.00282
multi-axes_244,multi-axes,What is the increase in fuel consumption from March to April,10 millions of litres,Fuel consumption increases from **560 million litres in March** to **570 million,True,0.005934
rings_16,rings,What is the combined ratio of Quality Control and Raw Materi,43%,"From the chart:

- **Quality Control = 23**
- **Raw Materials = 20**

Combined r",True,0.002554
area_chart_259,area_chart,Which sector has the highest revenue according to the data?,IT,"According to the chart, the sector with the highest revenue is **IT**, at **$25,",True,0.001866
bar_199,bar_chart,Which city has the highest expenditure on hotels?,Los Angeles,Los Angeles has the highest expenditure on hotels.,True,0.001684
47,funnel,How many fewer users are there at the Advocates stage than a,9500,"There are **9,500 fewer users** at the **Advocates** stage than at the **Searchi",True,0.002404
60,treemap,What percentage of funding is going toward Environmental Cau,15%,Environmental Causes receive **15%** of the funding.,True,0.001104
rings_9,rings,What is the ratio for Cargo Delivery?,45%,"Cargo Delivery is **45%**, so its ratio is **45:100**, which simplifies to **9:2",True,0.003944
multi-axes_132,multi-axes,What was the fuel consumption in 2017 (millions of liters)?,3450,"In 2017, the fuel consumption was **3500 million liters**.",True,0.004964
area_chart_125,area_chart,Which category has the highest number of Festival Events?,Football,"The category with the highest number of Festival Events is **Basketball**, with ",False,0.002716
bar_95,bar_chart,Which country has the highest number of web users?,UK,"From the chart, the **UK** has the highest number of **web users**, with about *",True,0.00191
rings_113,rings,What percentage of transport is accounted for by Road mode?,45%,Road mode accounts for **45%** of transport.,True,0.00099
184,funnel,What is the value associated with Engagement in the funnel c,600,The value for **Engagement** in the funnel chart is **600**.,True,0.001484
159,treemap,What percentage of healthcare expenditure is spent on Outpat,18%,Outpatient Care accounts for **18%** of healthcare expenditure.,True,0.00114
multi-axes_287,multi-axes,What is the average daily sales figure for video games?,25,The average daily sales figure for **Video Games** is **25 units per day**.,True,0.004278
area_chart_278,area_chart,What was the profit in Q3?,11000,"The profit in **Q3** was **$11,000**.",True,0.001732
bar_297,bar_chart,Which country produced the least amount of corn in 2021?,UK,"The **UK** produced the least amount of **corn** in 2021, with **900 units**.",True,0.001686
181,funnel,What is the value for Execution stage in the chart?,40,The value for **Execution** is **40** (or **40%**).,True,0.001498
multi-axes_193,multi-axes,What was the median sale price of houses in the year 2017?,"$360,000","In 2017, the median sale price was **$70,000**.",False,0.003974
rings_132,rings,What is the ratio of Production Efficiency in the Food and B,16%,The ratio for **Production Efficiency** in the **Food and Beverage Industry Over,True,0.001678
148,treemap,How much more percentage usage does YouTube have compared to,9%,"YouTube has 21% usage and Instagram has 12% usage.

Difference: 21% - 12% = 9%

",True,0.001606
rings_17,rings,What percentage does Tourist Attractions represent?,28%,Tourist Attractions represents **28%**.,True,0.001722
multi-axes_278,multi-axes,How many research papers were published in the year 2015?,2050,"In **2015**, the number of research papers published was **2100**.",True,0.00397
119,funnel,What is the value difference between the 'Interest' and 'Con,200,"The value difference between **Interest** and **Consideration** is:

**800 - 600",True,0.003066
area_chart_98,area_chart,Which field experienced a consistent increase in percentage ,Psychology,"From the chart, **Political Science** shows a consistent increase from **2018 to",False,0.002454
bar_426,bar_chart,Which platform had the highest number of users to usage time,Facebook,"From the chart:

- Facebook: 2.3 / 10 ≈ 0.23
- YouTube: 1.9 / 8 ≈ 0.24
- Instagr",True,0.0029
288,funnel,What is the value of Evaluation in Employee Management?,300,"The value of **Evaluation** in Employee Management is **300**.

It also represen",True,0.001328
8,treemap,What percentage of the total research funding is allocated t,14%,"The funding values shown add up to:

22 + 18 + 15 + 14 + 11 + 10 + 8 + 2 = 100

",True,0.001862
bar_291,bar_chart,How much more is the total public funding in the USA than in,$25 billion,"From the chart:

- **USA total funding** = 200 + 250 + 80 = **530 billion**
- **",True,0.002818
multi-axes_65,multi-axes,What was the public opinion approval percentage in 2013?,46%,The public approval percentage in **2013** was **45%**.,True,0.0059
area_chart_92,area_chart,Which category has shown a continuous increase in percentage,Chemistry,"The category with a continuous increase from Q1 to Q4 is **Chemistry**.

Its per",True,0.003464
rings_7,rings,Which area has the highest ratio in Academic Excellence in 2,Research Skills,The area with the highest ratio in **Academic Excellence in 2023** is **Research,True,0.002884
38,treemap,How much larger is the Banking sector's market share compare,15%,"Banking has 30% market share and Real Estate has 15%.

So, Banking is larger by ",True,0.001524
285,funnel,How much higher is the value at the Intake stage compared to,600,The value at the **Intake** stage is **600 higher** than at the **Trial** stage.,True,0.002004
rings_21,rings,What is the combined percentage ratio of Marketing and Spons,35%,"Marketing is **15%** and Sponsorship is **20%**.

Combined percentage = **15% + ",True,0.003224
multi-axes_233,multi-axes,What is the difference in volume sold (in liters) between be,539 liters,"From the chart:

- **Beer volume sold:** about **45,600 liters**
- **Spirits vol",True,0.004696
area_chart_210,area_chart,Which subject had the lowest number of student enrollments i,Sociology,"In **2019**, **Sociology** had the lowest number of student enrollments, with **",True,0.001906
243,treemap,"What percentage of the market share does ""Bakery and Snack F",17%,“Bakery and Snack Foods” holds **17%** of the market share.,True,0.001212
area_chart_281,area_chart,How many more employees are there in the Human Resources dep,40 employees,"From the chart:

- **Finance total** = 200 + 280 + 270 + 150 + 180 = **1080**
- ",False,0.002894
multi-axes_170,multi-axes,Which platform has the highest average time spent?,Facebook,"From the chart, **Facebook** has the highest average time spent, at about **2.35",True,0.005064
179,funnel,What is the difference between the Value for Registration an,800,"From the funnel chart:

- **Registration** = 1000
- **Usage** = 200

So the **di",True,0.002942
bar_241,bar_chart,Which product had the smallest difference between online and,Bags,"From the chart:

- Shoes: 50 − 42 = 8
- Clothes: 80 − 65 = 15
- Bags: 45 − 35 = ",True,0.00204
bar_170,bar_chart,What is the average sale price of houses in Dallas?,450,"The average sale price of houses in **Dallas** is **450 thousand dollars**, i.e.",True,0.002982
area_chart_247,area_chart,Which venue had the highest number of visitors in August?,Art Gallery Visitors,"In August, the venue with the highest number of visitors was the museum, with 1,",False,0.002718
240,treemap,Which crop type has the lowest percentage distribution in gl,Sugar Crops,"The crop type with the lowest percentage distribution is **Sugar Crops**, at **2",True,0.001254
113,funnel,What is the value difference between Education and Change?,950,"From the chart:

- **Education = 1000**
- **Change = 50**

So, the **value diffe",True,0.002288
bar_67,bar_chart,What is the total of manufactured goods for UK and Germany c,750 million,"The manufactured goods total for **UK and Germany combined** is:

**400 + 350 = ",True,0.001916
rings_131,rings,What is the percentage difference between Marketing and Raw ,19%,"From the chart:

- **Marketing** = **35%**
- **Raw Ingredients** = **15%**

**Pe",True,0.003444
rings_230,rings,What is the ratio of Soil Quality in agricultural output and,35%,"From the chart, **Soil Quality = 35%**.

If you want its ratio in the agricultur",True,0.002384
bar_215,bar_chart,How many museums are there in Germany?,150,Germany has **150 museums**.,True,0.00165
area_chart_38,area_chart,What is the average price of a 3 Bedroom condo compared to a,"$100,000 less","From the chart:

- **3 Bedroom condo**: **$300,000**
- **4 Bedroom apartment**: ",False,0.00332
multi-axes_231,multi-axes,What was the Production Volume in April?,74,The chart shown is about **social media platform performance** and includes metr,False,0.006672
235,treemap,What is the combined percentage of Clothing and Home & Garde,35%,"From the treemap, **Clothing = 25%** and **Home & Garden = 10%**.

**Combined pe",True,0.00608
multi-axes_271,multi-axes,What is the average daily use in hours for Streaming Service,5.0,The average daily use for **Streaming Services** is **5 hours**.,True,0.003936
282,funnel,How many more people were in the Inquiry stage compared to t,100,"The Inquiry stage had **100 more people** than the Admissions stage.

- Inquiry:",True,0.00311
area_chart_185,area_chart,What percentage of Medication is allocated for Surgery?,10%,"For **Surgery**, **Medication** is allocated **10%**.",True,0.002602
68,treemap,How much more is the percentage of Single-Family Homes compa,20%,"Single-Family Homes are **20 percentage points more** than Rental Markets.

- **",True,0.001716
bar_418,bar_chart,How many million average viewers does football have?,7.5 million,Football has **7 million** average viewers.,True,0.001684
rings_19,rings,What is the combined ratio of Arts and Humanities?,35%,"From the chart:

- Arts = 20%
- Humanities = 15%

Combined = 20% + 15% = 35%

So",True,0.002076
176,funnel,What is the value of the Information Gathering stage?,1000,The value of the **Information Gathering** stage is **1000**.,True,0.002244
rings_84,rings,What is the ratio for merchandise sales?,24%,"From the chart, **Merchandise = 25%** of total sales/performance.

So the ratio ",True,0.002236
area_chart_87,area_chart,In what year did Mathematics publications first reach 800?,2019,Mathematics publications first reached **800** in **2014**.,True,0.001738
multi-axes_71,multi-axes,How much did the ticket sale revenue increase from 2015 to 2,$38 million,"From the chart, ticket sale revenue was about **$367 million in 2015** and **$40",True,0.005544
111,treemap,"What is the combined percentage share of TikTok, Twitter, Li",14%,"From the chart:

- TikTok = 8%
- Twitter = 6%
- LinkedIn = 4%
- Snapchat = 2%

C",False,0.001808
110,funnel,How much has the value decreased from the Feasibility Study ,652,"From **Feasibility Study (880)** to **Operation (228)**, the value decreased by:",True,0.00302
bar_30,bar_chart,How much higher is Germany's manufacturing output compared t,2000 units,"From the chart, Germany’s:

- **Manufacturing output** = **34,000**
- **Export v",False,0.002654
109,treemap,What is the percentage of market share for Intermodal transp,5%,Intermodal transportation has a market share of 8%.,False,0.001108
rings_40,rings,How much more popular is Gaming compared to Music in the 202,10%,"From the chart:

- **Gaming:** 25%
- **Music:** 15%

So, **Gaming is 10 percenta",True,0.003412
area_chart_129,area_chart,What was the infrastructure spending ($) in 2017?,3500,"The infrastructure spending in **2017** was **$3,500**.",True,0.002624
multi-axes_69,multi-axes,What is the Transport Time in March?,39 hours,The Transport Time in **March** is **39 hours**.,True,0.004902
bar_288,bar_chart,How many hotels are there in Istanbul?,30,Istanbul has **30 hotels**.,True,0.001128
rings_68,rings,Which category has the least ratio in Sports and Entertainme,Revenues,"The category with the least ratio is **Revenues**, at **10%**.",True,0.002648
275,treemap,What is the combined percentage of Beverage Manufacturers an,20%,"Beverage Manufacturers is 10% and Confectionery is 10%, so combined they make up",True,0.001336
173,funnel,How much greater is the value of Planting compared to Retail,900,"Planting is **900 units greater** than Retail.

- **Planting:** 1000
- **Retail:",True,0.00224
multi-axes_55,multi-axes,What is the average fuel efficiency for Air Transport?,25 Miles per Gallon,The average fuel efficiency for **Air Transport** is **25 miles per gallon**.,True,0.00583
area_chart_160,area_chart,Which plant has the highest production according to the give,Wheat,"According to the chart, **Wheat** has the highest production, at **800 kg**.",True,0.00182
multi-axes_166,multi-axes,What is the average number of citations for the Philosophy c,24,The average number of citations for **Philosophy** is **19**.,False,0.003952
80,funnel,How much higher is the 'Awareness' stage value compared to t,8400,"The **Awareness** stage is **8,400** higher than the **Others** stage.

- Awaren",True,0.002106
bar_120,bar_chart,How many more doctors are there in the USA than in Germany?,1000,"From the chart:

- **USA doctors:** 7,000  
- **Germany doctors:** 6,000  

So, ",True,0.001958
169,treemap,What is the combined percentage for Online Gaming and Educat,15%,"Online Gaming is 10% and Educational Platforms is 5%, so the combined percentage",True,0.001282
bar_113,bar_chart,How many medical staff are there in the USA?,7500,"The chart shows that the **USA has 7,500 medical staff**.",True,0.001452
area_chart_175,area_chart,By how much did restaurant reservations increase from Q1 to ,"330,000",Restaurant reservations increased from **300 thousand** in **Q1** to **620 thous,False,0.002296
multi-axes_232,multi-axes,What is the number of employees in private equity?,12000,"The number of employees in **Private Equity** is **12,000**.",True,0.004116
rings_26,rings,What percentage of the Healthcare Impact Assessment is attri,25%,Healthcare Accessibility is attributed **25%** of the Healthcare Impact Assessme,True,0.00277
170,funnel,How many visitors dropped out between the Product Page and S,300,Between the **Product Page (900 visitors)** and **Shopping Cart (600 visitors)**,True,0.002578
rings_6,rings,What percentage of the Logistics Performance Assessment is a,15%,Vehicle Maintenance accounts for **15%** of the Logistics Performance Assessment,True,0.00277
272,treemap,What is the combined percentage of attendance for Film Scree,22%,"Film Screenings is **25%** and Art Galleries is **15%**.

So, their combined att",False,0.002838
31,funnel,How much is the value for Research greater than the value fo,600,"Research is **1000** and Modification is **400**.

So, the value for Research is",True,0.005
bar_309,bar_chart,By what percentage did Engineering Advances grow from 2020 t,100%,"Engineering Advances increased from **10** in 2020 to **20** in 2023.

Percentag",True,0.002172
rings_141,rings,What category has the smallest ratio according to the provid,App Usage,"The category with the smallest ratio is **App Usage**, at **10%**.",True,0.00228
66,treemap,What percentage of the efforts is dedicated to Conservation ,25%,Conservation Efforts account for **25%** of the efforts.,True,0.001156
multi-axes_257,multi-axes,By how much did the median price of houses increase from 201,"$145,000","From the chart, the median house price was:

- **2010:** **$220,000**
- **2020:*",True,0.004252
64,funnel,What is the value for Prototyping in the Product Development,88.8,The value for **Prototyping** is **88.8**.,True,0.00149
area_chart_217,area_chart,In which year did Political Science see the highest number o,2021,Political Science had the highest enrollment in **2021**.,True,0.002564
multi-axes_288,multi-axes,What is the difference in the bounce rate between January an,25%,"The bounce rate in **January** is **45%** and in **December** is **21%**.

**Dif",True,0.005344
bar_246,bar_chart,How many more nurses does the USA have compared to the UK?,6,"From the chart:

- USA nurses: 23
- UK nurses: 17

Difference: 23 - 17 = 6

So, ",True,0.001902
253,treemap,What is the combined percentage of expenditure on Physician ,48%,"From the chart:

- Physician Services = 25%
- Prescription Drugs = 20%
- Mental ",True,0.003118
rings_162,rings,What is the ratio for Public Services in 2023?,24%,The ratio for **Public Services** in **2023** is **25%**.,True,0.005054
277,funnel,What is the value difference between the 'Initial Inquiry' s,60,"The value difference between **Initial Inquiry** and **Operation** is:

**100 - ",True,0.001774
bar_52,bar_chart,How many more cafes are there than restaurants in France?,10,"In **France**, there are:

- **27 cafes**
- **17 restaurants**

So, the number o",True,0.001946
multi-axes_225,multi-axes,How much did the Federal Government spend on average for eac,$2.3,"From the chart, the **Federal Government** received about **18.2 million votes**",True,0.004596
area_chart_144,area_chart,What is the Profit ($) for the IT industry?,60000,"The profit for the **IT** industry is **$60,000**.",True,0.002622
17,treemap,What percentage of E-commerce Sales Distribution is attribut,10%,Food & Beverage accounts for **10%** of the e-commerce sales distribution.,True,0.002268
rings_95,rings,How much more does the Economy category cover compared to th,12%,"The Economy category covers 35%, while Education covers 23%.

Difference: 35% - ",True,0.002216
bar_26,bar_chart,Which country has the highest number of cinemas?,UK,"From the chart, the **UK** has the highest number of **cinemas** at **230**.",True,0.002166
15,funnel,What is the value at the Diagnosis stage?,800,The value at the **Diagnosis** stage is **800**.,True,0.001134
area_chart_206,area_chart,Which grade has the highest total number of study hours acro,Grade 12,"Grade 12 has the highest total study hours across all subjects.

Totals by grade",True,0.002336
multi-axes_121,multi-axes,How many houses were sold in Chicago?,638,"In **Chicago**, **680 houses** were sold.",True,0.00487
rings_192,rings,What is the ratio for Mortgage Rates in the Real Estate and ,20%,The ratio for **Mortgage Rates** is **20%**.,True,0.002232
250,treemap,What transportation type has the smallest share of logistics,Pipeline and Intermodal,"The smallest share is a tie between **Pipeline** and **Intermodal**, each at **5",False,0.002718
bar_107,bar_chart,How much public spending does France have?,650 billion,France’s public spending is **650 billion**.,True,0.001698
area_chart_290,area_chart,How many more employees were there in Sales than in R&D in 2,110 employees,"In 2021:

- **Sales** = 320 employees
- **R&D** = 210 employees

So, **Sales had",True,0.00263
area_chart_131,area_chart,In which year did State Revenue surpass State Expenditure?,2018,"State Revenue surpassed State Expenditure in **2020**.

- **2020 State Revenue:*",True,0.00275
77,funnel,What is the value at the Conversion stage?,200,The value at the **Conversion** stage is **200**.,True,0.00143
multi-axes_293,multi-axes,What is the average session time in November?,13.0 minutes,The average session time in **November** is **13 minutes**.,True,0.00421
rings_43,rings,What is the combined ratio for Air Quality and Water Quality,30%,"Air Quality is 15% and Water Quality is 15%, so their combined ratio is **30%**.",True,0.002912
area_chart_191,area_chart,How much is the Investment in the Healthcare sector?,$90000,"The investment in the Healthcare sector is **$90,000**.",True,0.00172
bar_216,bar_chart,Which country has the smallest difference between government,France,"From the chart:

- **USA:** 9.7 − 5.2 = **4.5**
- **UK:** 7.5 − 4.1 = **3.4**
- ",True,0.00287
multi-axes_196,multi-axes,Which category has the highest number of institutions?,Sociology,"The category with the highest number of institutions is **Sociology**, with **39",True,0.004306
198,treemap,What is the percentage difference between Fashion and Books ,6%,"From the chart:

- **Fashion** = 8
- **Books & Media** = 2

Difference = **8 - 2",True,0.002216
192,treemap,What is the market share percentage of Rail transportation?,25%,Rail transportation has a market share of **20%**.,False,0.002556
rings_33,rings,What is the ratio for Clinical Outcomes in the Healthcare Qu,13%,The ratio for **Clinical Outcomes** in the **Healthcare Quality Evaluation - 202,True,0.002402
105,funnel,What is the value difference between the Initial Research an,400,"The value difference between **Initial Research** and **Risk Assessment** is:

*",True,0.001776
area_chart_192,area_chart,Which sport has the highest percentage of revenue from Merch,Golf,"From the chart, **Golf** has the highest percentage of revenue from **Merchandis",True,0.002784
bar_59,bar_chart,How many internet users are there in the UK?,300 million,The chart shows the UK has **300** internet users.,True,0.001734
327,funnel,What stage comes after Production in the agriculture and foo,Post-Production,The stage after **Production** is **Post-Production**.,True,0.001798
rings_59,rings,What is the second largest category contributing to sports a,Sponsorship,"The second largest category is **Sponsorship**, contributing **30%**.",True,0.001848
multi-axes_238,multi-axes,What is the sales to manufacturing cost ratio for Ceramics?,5.05,"For **Ceramics**:

- **Sales** = **$86,000**
- **Manufacturing Cost** = **$18,00",True,0.004044
187,treemap,How much bigger is the percentage of Cereals production comp,17%,"Cereals = 22%  
Fisheries = 5%

Difference = 22% - 5% = 17 percentage points

So",True,0.00164
area_chart_94,area_chart,By how much did electricity usage increase from 2015 to 2019,4000 kWh,"From the chart, electricity usage was:

- 2015: 25,000
- 2019: 29,000

Increase ",True,0.00242
28,funnel,What is the value of the Analysis stage?,600,The value of the **Analysis** stage is **600**.,True,0.00161
bar_384,bar_chart,How much greater is the crop production in Europe compared t,80,"From the chart:

- **Europe crop production** = **620**
- **Africa crop producti",False,0.001886
multi-axes_274,multi-axes,Which scientific discipline has the lowest average starting ,Geography,"From the chart, **Geography** has the **lowest average starting salary**, at abo",True,0.004388
area_chart_42,area_chart,In which year did diabetes cases reach 800?,2017,Diabetes cases reached **800 in 2018**.,True,0.001688
bar_137,bar_chart,Which country has the highest number of graduates in 2021?,France,"From the chart, the number of **graduates** in 2021 is highest in **France**, wi",True,0.002012
rings_121,rings,What is the combined ratio for Cost Management and Resource ,30%,"From the chart:

- **Cost Management = 15%**
- **Resource Utilization = 15%**

*",True,0.002518
184,treemap,What is the combined percentage of the bottom three categori,7%,"From the treemap, the bottom three categories are:

- Toys & Hobbies = 8%
- Book",False,0.001896
288,treemap,How much higher is the use of Road transport for freight vol,25%,"Road transport is **25 percentage points** higher than Air transport.

- **Road:",True,0.001628
multi-axes_102,multi-axes,What is the difference between the total donations for Healt,$10000,"From the chart:

- **Health total donations** = **30,000**
- **Animal Welfare to",True,0.004974
area_chart_199,area_chart,Which state has the highest number of Basketball fans?,New York,"From the chart, the states with the highest number of **Basketball** fans are:

",False,0.003084
bar_9,bar_chart,Which country has the highest number of provisions?,Germany,"Germany has the highest number of provisions, with 420.",True,0.001414
271,funnel,What is the value for Orientation?,600,The value for **Orientation** is **600**.,True,0.001754
324,funnel,What is the value of Shipments during the Project Planning s,666,The value of **Shipments** during the **Project Planning** stage is **666**.,True,0.00126
multi-axes_246,multi-axes,How many volunteers does the Children's Aid Organization hav,150,"The Children's Aid Organization has **2,700 volunteers**.",False,0.004848
rings_42,rings,What is the percentage ratio of Innovation in the Technology,13%,Innovation accounts for **13%** in the Technology and Internet Trends chart.,True,0.002022
rings_18,rings,How much higher is the focus on Mental Health compared to Ex,28%,"From the chart for 2023:

- **Mental Health** = **45%**
- **Exercise** = **15%**",True,0.003306
176,treemap,How much more percentage of the budget is allocated to Defen,10%,"From the chart:

- **Defense** = 25%
- **Healthcare** = 20%

Difference = **25% ",False,0.003146
321,funnel,What is the stage with the least value in the Agriculture Se,Other,"The stage with the least value is **Other**, with a value of **160**.",True,0.001886
bar_428,bar_chart,What is the difference in average travel time between the ca,30 minutes,"From the chart:

- **Car average travel time** = **60 minutes**
- **Train averag",True,0.00327
area_chart_269,area_chart,Which country has the smallest number of chemists?,United Kingdom,"From the chart’s **Chemistry** values:

- United States: **18,000**
- China: **2",True,0.003708
bar_284,bar_chart,What is the growth rate of France?,2.3,France’s growth rate is **2.3%**.,True,0.0015
area_chart_140,area_chart,How much did the Logistics Companies spend in September?,550,"In **September**, the **Logistics Companies** spent **550**.",True,0.002604
77,treemap,Which category holds the smallest percentage in global agric,Sugar Crops,"The smallest category is **Sugar Crops**, at **2%**.",True,0.00117
multi-axes_155,multi-axes,What is the revenue difference between football and basketba,10000 dollars,"From the chart:

- **Football revenue:** 30,000  
- **Basketball revenue:** 20,0",True,0.005642
rings_98,rings,By how much do Home Prices exceed the sum of Rental Rates an,27%,"From the chart:

- **Home Prices** = 45%
- **Rental Rates** = 15%
- **Foreclosur",True,0.003192
rings_87,rings,What category has the lowest ratio according to the data?,Teacher Quality,"The category with the lowest ratio is **Teacher Quality**, at **10%**.",True,0.001518
105,treemap,"How much is the percentage for ""Oilseeds""?",3%,The percentage for **Oilseeds** is **3%**.,True,0.001154
206,funnel,What is the value drop from the Post-Event Survey to the Fol,200,The value drops from **300** at **Post-Event Survey** to **100** at **Follow-Up ,True,0.002352
bar_194,bar_chart,What is the average score of college students?,95,The average score of **college students** is **95**.,True,0.00125
269,funnel,What is the value difference between the Consideration and P,600,"The value at **Consideration** is **800** and at **Post-Purchase** is **200**.

",True,0.001954
multi-axes_194,multi-axes,What is the Revenue Per Available Room (Dollars) in May?,144.5 dollars,The Revenue Per Available Room in May is **$145**.,True,0.004212
area_chart_220,area_chart,Which field had the highest increase in the number of public,Psychology,"From the chart, the increases from 2015 to 2019 are:

- **Psychology:** 100 → 20",True,0.00424
rings_134,rings,How much higher is the Home Affordability ratio compared to ,18%,"From the chart:

- **Home Affordability** = **30%**
- **Mortgage Rates** = **12%",True,0.003522
multi-axes_185,multi-axes,How many more tonnes of food did McDonald's sell compared to,2850 tonnes,"From the chart, **McDonald's** sold about **5700 tonnes** of food and **Domino's",True,0.006576
bar_num_426,bar_chart_num,Which region has the highest crop production?,North,"The **North** region has the highest crop production, with **350 units**.",True,0.005834
203,treemap,What percentage of the total Healthcare Expenditure is alloc,10%,"From the treemap, **Mental Health Services** accounts for **10%** of the total h",True,0.005828
bar_num_65,bar_chart_num,How many nonprofit organizations are there in Germany?,4700,"Germany has **4,700 nonprofit organizations** according to the chart.",True,0.00115
266,funnel,What is the value difference between the 'Interest' and 'Con,200,"The value difference between **Interest** and **Consideration** is:

**800 - 600",True,0.001612
200,funnel,How many individuals are at the Consideration stage of the s,7600,"The **Consideration** stage has **7,600 individuals**.",True,0.001276
bar_num_257,bar_chart_num,In which month is the percentage of part-time staff the high,March,The percentage of part-time staff is highest in March at 35%.,True,0.001772
263,funnel,What is the value difference between the Training and Interv,600,"From the chart:

- **Interview** = 800  
- **Training** = 200  

**Difference = ",True,0.00224
bar_num_163,bar_chart_num,How much higher were the online sales compared to store sale,1300 million,"In April, online sales were **1300 million** higher than store sales.

- **Onlin",True,0.00208
bar_num_386,bar_chart_num,How much in donations did New York receive in millions?,800,New York received **800 million** in donations.,True,0.001386
81,funnel,What is the Value for Design?,80,"The funnel chart shows these values:

- Research: 100
- Ideation: 80
- Prototypi",True,0.002394
260,funnel,What is the output value for Quality Control?,600,The output value for **Quality Control** is **600**.,True,0.001348
box_69,box,What is the range of prices for Whole Grain Bread according ,$2,"For **Whole Grain Bread**, the prices appear to range from **$3 to $5**.

So the",True,0.003002
61,funnel,What is the value difference between the 'Interest' and 'Con,200,"The value difference between **Interest** and **Consideration** is:

**800 - 600",True,0.00175
box_76,box,What is the Median decision time for Fiscal Policy?,75,The median decision time for **Fiscal Policy** is **75 days**.,True,0.002012
12,funnel,How much greater is the value of Product Research compared t,2100,"Product Research is **2100** greater than Delivery.

Calculation: **2500 - 400 =",True,0.001974
94,funnel,How much higher is the value of Initial Production compared ,60,"Initial Production is **60 units** higher than Distribution.

- **Initial Produc",True,0.006196
45,funnel,How many stages are there with a value below 50?,3,"There are **3 stages** with a value below 50:

- **Review & Refinement** — 45  
",True,0.002114
box_205,box,What is the median preparation time for Pizza?,15 minutes,The median preparation time for **Pizza** is **15 minutes**.,True,0.001764
58,funnel,What is the difference between the Junior Enrollment and Sen,200,"Junior Enrollment is **600** and Senior Enrollment is **400**.

**Difference = 6",True,0.005344
box_283,box,Which brand has the highest number of outliers?,Brand C,"From the boxplot, the brands with the highest number of outliers are **Brand C**",True,0.002856
box_294,box,Which art category has an outlier priced at 15500?,Photography,The art category with an outlier priced at 15500 is **Photography**.,True,0.00182
box_190,box,Which type of pollution has the highest upper quartile value,Water Pollution,"The pollution type with the highest upper quartile value is **Soil Pollution**.
",True,0.003484
255,funnel,What is the value difference between Engagement and Retentio,500000,"From the chart:

- **Engagement** = **600k**
- **Retention** = **100k**

**Value",True,0.00214
box_197,box,Which sustainability indicator has outliers greater than twi,Water Consumption,,False,0.004714
258,funnel,What is the difference in value between Recruitment and Perf,400,"Recruitment is **1000** and Performance Evaluation is **600**.

**Difference = 1",True,0.002634
box_140,box,What is the range of the ruling time for Court D?,8,"For **Court D**, the ruling times go from **5 hours** to **15 hours**.

So the *",False,0.003072
box_221,box,What is the median price for the Meat category?,$22,The median price for the **Meat** category is **$22**.,True,0.001798
131,funnel,What stage has a value of 800?,Ticket Sales,The stage with a value of **800** is **Ticket Sales**.,True,0.001188
box_151,box,What is the median donation amount for Nonprofit C?,$320,The median donation amount for **Nonprofit C** is **$320**.,True,0.001978
134,funnel,How many stages have a higher value than the Recovery stage?,2,"The Recovery stage has a value of **690**.

Stages with higher values than 690:
",True,0.001632
62,funnel,How many students were at the Interviews stage?,600,There were **600 students** at the **Interviews** stage.,True,0.001266
191,funnel,How much higher is the 'Inquiry' stage value compared to the,84,"The **Inquiry** stage value is **120**, and the **Fulfillment** stage value is *",True,0.002418
42,funnel,What is the difference in value between the Growth and Harve,150,"The value at the **Growth** stage is **600**, and at the **Harvesting** stage it",True,0.001836
box_282,box,What was the Production Volume in April?,74,"The chart shows quarterly sales distributions by category, not monthly productio",False,0.006152
box_162,box,Which subject has the highest minimum grade?,English,"From the boxplot, **English** has the **highest minimum grade**.

- **English mi",True,0.002706
box_235,box,What are the outliers for the Secondary School level?,"[40, 140]","For the **Secondary School** level, the outliers are **40** and **140**.

These ",True,0.002362
75,funnel,What is the value of the 'Retention' stage?,200,The **Retention** stage value is **200** (or **20%**).,True,0.00584
box_173,box,Which property type has the highest median price?,Single Family Home,The property types with the highest median price are **Single Family Home** and ,True,0.002004
box_83,box,What is the Median housing market price in the Northside reg,"$360,000","The median housing market price in the Northside region is approximately $360,00",True,0.00182
39,funnel,What is the difference in value between Trial Usage and Net ,400,"Trial Usage is **800** and Net Promoter Score is **400**.

So, the difference is",True,0.001646
295,funnel,What is the value of the Feasibility Study stage?,900,The value at the **Feasibility Study** stage is **900**.,True,0.001124
box_251,box,What subject has the highest median score?,Physics,"From the boxplot, **Physics** has the highest median score.

- **Physics median:",True,0.002658
126,funnel,What is the value difference between the For Sale stage and ,200,"The **For Sale** stage is **400** and the **Negotiation** stage is **200**.

**D",True,0.005196
189,funnel,What is the value at the Operation stage in 2020?,44,The value at the **Operation** stage in **2020** is **44**.,True,0.001518
box_201,box,Which restaurant has the lowest median meal price?,Curry House,"From the boxplot, **Curry House** has the **lowest median meal price**, at about",True,0.001894
123,funnel,What is the value difference between the 'Interest' and 'Con,200,"The value difference between **Interest** and **Consideration** is:

**800 - 600",True,0.00175
box_232,box,Which art form has the least variation in performance durati,Painting,"Based on the boxplot, **Music** has the **least variation in performance duratio",False,0.003252
box_255,box,What was the Production Volume in April?,74,"The chart shown is about **court fees dispersions across types of law in 2021**,",False,0.00245
183,funnel,What is the value at the Negotiation stage?,400,The value at the **Negotiation** stage is **400**.,True,0.001448
box_57,box,Which health condition has the highest median recovery time?,Cancer,"From the boxplot, **Cancer** has the **highest median recovery time**, at about ",True,0.00191
box_188,box,Which energy source has the highest median production value?,Nuclear,"From the boxplot, **Nuclear** has the highest median production value.

- **Nucl",True,0.002208
120,funnel,How much has the value decreased from the Feasibility Study ,652,"From **Feasibility Study (880)** to **Operation (228)**, the value decreased by:",True,0.00302
4,funnel,What is the value difference between the Research and Use st,$2000,"From the chart:

- **Research** = 2500  
- **Use** = 500  

**Difference = 2500 ",True,0.002484
box_208,box,Which area of law has outliers greater than $4000?,Tax Law,"From the boxplot, the law areas with outliers greater than **$4000** are:

- **P",True,0.003068
box_207,box,What is the median score for students at School D?,77,The median score for School D is 77 points.,True,0.002182
box_227,box,What is the median house price in Houston?,550,"The median house price in **Houston** is **$550,000** (shown as **550 thousand d",True,0.006106
287,funnel,What is the value at the Storing stage of food production?,700,The value at the **Storing** stage is **700**.,True,0.005922
180,funnel,What is the value assigned to the Interest stage?,750,The value assigned to the **Interest** stage is **750**.,True,0.002228
221,funnel,What is the value at the On-Boarding stage?,400,The value at the **On-Boarding** stage is **400**.,True,0.002186
284,funnel,What is the value of Shipments during the Project Planning s,666,The value of **Shipments** during the **Project Planning** stage is **666**.,True,0.002674
box_102,box,What is the median audience attendance for the Photography g,180,The median audience attendance for Photography is 180 thousand.,True,0.005854
92,funnel,What is the value of the Feasibility Study stage?,900,The value of the **Feasibility Study** stage is **900**.,True,0.001664
box_279,box,What is the median score in Chemistry?,68,The median score in **Chemistry** is **68**.,True,0.003896
10,funnel,How much higher was the value for Ticket Sales compared to A,31.8,"Ticket Sales was **31.8** higher than Attended Event.

Calculation: **83.5 - 51.",True,0.001818
43,funnel,What is the value difference between the Project Planning an,44,"The value difference between **Project Planning** and **Operation** is:

**66 - ",True,0.001446
box_133,box,What are the outliers for the Engineer role in working hours,[110],"For the **Engineer** role, the **outlier** in working hours is:

- **110 hours/w",True,0.00219
box_193,box,What is the median delivery time for Company D?,9,The median delivery time for **Company D** is **9 hours**.,True,0.002012
box_125,box,What is the median user engagement score for Twitter?,320,The median user engagement score for Twitter is 320 posts.,True,0.005868
box_185,box,How many outliers are there for Utility E?,1,"Utility E has 1 outlier.

It’s the single point above the upper whisker, around ",True,0.002388
281,funnel,What is the difference in value between Knowledge and Mainte,400,"The value at **Knowledge** is **900** and at **Maintenance** is **500**.

**Diff",True,0.001596
23,funnel,"How many users were ""Registered"" but not ""Verified""?",100,"There were **100** users who were **Registered but not Verified**.

Calculation:",True,0.00166
89,funnel,What is the value for the Analysis stage?,550,The value for the **Analysis** stage is **550**.,True,0.00179
219,funnel,What is the value difference between the Research and Evalua,900,"The value difference between **Research** and **Evaluation** is:

**1000 - 100 =",True,0.00174
box_196,box,What is the median temperature value for Coastal areas?,18,The median temperature for Coastal areas is 18°C.,True,0.00218
box_180,box,What are the outliers in the field of Psychology?,[5;160],"From the box plot for **Psychology**, the outliers are the red points outside th",True,0.00252
box_136,box,What is the median revenue of KFC according to the box plot ,$3000 million,The median revenue of **KFC** is **3000 million**.,True,0.001792
69,funnel,What is the value difference between the 'Order Placed' stag,300,"The **Order Placed** stage is **400**, and the **Delivery** stage is **100**.

S",True,0.00198
216,funnel,"How many more tourists are there at the ""Research"" stage com",300,There are **300 more tourists** at the **Research** stage than at the **Stay** s,True,0.002276
279,funnel,What is the value of Shipments during the Project Planning s,666,The value at the **Project Planning** stage is **666**.,True,0.002002
box_298,box,At which level do we see the greatest disparity between the ,Executive,The **Executive** level shows the greatest disparity between minimum and maximum,True,0.002514
box_248,box,Which organization has the highest median donation amount?,Oxfam,"From the boxplot, **Oxfam** has the highest median donation amount.

Approximate",True,0.00289
273,funnel,What is the difference in Value between the Awareness and Co,240000,"The **difference in Value between Awareness and Conversion** is:

**300,000 - 60",True,0.001658
box_166,box,What is the median price per meal at Restaurant E?,23,The median price per meal at **Restaurant E** is **$23**.,True,0.0018
276,funnel,What is the difference in value between the Design and Plann,66.,"The value for **Design and Planning** is **88.8**, and for **Evaluation** it is ",True,0.001954
box_144,box,Which food product has the widest interquartile range?,Product E,"The interquartile range is the width of the box from Q1 to Q3.

From the plot:

",True,0.003768
box_96,box,What is the median operational cost for Solar energy?,4700,"The median operational cost for Solar energy is approximately $4,700.",True,0.002228
101,funnel,What is the value for Design & Prototype?,800,The value for **Design & Prototype** is **800**.,True,0.001156
270,funnel,What is the value at the 'Product Selection' stage?,10000,The value at the **Product Selection** stage is **10k**.,False,0.001828
268,funnel,What is the value of the 'Plan Development' stage?,120,The value of the **Plan Development** stage is **120**.,True,0.001452
box_105,box,Which material has outliers that present the least material ,Aluminium,"The material with outliers showing the least strength is **Aluminium**, with a l",True,0.002768
box_292,box,What is the median capacity of Stadium C?,5000,"The median capacity of Stadium C is 5,000 people.",True,0.00221
box_73,box,Which department has the smallest median budget?,Department of Veteran Affairs,"From the boxplot medians:

- Defense: about 750
- Health: about 350
- Education:",True,0.002514
40,funnel,How many people were engaged in Voter Education according to,4000,"According to the chart, **4,000 people** were engaged in **Voter Education**.",True,0.002332
box_242,box,What is the median carbon footprint value for Country A?,25,The median carbon footprint for Country A is 25 tons.,True,0.001736
box_273,box,What is the median carbon emission value for the 'Manufactur,55,The median carbon emission for the **Manufacturing & Construction** sector is **,True,0.001876
73,funnel,What is the value difference between the 'Interest' and 'Con,200,"The value difference between **Interest** and **Consideration** is:

**800 - 600",True,0.006218
202,funnel,What is the value of Shipments during the Project Planning s,666,The value of **Shipments** during the **Project Planning** stage is **666**.,True,0.001354
box_65,box,What is the Median sales value for the Healthcare sector?,80,The median sales value for the **Healthcare** sector is **80 million**.,True,0.00157
265,funnel,Which stage has the lowest value?,Others,"The stage with the lowest value is **Others**, with a value of **200**.",True,0.001326
24,funnel,How much higher is the value of the Interest stage compared ,9000,"The Interest stage is 9,000 higher than the Subscriptions stage.

- Interest: 10",True,0.001726
box_267,box,What is the median task completion time for the Engineering ,110,The median task completion time for Engineering is 110 seconds.,True,0.00256
box_86,box,What is the range of the third quartile (Q3) across all prod,90 to 200,"From the box plot, the third quartile (Q3) values are approximately:

- Fashion:",False,0.007148
309,funnel,What is the difference in value between the Project Planning,20,"From the chart:

- **Project Planning** = 80  
- **Operation** = 60  

**Differe",True,0.002638
86,funnel,What is the value of Screening in the Employee Management pr,80,"The value of **Screening** in the Employee Management process is **80**.

It rep",True,0.002456
box_275,box,How many outliers are there for Charity E?,3,"Charity E has 3 outliers.

They are the two low-end outliers near 5 and 10, and ",True,0.002086
37,funnel,What is the value difference between the 'Order Placed' and ,77.2,"The value difference between **Order Placed** and **Shipping Out** is:

**100 - ",True,0.002064
box_70,box,Which artist's artwork has the highest median price?,Artist C,"From the boxplot, **Artist C** has the highest median price.

The median lines a",True,0.00287
262,funnel,What is the value assigned to the Testing stage?,700,The value assigned to the **Testing** stage is **700**.,True,0.001468
box_85,box,What is the median monthly energy consumption for Utility D?,760,The median monthly energy consumption for Utility D is 770 kWh.,True,0.00139
147,funnel,What is the value difference between the Consideration and P,350,"The value at **Consideration** is **800** and at **Purchase** is **450**.

**Dif",True,0.002278
box_143,box,Which eco-friendly practice has the highest median energy us,Solar Energy,"From the boxplot, **Solar Energy** has the **highest median energy usage**, at a",True,0.002406
box_286,box,What is the median case amount for Intellectual Property cas,2700,"The median case amount for **Intellectual Property** cases is **$2,700**.",True,0.00267
144,funnel,How much has the value decreased from the Implementation sta,300,The value decreased from 500 at the Implementation stage to 200 at the Operation,True,0.001794
radar_15,radar,Which location has the highest score in waste management?,Location D,"The highest **waste management** score is at **Location D**, with a score of **1",True,0.002892
radar_5,radar,Who gives a higher friendliness score for Central & Western ,Susan,"Susan gives the higher friendliness score for Central & Western Europe.

- Susan",True,0.002124
radar_31,radar,Which category had the highest total advancement by the end ,Cloud Computing,"By the end of Q4 2023, **Cloud Computing** had the highest advancement, with a v",True,0.00203
radar_50,radar,Which category scored the lowest in Q3?,Creativity (Score),"In Q3, **Creativity** scored the lowest, at **70**.",False,0.001074
radar_8,radar,What is the Public Safety score in the West region?,75,The **Public Safety** score in the **West** region is **70**.,True,0.001518
radar_46,radar,Which category scored exactly 95 in Q3?,Product Quality,The category that scored exactly 95 in Q3 is **Product Quality**.,True,0.001342
radar_44,radar,What is the engagement score for Q2?,95,The engagement score for **Q2** is **95**.,True,0.00179
radar_23,radar,Which organization has the highest score in Fundraising Perf,Organization A,Organization A has the highest score in **Fundraising Performance** with a score,True,0.002862
radar_25,radar,What are the High School Science Scores according to the dat,85,The High School Science score is **80**.,True,0.001408
radar_40,radar,Which category showed the highest percentage in Q4?,Home Sales (%),"In **Q4**, **Home Sales (%)** showed the highest percentage at **95%**.",True,0.003404
radar_12,radar,Which category showed the least improvement from Q1 to Q4?,Employee Retention (%),"From the chart, the improvement from **Q1 to Q4** is:

- **Employee Retention:**",False,0.003036
radar_39,radar,Which category showed a 15% increase from Q1 to Q4 in 2021?,Product Quality,"From the chart, the categories that increased by **15 points** from **Q1 to Q4**",True,0.00427
radar_45,radar,By how much did the Education (%) score increase from Q1 to ,15%,"The Education (%) score increased from 80 in Q1 to 95 in Q4, so it increased by ",True,0.002808
radar_6,radar,Which category has the highest Customer Satisfaction score?,Movie Theater,"The **Movie Theater** category has the highest **Customer Satisfaction** score, ",True,0.00601
radar_47,radar,Which city has the highest home ownership rate according to ,City D,"According to the chart, **City D** has the highest **home ownership rate** at **",True,0.001974
radar_32,radar,Who has the lowest score in Work-Life Balance?,Susan,Bob has the lowest score in **Work-Life Balance**.,False,0.005884
radar_29,radar,What is the Production Volume of Factory D?,400 Unit/hour,Factory D's **Production Volume** is **80 units/hour**.,False,0.002762
radar_49,radar,What is the increase in Customer Satisfaction from Q1 to Q4?,15%,"Customer Satisfaction increases from **60% in Q1** to **75% in Q4**.

**Increase",True,0.002184
radar_2,radar,Which category has the highest number of cases?,Civil Law,"The category with the highest number of cases is Civil Law, with about 50k cases",True,0.001106
radar_30,radar,Which category has the highest percentage for Greenpeace?,Donations (%),"For **Greenpeace**, the highest percentage is in **Donations (%)**, at **88%**.",True,0.001578
rings_76,rings,How much is the utilisation ratio for Oil and Gas?,37%,The utilisation ratio for **Oil and Gas** is **35%**.,True,0.002058
rings_114,rings,What sector has the least ratio according to the Government ,Transparency,The sector with the least ratio is **Transparency**.,True,0.003886
rings_37,rings,By how much does Student Success exceed Student Engagement i,12%,"Student Success is **31%** and Student Engagement is **19%**.

So, **Student Suc",True,0.003054
rings_133,rings,Which category has the highest ratio according to the chart?,Treatment Quality,The category with the highest ratio is **Treatment Quality** at **25%**.,True,0.001518
rings_259,rings,What is the ratio for Artistic Expression?,21%,The ratio for **Artistic Expression** is **21%**.,True,0.00276
rings_187,rings,What is the ratio for Crop Production in 2023?,20%,The ratio for **Crop Production in 2023** is **20%**.,True,0.001226
rings_228,rings,What is the combined ratio of Vehicle Maintenance and Custom,23%,"From the chart for 2023:

- **Vehicle Maintenance = 18**
- **Customer Service = ",True,0.003438
radar_7,radar,Which category shows the smallest percentage increase from Q,Economic Equality,"From the chart:

- **Education:** 85 → 100, increase = 15, percentage increase =",True,0.0053
rings_222,rings,What is the combined ratio for Social Responsibility and Soc,25%,"From the chart:

- **Social Responsibility = 10**
- **Social Services = 15**

So",True,0.002394
rings_257,rings,What percentage of the ratio is associated with Workforce De,30%,"From the chart, **Workforce Development** accounts for **30%** of the total rati",True,0.001978
rings_260,rings,What is the percentage ratio of the Online Presence category,25%,The **Online Presence** category is **25%** of the chart.,True,0.001192
rings_24,rings,What is the combined ratio for Visual Arts and Literature in,48%,"From the chart:

- **Visual Arts = 28**
- **Literature = 22**

Combined = **50**",True,0.00215
rings_195,rings,How much larger is the ratio for Research and Development co,22%,"From the chart:

- **Research and Development** = **37%**
- **Technical Support*",False,0.002298
rings_128,rings,What is the ratio for Workplace Safety?,22%,The ratio for **Workplace Safety** is **22%**.,True,0.001804
rings_105,rings,What is the combined ratio of Mechanical Engineering and Phy,48%,"From the chart:

- Mechanical Engineering = 20
- Physics = 28

Combined ratio = ",True,0.002426
rings_297,rings,What is the ratio of Compliance in the Legal Affairs Overvie,15%,The ratio for **Compliance** is **15%**.,True,0.0022
rings_200,rings,Which two domains have the highest ratios?,Research and Electronics,"The two domains with the highest ratios are **Research** and **Electronics**, bo",False,0.002466
rings_264,rings,Which two categories have the same ratio?,Education and Humanities,"The two categories with the same ratio are **Education** and **Humanities**, bot",False,0.001948
rings_212,rings,What percentage of the strategies is allocated to Financial ,20%,Financial Planning is allocated **20%**.,True,0.00137
rings_147,rings,What is the ratio for Cost Control?,18%,"From the chart, **Cost Control = 18%**.

So the ratio for **Cost Control** is **",True,0.002396
rings_96,rings,What percentage of the impact is made up by Fundraising?,21%,Fundraising makes up **20%** of the total impact.,True,0.001796
rings_46,rings,By what percentage does Connectivity exceed Digital Security,14%,"Connectivity is **39%** and Digital Security is **25%**.

So, Connectivity excee",True,0.002688
rings_71,rings,What is the ratio difference between Volunteers and Fundrais,20%,"From the chart:

- **Volunteers = 40%**
- **Fundraising = 20%**

So the **differ",True,0.002562
rings_163,rings,Which category has the smallest ratio according to the Finan,Market Share,The category with the smallest ratio is **Market Share**.,True,0.00178
rings_148,rings,What is the ratio for Fuel Efficiency?,25%,Fuel Efficiency has a ratio of **25%**.,True,0.003076
rings_233,rings,Which energy type has the smallest ratio according to the da,Renewable Energy,"According to the chart, **Renewable Energy** has the smallest ratio, at **5%**.",True,0.001746
rings_94,rings,What is the ratio for Merchandise?,25%,The ratio for **Merchandise** is **25%**.,True,0.001802
rings_158,rings,What is the percentage ratio for Law Enforcement?,14%,The percentage for **Law Enforcement** is **14%**.,True,0.00221
rings_142,rings,What is the difference in percentage between Crop Yield and ,15%,"Crop Yield is **40%** and Livestock Production is **25%**.

**Difference = 40% -",True,0.003236
rings_11,rings,What is the combined ratio for Sightseeing and Attraction ca,30%,"From the chart:

- **Sightseeing = 20**
- **Attraction = 10**

Combined = **30**",True,0.002788
rings_173,rings,What is the ratio for Social Programs as per the given data?,43%,"From the chart, **Social Programs = 45** out of a total of:

- Tax Rates = 25
- ",True,0.004002
rings_115,rings,What percentage of the total does Recruitment and Performanc,35%,"From the chart:

- Recruitment = 18%
- Performance Management = 17%

Together: 1",True,0.006274
rings_31,rings,What is the percentage point difference between Crop Yield a,15%,"Crop Yield is 35% and Livestock Breeding is 20%, so the difference is **15 perce",True,0.001838
rings_204,rings,What is the ratio for Dance?,13%,"From the chart, the values appear to be:

- Music = 20
- Art = 25
- Theatre = 22",False,0.00375
rings_111,rings,What percentage point difference is there between Diagnostic,2%,"Diagnostics is **22%** and Treatment Standards is **20%**.

The percentage point",True,0.005946
rings_79,rings,What is the combined ratio for Renewable Energy Sources and ,65%,"From the chart:

- Renewable Energy Sources = 45%
- Electricity Generation = 20%",True,0.001628
area_chart_33,area_chart,How much waste is generated by the Construction industry?,500 pounds,The **Construction** industry generates **500 pounds** of waste.,True,0.002572
line_283,line_chart,In which month did Users C see the lowest number of users ac,March,"Users C had the lowest number of users in **May**.

- January: 1500  
- February",True,0.002962
area_chart_137,area_chart,How much is allocated to Training in the Education departmen,60,Training in the **Education** department is **60 employees**.,True,0.001706
42,treemap,Which category has the smallest percentage of revenue distri,Amusement Parks,"The category with the smallest percentage is **Amusement Parks**, at **5%**.",True,0.005766
pie_458,pie_chart,How much more does Fossil Fuels and Renewable Energy contrib,40%,"Fossil Fuels + Renewable Energy = **35% + 35% = 70%**

Nuclear Power + Other = *",True,0.002848
pie_169,pie_chart,Which engineering field has the smallest percentage distribu,Biomedical Engineering,Biomedical Engineering has the smallest percentage distribution at 5%.,True,0.001418
line_356,line_chart,By how much did the yield of Crop C increase from 2020 to 20,200 tons,"Crop C increased from **1200 tons in 2020** to **1400 tons in 2023**.

**Increas",True,0.002424
line_num_487,line_chart_num,In which month is the difference between Household and Indus,December,"From the chart:

- **September**: Household = **90 kW**, Industry = **100 kW**
-",False,0.00261
line_num_343,line_chart_num,How much has the Electricity Consumption increased from 2020,500 kWh,Electricity Consumption increased from **1000 kWh in 2020** to **1500 kWh in 202,True,0.002912
129,treemap,How much is the combined percentage of Television Programs a,9%,"From the treemap, **Television Programs = 10%** and **Amusement Parks = 4%**.

S",False,0.00176
area_chart_75,area_chart,Which sector uses the least amount of Nuclear Energy?,Residential,"The **Residential** sector uses the least amount of **Nuclear Energy**.

- Resid",True,0.002136
line_num_265,line_chart_num,Which category had the highest expenses in 2003?,Expenses C,"In 2003, **Category C** had the highest expenses at **130 million dollars**.",False,0.001546
pie_188,pie_chart,What is the percentage of homes larger than 1 bedroom?,72%,"Homes larger than 1 bedroom are:

- 2 Bedrooms: 37%
- 3 Bedrooms: 28%
- 4+ Bedro",True,0.002176
area_chart_102,area_chart,In which year did Accommodation bookings surpass Food & Beve,2019,Accommodation bookings surpassed Food & Beverage bookings in 2021.,True,0.00256
107,treemap,What percentage of the workforce is allocated to IT Services,5%,IT Services is allocated **8%** of the workforce.,False,0.00566
line_97,line_chart,By how many million did Domestic Tourist Arrivals increase f,32 million,Domestic Tourist Arrivals increased from **100 million** in 2018 to **132 millio,True,0.002442
line_num_15,line_chart_num,How many visitors did Thailand have in millions?,50,Thailand had **50 million** visitors.,True,0.00303
pie_331,pie_chart,What percentage of the USA's energy sources is attributed to,40%,"Wind is **25%** and Nuclear is **15%**.

Together: **25% + 15% = 40%**

**Answer",True,0.002164
273,treemap,How much higher is the funding percentage for Anthropology c,12%,"Anthropology has **18%** funding, while Political Science has **8%**.

So, Anthr",False,0.002948
line_253,line_chart,During which quarter was the gap between online and offline ,Q4 2021,"The gap was smallest in **Q4 2021**, where both online and offline shopping were",True,0.002064
area_chart_110,area_chart,How much more energy does the Industrial sector consume comp,7000 kWh,"From the chart:

- **Residential energy consumption** = **5,000 kWh**
- **Indust",True,0.002322
line_num_230,line_chart_num,In what year did the number of ads reach half the number of ,2014,"The number of ads reached **half the number of posts in 2012**.

- Posts in 2012",True,0.002928
pie_370,pie_chart,What percentage of the US Workforce does the Contract catego,10%,The Contract category constitutes **10%** of the US workforce.,True,0.002752
area_chart_159,area_chart,How many more users are there on Facebook compared to Twitte,-20,"For the **Web** category:

- **Facebook**: 100 users  
- **Twitter**: 120 users ",False,0.003112
line_130,line_chart,How much did online shopping revenues increase from January ,230 billion dollars,Online shopping revenue increased from **250** in January to **480** in December,True,0.002138
line_257,line_chart,What is the percentage of online shopping in April?,72%,The percentage of **online shopping in April** is **72%**.,True,0.002056
101,treemap,Which department received the smallest percentage of researc,Mathematics,The department with the smallest percentage of research funding is **Mathematics,True,0.00262
area_chart_187,area_chart,How many listings are there for 3 Bedroom Apartments in July,1000,There are **850 listings** for **3 Bedroom Apartments** in **July**.,False,0.001774
line_num_335,line_chart_num,Which city has the largest average home size among the liste,Chicago,"Chicago has the largest average home size, at about **1,800 square feet**.",True,0.00211
pie_107,pie_chart,What is the percentage difference between genders in the USA,10%,"The chart shows:

- Male: 45%
- Female: 55%

So the percentage difference betwee",True,0.00201
line_174,line_chart,How many more football teams were there in 2003 compared to ,2 teams,"In 2001 there were **25** football teams, and in 2003 there were **27**.

So, th",True,0.001926
40,treemap,What is the percentage of e-commerce sales for Health & Beau,10%,The percentage for **Health & Beauty** is **12%**.,False,0.001158
line_num_427,line_chart_num,How much energy is released from a volcano eruption?,4000 joules,"From the chart, a **volcano eruption releases 4000 joules** of energy.",True,0.002076
pie_118,pie_chart,What is the combined percentage of Laptop and Desktop device,50%,"Laptop is 30% and Desktop is 20%, so combined they make **50%**.",True,0.001908
73,treemap,How much higher is the market share percentage of Investment,15%,"From the chart:

- **Investment Banking** = **20%**
- **Private Equity** = **12%",False,0.003016
area_chart_182,area_chart,In which year did Literature Publications reach the number o,2019,Literature publications reached **600 in 2015**.,True,0.002562
line_num_352,line_chart_num,What is the total number of students in grades KG through 2?,4300,"Grades KG through 2 include:

- KG = 1000
- Grade 1 = 1500
- Grade 2 = 1800

Tot",True,0.002064
265,treemap,What transportation type has the smallest share of logistics,Pipeline and Intermodal,"The smallest share is tied between **Pipeline** and **Intermodal**, at **5% each",False,0.001266
area_chart_258,area_chart,In which category is the highest percentage allocated to Hea,Social Welfare,"The highest percentage allocated to **Healthcare** is in **Social Welfare**, at ",True,0.001894
pie_295,pie_chart,How much more is the percentage of Alcoholic Beverages compa,20%,"Alcoholic Beverages are **20 percentage points more** than Sweets and Candy.

- ",True,0.003212
line_330,line_chart,What was the tax rate in the year when the tax revenues reac,35%,"Tax revenues reached **1000 billion dollars in 2003**.  
The **tax rate** in tha",True,0.001706
line_num_81,line_chart_num,In which year did Ranking C get the highest ranking?,2002 and 2003,"Ranking C got its highest ranking, 1st place, in 2002 and 2003.",True,0.00165
pie_79,pie_chart,How much more popular is Music than Theatre in the United St,15%,Music is **15 percentage points** more popular than Theatre in the United States,True,0.00178
line_266,line_chart,By how much did the number of college graduates increase fro,7000,"From the chart, college graduates were:

- **10,000** in **2001**
- **17,000** i",True,0.002488
line_299,line_chart,In which year did District C have the lowest number of voter,2012,District C had the lowest number of voters in **2012**.,True,0.001772
area_chart_288,area_chart,What is the total sales for Food and Beverage in 2019?,5300 millions of USD,"In 2019:

- Food sales = 2,800 million USD
- Beverage sales = 2,500 million USD
",True,0.002096
line_num_158,line_chart_num,What is the amount of the electricity produced by coal in 20,1500 GWh,"In **2012**, electricity produced by **coal** was **1500 GWh**.",True,0.002678
70,treemap,What percentage of Global Agriculture Production is represen,15%,Dairy represents **15%** of global agriculture production.,True,0.002558
pie_3,pie_chart,"What is the combined production percentage of Chemicals, Tex",25%,Chemicals (9.1%) + Textiles (9.1%) + Plastics (4.5%) = **22.7%**.,True,0.002092
37,treemap,How much more is the internet usage percentage of Social Med,15%,"From the chart:

- **Social Media** = **20%**
- **Online Education** = **10%**

",False,0.006198
line_num_151,line_chart_num,How many tons of carbon dioxide emissions were recorded in 2,7500000,"In **2003**, the recorded carbon dioxide emissions were **7,500,000 tons**.",True,0.002692
pie_212,pie_chart,What percentage of the USA's renewable energy sources in 202,30%,Hydro Energy accounts for **30%** of the USA's renewable energy sources in 2023.,True,0.00194
area_chart_276,area_chart,What percentage of healthcare spending is dedicated to Preve,30%,"From the chart, the spending amounts appear to be:

- Preventative Care: 15,000
",True,0.004608
line_271,line_chart,In which month is the wind speed first recorded at or above ,July,The wind speed is first recorded at or above **5 m/s in July**.,True,0.003192
area_chart_2,area_chart,What was the total increase in water consumption from 2019 t,400 gallons,Water consumption increased from **3000 gallons in 2019** to **3400 gallons in 2,True,0.002166
line_189,line_chart,What is the average height for the 46-55 age group?,185 cm,The average height for the **46–55** age group is **185 cm**.,True,0.001838
54,treemap,What is the combined percentage of Vegetables and Fruits in ,45%,"Vegetables are **25%** and Fruits are **20%**.

So, combined:

**25% + 20% = 45%",True,0.006086
line_264,line_chart,How many restaurant reservations were made in July?,60000,"In July, there were **60,000 restaurant reservations**.",True,0.001748
area_chart_239,area_chart,What was the increase in the number of hospitals from 2019 t,80,"From the chart, the **number of hospitals** was:

- **2019:** 120  
- **2023:** ",False,0.002776
18,treemap,Which renewable energy source has the smallest usage percent,Nuclear,"According to the chart, **Geothermal** has the smallest usage percentage at **10",False,0.005794
line_num_410,line_chart_num,How much has soccer attendance increased from 2015 to 2018?,8000,"Soccer attendance increased from **10,000 in 2015** to **18,000 in 2018**.

So t",True,0.002958
pie_445,pie_chart,What is the percentage of the population in the 18-34 age gr,35%,The 18–34 age group represents **35%** of the population.,True,0.001852
289,treemap,What percentage of research funding is allocated to Sociolog,15%,Sociology is allocated **15%** of the research funding.,True,0.001152
line_num_4,line_chart_num,By how much did the movie revenue increase from 2015 to 2020,1000 million dollars,Movie revenue increased from **1000 million dollars** in 2015 to **2000 million ,True,0.004602
area_chart_105,area_chart,How many more visitors did hotels have in December compared ,11000 visitors,"Hotels had **12,000 more visitors** in December than in January.

- **January:**",True,0.003186
line_num_320,line_chart_num,What was the Gini Coefficient in 2002?,51,The Gini Coefficient in **2002** was **51**.,True,0.003148
pie_178,pie_chart,What is the percentage of people using Facebook according to,35%,"The chart appears heavily distorted and unreadable, so I can’t reliably determin",False,0.005692
pie_254,pie_chart,What percentage of the crop distribution is taken up by frui,15%,Fruits take up **15%** of the crop distribution.,True,0.001796
area_chart_4,area_chart,In which month was the water usage at its highest for the ye,May,Water usage was highest in **December**.,False,0.001654
line_103,line_chart,What is the Average Cost in July?,20,The **Average Cost in July** is **24**.,False,0.00173
97,treemap,What is the combined percentage of the Consumer Goods and Au,45%,"From the treemap, **Consumer Goods = 20%** and **Automotive = 18%**.

So, their ",False,0.006224
pie_85,pie_chart,What is the combined percentage of Theatre and Cinema in the,30%,"Theatre is **15%** and Cinema is **15%**, so combined they make **30%**.",True,0.001628
line_num_412,line_chart_num,What is the percentage decrease in death rate from 2020 to 2,3%,"From the chart, the death rate decreases from **4.0% in 2020** to **1.0% in 2023",True,0.00353
32,treemap,What is the combined percentage of funding for Anthropology ,19%,"Anthropology is 10% and Gender Studies is 5%, so their combined funding is 15%.",False,0.005652
line_40,line_chart,In which year was the Sea Level Rise more than double the ri,2006,,False,0.007866
area_chart_148,area_chart,Which country has the highest number of researchers in Compu,Germany,"From the chart, **China** has the highest number of researchers in **Computer Sc",False,0.0019
line_num_332,line_chart_num,By how much did military spending increase from 2019 to 2021,0.2 trillion dollars,Military spending increased from **0.8 trillion dollars in 2019** to **1.0 trill,True,0.003074
line_183,line_chart,In which year did desktop and mobile usage become identical ,2012,"Desktop and mobile usage became identical in 2012–2013 approximately, with the c",True,0.003154
204,treemap,Which product category has the smallest market share accordi,Frozen Foods,"According to the treemap, **Frozen Foods** has the smallest market share.",True,0.005728
area_chart_52,area_chart,What is the increase in water usage from 2016 to 2018?,20000 gallons,"From the chart, **water usage** was:

- **2016:** 105,000 gallons  
- **2018:** ",True,0.002708
line_134,line_chart,What is the average number of bus passengers in the first qu,450 thousands,"The bus passengers in the first quarter are:

- January: 400 thousand
- February",True,0.004362
line_num_212,line_chart_num,How many more civil disobedience cases were there in 2004 co,600,"Civil disobedience cases in:

- 2001: **1,200**
- 2004: **1,800**

Difference: *",True,0.002148
pie_298,pie_chart,What is the market share percentage for Cinemas?,15%,Cinemas have a market share of **15%**.,True,0.0059
201,treemap,What is the percentage of the Electronics sector in manufact,18%,The Electronics sector accounts for **18%** of manufacturing output.,True,0.005506
line_493,line_chart,In which year did the greenhouse gas emissions reach 7000 mi,2003,Greenhouse gas emissions reached **7000 million tons in 2003**.,True,0.00335
pie_461,pie_chart,What percentage of digital platform usage is attributed to S,25%,Streaming Services account for **25%** of digital platform usage.,True,0.001456
line_num_132,line_chart_num,In what year did organic food sales reach 1500 million dolla,2022,Organic food sales reached **1500 million dollars in 2022**.,True,0.00179
area_chart_172,area_chart,How many more users does YouTube have for News compared to Y,70,"From the chart, YouTube users are:

- **News:** 260
- **Health:** 220

So, **You",False,0.00302
line_289,line_chart,How much did Movie Box Office D earn in 2021?,400 million dollars,Movie Box Office D earned **400 million dollars** in **2021**.,True,0.003166
pie_300,pie_chart,"What is the combined market share of Firefox, Edge, Opera, a",30%,"From the chart:

- Firefox: 15%
- Edge: 5%
- Opera: 5%
- Other: 5%

Combined mar",True,0.001814
146,treemap,"What is the combined percentage for Health and Beauty, and B",25%,"Health and Beauty is 15% and Books and Media is 10%, so combined they are **25%*",True,0.001324
area_chart_246,area_chart,Which industry category utilizes air transport the most?,Retail,"From the chart, **E-commerce** utilizes **air transport** the most.

Its air tra",False,0.00207
line_num_345,line_chart_num,By how much did the number of restaurants increase from 2011,500,"From the chart, restaurants increased from **1000 in 2011** to **1500 in 2013**.",True,0.003736
pie_419,pie_chart,How much larger is the amount invested in Stocks than in Rea,20%,"Stocks are 30% and Real Estate is 10%.

So, the amount invested in Stocks is **2",True,0.001756
247,treemap,What is the percentage difference in research funding betwee,3%,"Biology is **18%** and Physics is **15%**.

The difference is **3 percentage poi",True,0.001318
area_chart_46,area_chart,Which category had the highest number of YouTube posts?,User Engagement,The category with the highest number of **YouTube posts** is **Customer Service*,False,0.00275
line_58,line_chart,How many million users did Social Media C have in 2015?,1100,Social Media C had **1100 million users** in **2015**.,True,0.003348
line_num_172,line_chart_num,How many influenza cases were there in the month of April?,35,There were **35 influenza cases** in **April**.,True,0.002602
pie_481,pie_chart,What percentage of students are male?,42%,42% of the students are male.,True,0.001706
line_343,line_chart,Which country has the highest GDP according to the data?,USA,"According to the chart, the **USA** has the highest GDP.",True,0.003918
135,treemap,What percentage of students are enrolled in High School educ,30%,The percentage of students enrolled in **High School** education is **25%**.,False,0.00582
line_num_341,line_chart_num,How many more users did Twitter gain between 2015 and 2019?,460 million,"Twitter had **320 million** users in 2015 and **780 million** in 2019.

So, the ",True,0.002306
pie_307,pie_chart,What percentage of agricultural products does poultry and li,10%,"Poultry is 5% and livestock is 5%, so together they represent **10%** of agricul",True,0.002944
area_chart_21,area_chart,Which month had the highest production output?,May,"May had the highest production output, at 110 tons.",True,0.001684
63,treemap,Which environmental aspect has the smallest allocation of re,Eco-friendly Transport,The environmental aspect with the smallest allocation is **Eco-friendly Transpor,True,0.00116
line_370,line_chart,In which year did the number of family cases reach its lowes,2004,The number of **family cases** reached its lowest point in **2004**.,True,0.00152
area_chart_54,area_chart,In which region is the number of Hockey fans equal to the nu,Asia,The number of Hockey fans is equal to the number of Basketball fans in **Europe*,True,0.004394
line_num_57,line_chart_num,What is the cost in 2022?,4800 million dollars,The cost in **2022** is **4800**.,True,0.00257
pie_28,pie_chart,What percentage of resources is allocated to Labor in Manufa,35%,Labor is allocated **35%** of the resources in manufacturing production.,True,0.001812
area_chart_89,area_chart,Which product category had the lowest sales in the 4th Quart,Alcoholic Beverages,"In the 4th Quarter, **Frozen Foods** had the lowest sales.

Approximate Q4 sales",True,0.003432
line_56,line_chart,How much did the revenue increase from 2016 to 2017?,2 billion dollars,Revenue increased from **10 billion dollars in 2016** to **12 billion dollars in,True,0.002338
pie_490,pie_chart,What fraction of the market share does Digital have compared,3/4,"Digital has 30% and Television has 40%.

So the fraction of Digital compared to ",True,0.006722
area_chart_78,area_chart,How many users are there for the Influencers category across,670,"For the **Influencers** category, the users across all platforms are:

- **Faceb",True,0.002716
pie_53,pie_chart,What percentage of jobs does the Energy sector hold in the d,20%,The Energy sector holds 20% of the jobs in the distribution.,True,0.001814
line_175,line_chart,How many people attended the NBA All-Star Game in 2022?,16000,"The attendance for the **2022 NBA All-Star Game** was **16,000** people.",True,0.00164
line_num_41,line_chart_num,How many times more were Facebook users than Twitter users i,9 times more,"In 2014:

- Facebook users = **1800 million**
- Twitter users = **200 million**
",True,0.002496
line_num_462,line_chart_num,In which year Instagram's growth reached one fifth of Twitte,2014,"From the chart:

- **Twitter users** by year: 10, 50, 150, 200, 250  
  Growth e",True,0.005348
area_chart_179,area_chart,How many more vacation rentals were available in 2023 compar,200,"Vacation rentals increased from **400 in 2019** to **700 in 2023**.

So, there w",False,0.002166
line_119,line_chart,How many tourist visits were recorded in May?,100000,"In **May**, the number of **tourist visits** recorded was **100,000**.",True,0.002322
pie_200,pie_chart,What is the combined percentage of Processed Foods and Organ,35%,"Processed Foods are **20%** and Organic Foods are **15%**.

Combined: **35%**.",True,0.001788
line_num_297,line_chart_num,What is the difference in million dollars between the earnin,50.6,"In July:

- **Movie A** = **155.7 million dollars**
- **Movie B** = **105.1 mill",True,0.003374
line_329,line_chart,How many smartphones were sold in 2018?,2000,"In **2018**, **2,000 million** smartphones were sold — that is **2 billion**.",True,0.001028
area_chart_100,area_chart,In what year did the legislation passed reach 60%?,2018,The legislation passed reached **60% in 2018**.,True,0.002576
line_num_7,line_chart_num,How many more houses were sold in 2006 compared to 2001?,1000,"In 2006, **2000** houses were sold, and in 2001, **1000** houses were sold.

So,",True,0.002818
area_chart_23,area_chart,Which type of property had the highest increase in sales uni,Condo Sales,"From the chart:

- **Single Family Homes:** 800 → 600 = **-200**
- **Condos:** 5",False,0.003256
pie_69,pie_chart,What percentage of the total tax distribution is represented,10%,Corporate Tax represents **10%** of the total tax distribution.,True,0.001798
line_200,line_chart,What was the growth in billion dollars of retail sales from ,1000,Retail sales grew from **3000 billion dollars** in 2015 to **4000 billion dollar,True,0.001996
line_184,line_chart,What were the sales of Sales C in March?,1600,Sales C in March were **1600**.,True,0.001384
line_num_113,line_chart_num,What is the increase in attendance from 2020 to 2023 for Con,150 thousand people,"From the chart, **Concert A** attendance was:

- **2020:** 150 thousand
- **2023",True,0.002552
pie_467,pie_chart,What percentage of employees fall into the 56+ age group?,10%,The **56+ age group** makes up **10%** of employees.,True,0.001846
area_chart_86,area_chart,How many more Litigation cases does Law Firm A handle than L,50 cases,"From the chart, for **Litigation** cases:

- **Law Firm A**: 100 cases  
- **Law",True,0.002322
line_num_493,line_chart_num,What was the increase in sales of organic products from 2020,400 billion dollars,Organic product sales increased from **1100 billion dollars in 2020** to **1500 ,True,0.002536
line_333,line_chart,What was the increase in the average order value from Januar,$25,"From the chart, the **average order value** was:

- **January:** 50  
- **June:*",False,0.00212
pie_494,pie_chart,"What tax rate applies to income over 400,001 dollars?",39%,"Income over **$400,001** is taxed at **26.0%** according to the chart.",False,0.001582
area_chart_272,area_chart,Which quarter in 2020 had the highest profit?,Q4,"Q4 had the highest profit.

From the chart, profit by quarter appears to be:
- Q",True,0.00273
pie_279,pie_chart,What percentage of citizen engagement is attributed to atten,25%,"Attending town hall meetings is 15% and signing petitions is 10%, so combined th",True,0.003002
line_num_244,line_chart_num,In which year was the gap between the number of crimes and t,2022,"From the chart:

- 2020: Crimes 20,000, Convictions 10,000 → gap = 10,000
- 2021",True,0.00455
area_chart_101,area_chart,How many more students are there in Education compared to Co,30,"From the chart:

- **Education students:** 220  
- **Computer Science students:*",True,0.002302
line_424,line_chart,By how much did the GDP increase from 2003 to 2004?,$700 billion,"From the chart, GDP was about **800 billion dollars** in **2003** and **1500 bil",True,0.00245
pie_379,pie_chart,How much higher is the percentage of Single Detached Houses ,30%,"Single Detached Houses are **30 percentage points higher** than Townhouse.

- **",True,0.002304
line_num_226,line_chart_num,What is the average Test Score B for all the grades?,90,"Test Score B values are:

- 75
- 85
- 90
- 95
- 100
- 95

Average \(=\frac{75+85",True,0.003408
line_28,line_chart,In which year was the Production A exactly 130 million units,2013,Production A was exactly **130 million units in 2013**.,True,0.002002
area_chart_69,area_chart,In which month was the price difference between Single Famil,August,The greatest price difference between **Single Family Homes** and **Apartments**,True,0.002508
line_num_408,line_chart_num,Which country has the lowest GDP among the listed countries ,Italy and Canada,"The countries with the lowest GDP in 2020 are **Italy** and **Canada**, both at ",False,0.00333
area_chart_174,area_chart,How many inpatient visits were there in Q4 of 2017?,180,There were **180 inpatient visits** in **Q4 of 2017**.,True,0.001776
pie_497,pie_chart,What percentage is attributed to Oils & Fats in the global f,9%,Oils & Fats account for **9%** of global food production.,True,0.004964
line_347,line_chart,At what temperature does the substance have a viscosity of 1,35,The substance has a viscosity of **100 cP at 35°C**.,True,0.001578
pie_488,pie_chart,What percentage of the popularity does Sculpture represent?,20%,Sculpture represents **20%** of the popularity.,True,0.00114
area_chart_62,area_chart,Which state has the least number of condos?,Pennsylvania,"From the chart, **Pennsylvania** has the **least number of condos**, with about ",True,0.001894
line_94,line_chart,How many more smartphone users were there in 2019 compared t,500 million,"In 2019:

- Smartphone users = 2500 million
- Laptop users = 2000 million

Diffe",True,0.005398
line_num_90,line_chart_num,How much did the Average Spending Per Tourist increase from ,$200,"Average spending per tourist increased from **$1,000 in 2018** to **$1,200 in 20",True,0.00162
line_num_88,line_chart_num,In which year was the number of traffic cases closest to the,2001,"Compare criminal vs. traffic cases each year:

- 2001: 1000 vs. 800 → difference",True,0.00513
pie_499,pie_chart,What percentage of the distribution is made up by Computer S,25%,"Computer Science is 15% and Mathematics is 10%, so combined they make up **25%**",True,0.00295
line_num_446,line_chart_num,How many online orders were made in the month of June?,100,"In **June**, there were **100 online orders**.",True,0.001738
line_429,line_chart,How much was the increase in donations from 2010 to 2014?,2000 million dollars,"Donations increased from **$3 million in 2010** to **$5 million in 2014**.

So, ",True,0.002114
area_chart_12,area_chart,How many follow-up visits were made by female patients?,250,Female patients made **250 follow-up visits**.,True,0.001658
pie_389,pie_chart,What is the combined market share of the Metal and Machinery,35%,"From the chart, **Metal and Machinery = 20%** and **Aerospace = 10%**.

So, thei",False,0.00197
area_chart_231,area_chart,What is the difference between total retail sales and e-comm,10000,"For **Furniture and Home Decor**:

- **Total retail sales:** **$40,000**
- **E-c",True,0.002392
line_116,line_chart,What was the crop yield of Crop Yield D in 2022?,1400 tons,Crop Yield D in 2022 was **1200 tons**.,False,0.001774
line_num_48,line_chart_num,By how much did the number of international tourists increas,30 million,"From the chart, international tourists increased from **40 million in 2020** to ",True,0.00209
pie_487,pie_chart,What is the combined usage percentage of LinkedIn and Snapch,16%,"LinkedIn is **8.65%** and Snapchat is **6.73%**.

Combined usage:
**8.65% + 6.73",True,0.00238
area_chart_97,area_chart,How many more users are in Data Science compared to Artifici,110 users,"Summing the values across all categories:

- **Data Science** = 2,690  
- **Arti",True,0.002104
line_354,line_chart,What is the BMI of the person at age 25?,28.2,"From the graph, the BMI at age 25 is approximately **28.2**.",True,0.001604
pie_400,pie_chart,What percentage of the US population is uninsured in 2023?,5%,The chart shows that **5%** of the US population was **uninsured in 2023**.,True,0.00605
area_chart_142,area_chart,How many more employees were there in Sales than in R&D in 2,110 employees,"In 2021:

- Sales = 320 employees
- R&D = 210 employees

Difference: 320 - 210 =",True,0.00231
line_num_68,line_chart_num,By how many millions did the number of visitors increase fro,1 million,"From the chart, visitors were:

- **February:** 21 million  
- **March:** 22 mil",True,0.00295
line_423,line_chart,How much does the average weight of the age group 50-59 diff,50 lbs,"From the chart:

- Average weight for **30–39** = **175 lbs**
- Average weight f",True,0.003618
area_chart_39,area_chart,Which organization received the highest amount of donations ,Feeding America,"According to the chart, **Feeding America** received the highest amount of donat",True,0.00187
pie_495,pie_chart,How much more popular is Facebook compared to Twitter accord,25%,"According to the chart, Facebook has **35%** popularity and Twitter has **10%**.",True,0.003188
line_num_143,line_chart_num,How much more electricity was consumed than solar energy gen,1580 kWh,"In **May**:

- **Electricity consumed** = **1700 kWh**
- **Solar energy generate",True,0.002846
line_400,line_chart,How many more tourists visited Canada compared to Brazil in ,2000000,"Canada had **2,000,000 more tourists** than Brazil in 2021.

Calculation:
- **Ca",True,0.004016
line_num_290,line_chart_num,What is the increase in sales of Beverage C from 2017 to 202,$400 million,Beverage C increased from **800 million dollars** in 2017 to **1200 million doll,True,0.002952
area_chart_28,area_chart,Which law category has the least number of cases resolved?,Immigration Law,"The law category with the least number of cases resolved is Immigration Law, wit",True,0.002686
pie_384,pie_chart,By how much does the percentage of Nuclear exceed that of Oi,20%,"From the chart:

- Nuclear = 25%
- Oil = 5%

Difference: 25% − 5% = 20%

So, Nuc",True,0.00189
line_441,line_chart,What is the total popularity score of Art C over the 5-year ,332,"Art C’s popularity scores from 2011 to 2015 are:

- 2011: 70
- 2012: 65
- 2013: ",True,0.002468
line_367,line_chart,In which year did the violent crime rate see its lowest valu,2002,The violent crime rate was lowest in **2002**.,True,0.002202
area_chart_45,area_chart,How many points did the graduate students score in Science?,30,Graduate students scored **30 points** in **Science**.,True,0.001646
pie_417,pie_chart,What percentage of popularity does Expressionism hold in 202,20%,Expressionism holds 20% popularity in 2023.,True,0.001782
line_num_22,line_chart_num,Which charity received the highest total donations over the ,Charity D,"Totals over 2019–2022:

- **Charity A:** 50 + 60 + 70 + 80 = **260**
- **Charity",True,0.005324
pie_21,pie_chart,What percentage of charitable donations is allocated to Heal,15%,Health and Wellness is allocated **15%** of charitable donations.,True,0.002752
area_chart_126,area_chart,Which region had the lowest number of single-family homes so,Michigan,The region with the lowest number of single-family homes sold is **Illinois**.,False,0.001848
line_num_264,line_chart_num,How many Domestic Tourists visited in 2021?,160,"In **2021**, **160 domestic tourists** visited.",True,0.001736
line_41,line_chart,How much did data usage increase from 2020 to 2023?,16 terabytes,"From the chart, **data usage** was:

- **2020:** 4 terabytes  
- **2023:** 20 te",True,0.003402
pie_292,pie_chart,What percentage of tourism does Adventure Tourism represent?,25%,Adventure Tourism represents **25%** of tourism in the chart.,True,0.00245
area_chart_205,area_chart,In which year was the number of employees under performance ,2019 and 2020,The number of employees under performance management was highest in 2020.,True,0.00214
line_num_97,line_chart_num,How many companies were there in 2001?,1000,"In **2001**, there were **1000 companies**.",True,0.00175
line_171,line_chart,In which year was the grain production the highest among the,2010,"The grain production was highest in **2010 and 2013**, with **70,000 tons** in b",True,0.0041
area_chart_9,area_chart,What was the Vacation Rental Occupancy Rate in April?,70%,The Vacation Rental Occupancy Rate in April was 68%.,True,0.002558
line_490,line_chart,What is the duration of the experiment in 2023?,75,The experiment duration in **2023** is **75 minutes**.,True,0.002592
line_num_467,line_chart_num,What was the difference between the average house price and ,160 thousand dollars,"In 2002:

- Average house price = **550**
- Average condominium price = **390**
",True,0.00353
pie_2,pie_chart,"How much more do ""Individuals"" contribute than ""Government G",55%,"Individuals contribute **55 percentage points more** than Government Grants.

- ",True,0.003068
line_num_329,line_chart_num,How much was the Event Sponsorship in 2004?,3 million dollars,Event Sponsorship in **2004** was **3 million dollars**.,True,0.001468
pie_275,pie_chart,Which category has the same percentage as Secondary Educatio,Higher Education,Higher Education has the same percentage as Secondary Education: 25%.,True,0.00231
area_chart_37,area_chart,In which month did airline bookings reach the highest units ,July,Airline bookings reached their highest level in **July** at **260 units**.,True,0.00178
line_num_489,line_chart_num,How much nighttime traffic was there at 01:00?,350,"At **01:00**, the **nighttime traffic** was **350 vehicles**.",True,0.001488
line_48,line_chart,By how much did carbon emissions decrease from 2010 to 2015?,1200 kg/year,"Carbon emissions decreased from **5000** in 2010 to **3800** in 2015.

So, the d",True,0.002918
area_chart_55,area_chart,In which year did concerts see the highest number of attende,2019,Concerts had the highest attendance in **2019**.,True,0.001776
pie_297,pie_chart,What is the percentage of Hydroelectric and Natural Gas ener,30%,"Hydroelectric is **20%** and Natural Gas is **10%**.

Combined: **30%**.",True,0.002934
line_391,line_chart,By how much did the fruit yield increase from 2020 to 2023?,400 metric tonnes,"The fruit yield increased by **400 metric tonnes** from 2020 to 2023.

- **2020:",True,0.002468
pie_163,pie_chart,Which sector accounts for the smallest percentage in the Eco,Mining,"The **Mining** sector accounts for the smallest percentage, at **5%**.",True,0.001518
line_num_75,line_chart_num,How many million more Facebook users were there in June comp,1.0 million,"From the chart, Facebook users were:

- January: 2.5 million
- June: 3.0 million",False,0.002224
pie_130,pie_chart,What is the percentage of Machinery products in the distribu,20%,Machinery products make up **20%** of the distribution.,True,0.001434
area_chart_35,area_chart,How many more medical tests were conducted for patients with,300,"From the chart:

- **Medical Tests for Patients with Chronic Conditions** = **40",True,0.003992
line_126,line_chart,By how much did the median price of houses increase from 200,"$160,000","From the chart, the median house price was **$200,000** in **2001** and **$350,0",True,0.006584
area_chart_3,area_chart,How many Middle Management employees were there in 2020?,210,There were **210 Middle Management employees** in **2020**.,True,0.001634
line_284,line_chart,What was the Government Spending in 2004?,1500 billion dollars,Government spending in **2004** was **1500 billion dollars**.,True,0.001782
pie_330,pie_chart,What is the combined percentage of Vocational and Post-secon,12%,"Vocational is 6% and Post-secondary is 6%, so combined they are **12%**.",True,0.00131
line_num_129,line_chart_num,How much did the social media users for Platform A increase ,600 million,Platform A increased from **1000 million** users in January to **1600 million** ,True,0.00264
line_num_229,line_chart_num,Which crop had the largest production increase from 2001 to ,Soybean,"From the chart, the production changes from **2001 to 2002** are:

- **Wheat:** ",True,0.003522
area_chart_68,area_chart,What is the difference between the retail sales and e-commer,$2000,"For **Electronics**:

- **Retail Sales** = **6000**
- **E-commerce Sales** = **4",True,0.002934
area_chart_164,area_chart,How much is the Food and Beverage Expenses of the Grocery St,80 thousand,The **Food and Beverage Expenses** for the **Grocery Store** are **80 thousand**,True,0.00269
line_415,line_chart,What was the increase in average hours per day spent on soci,1.7 hours,"From the chart, average hours per day spent on social media were:

- 2015: 2.5 h",True,0.002172
line_454,line_chart,How many houses were sold in 2011?,4000,"In **2011**, **4,000 houses** were sold.",True,0.00204
line_num_440,line_chart_num,How much did the viewership increase from 2020 to 2024?,400 million people,"From the chart, viewership was:

- **2020:** 200
- **2024:** 600

So the increas",True,0.003648
pie_395,pie_chart,What crop category has the highest percentage in the global ,Cereals,"The crop category with the highest percentage is **Cereals**, at **25.5%**.",True,0.002346
pie_59,pie_chart,By how much does the percentage of Leisure Tourism exceed th,25%,"Leisure Tourism is 40% and Education Tourism is 15%.

So, the percentage by whic",True,0.001632
line_197,line_chart,How much did the average price increase from 2003 to 2004?,"$30,000","From the chart, the average price was about **250** in 2003 and **280** in 2004.",False,0.002816
line_num_250,line_chart_num,How many tourists visited South America in 2021?,800,South America had **800** tourists in 2021.,True,0.001736
pie_240,pie_chart,Which investment type has the smallest percentage in the por,ETFs and Money Market Funds are tied for the smallest percentage,"The smallest percentage is shared by **ETFs** and **Money Market Funds**, each a",False,0.001614
area_chart_15,area_chart,Which type of housing unit shows the highest increase in uni,Single Family Homes (Units),"From **January to May**:

- **Single Family Homes:** 300 → 305 = **+5**
- **Mult",False,0.003092
line_num_248,line_chart_num,What is the total number of average flight delays (in minute,9,"For the first quarter, add the delays for January, February, and March:

- Janua",False,0.002422
line_173,line_chart,What was the Employee Retention Rate in March?,95.4%,The Employee Retention Rate in March was **95%**.,True,0.002298
area_chart_104,area_chart,How many more trucks does South America have compared to Afr,100,"From the chart:

- **South America trucks:** 300  
- **Africa trucks:** 200  

S",True,0.002928
pie_194,pie_chart,What percentage of the manufacturing industries is made up b,20%,The **Electronics** sector makes up **20%** of the manufacturing industries show,True,0.001928
line_393,line_chart,How many hours into the experiment does the temperature reac,8 hours,The temperature reaches **40 degrees at 8 hours** into the experiment.,True,0.001472
area_chart_53,area_chart,How much is the Revenue from Food & Beverage?,100000,"The **Revenue from Food & Beverage** is **$100,000**.",True,0.00262
line_num_50,line_chart_num,In which year was the average price of meat the highest?,2020,"The average price of **meat was highest in 2020**, at **$4.5**.",True,0.001898
line_num_123,line_chart_num,What was the increase in Fossil Fuel Consumption from 2003 t,1000 billion kW/h,"From the chart, Fossil Fuel Consumption was:

- 10,000 billion kW/h in 2003
- 11",True,0.003188
line_229,line_chart,How much electricity was consumed in the month of June?,450 kWh,"In **June**, the electricity consumption was **450 kWh**.",True,0.00259
pie_96,pie_chart,What is the percentage of Hydro energy used in the USA?,15%,Hydro energy used in the USA is **15%** according to the chart.,True,0.001088
pie_47,pie_chart,What percentage of the energy sources is contributed by Coal,20%,"Coal is **10%** and Oil is **10%**.

Combined contribution:
**10% + 10% = 20%**
",True,0.002408
area_chart_118,area_chart,Which category has the highest revenue across all five areas,Fast Food,The category with the highest total revenue across all five areas combined is **,True,0.003008
line_425,line_chart,In which year was the donation amount exactly 30 million dol,2003,The donation amount was exactly **30 million dollars in 2003**.,True,0.00261
area_chart_24,area_chart,Which category has the highest number of users in Cybersecur,Education,"From the chart, the highest number of users in **Cybersecurity** is in **Automot",False,0.0028
line_num_124,line_chart_num,By how much did the percentage of e-commerce increase from 2,55%,"From the chart, e-commerce was **15%** in **2005** and **70%** in **2020**.

So ",True,0.005408
pie_133,pie_chart,What is the combined percentage of Television and Film and O,20%,"Television and Film is 15% and Other is 5%, so combined they make 20%.",True,0.002114
line_num_453,line_chart_num,How much did the enrollment rate increase from 2005 to 2009?,8%,"The enrollment rate increased from **90% in 2005** to **98% in 2009**.

**Increa",True,0.002656
line_num_53,line_chart_num,In which month did online sales reach 50 million dollars?,July,Online sales reached **50 million dollars in July**.,True,0.001722
area_chart_65,area_chart,Which country has the least number of airport arrivals accor,Russia,"According to the chart, **Japan** has the **least number of airport arrivals**.
",False,0.002208
pie_283,pie_chart,What percentage of the Gender Distribution is Non-Binary in ,10%,The chart shows **Non-Binary = 10%**.,True,0.002588
area_chart_41,area_chart,Which industry has the highest Energy Usage percentage?,Real Estate,"The industry with the highest **Energy Usage** percentage is **Real Estate**, at",True,0.002698
line_379,line_chart,By how much did the number of crimes reported increase from ,500,"From the chart, crimes reported were:

- **2001:** 2000  
- **2003:** 2500  

In",True,0.003134
line_297,line_chart,How many more books were published in 2003 than in 2001?,50,"From the chart, books published were:

- **2001:** 200
- **2003:** 250

So, **25",True,0.002434
line_num_272,line_chart_num,Which month experienced the highest Pollution Index?,September,"September experienced the highest Pollution Index, with a value of 70.",True,0.003574
box_182,box,What is the median yield value for soybean according to the ,140,The median yield for **soybean** is **140 kg**.,True,0.002002
bubble_67,bubble,What is the Carbon Footprint for the Recycling Program?,5000 Metric Tons,"The **Carbon Footprint for the Recycling Program** is **5,000 metric tons**.",True,0.00267
pie_404,pie_chart,Which region has the smallest share of global tourism accord,Oceania,"According to the chart, **Oceania** has the smallest share of global tourism at ",True,0.00196
box_64,box,"What is the median user time, in hours, spent on LinkedIn ac",1.5 hours,The median user time for LinkedIn is 1.5 hours.,True,0.001784
bubble_53,bubble,What was the Production Volume in April?,74,"The chart shows **crop production volumes**, not monthly data. There is **no Apr",False,0.002178
bubble_92,bubble,Which law firm has the highest client satisfaction score?,Kirkland & Ellis,"From the chart’s color scale for client satisfaction, **Kirkland & Ellis** has t",True,0.001524
box_127,box,Which art genre has the highest median audience attendance?,Dance,"From the boxplot, **Dance** has the highest median audience attendance, at about",True,0.006028
bubble_185,bubble,What is the Global Reach in Millions for Film?,1500,The Global Reach for **Film** is **1500 million**.,True,0.002228
box_206,box,How many outliers does Hotel Delta have?,3,Hotel Delta has **3 outliers**.,True,0.001684
box_74,box,What is the median delivery time for transport by Road?,15,The median delivery time for **Road** transport is **15 hours**.,True,0.001784
bubble_212,bubble,What is the cargo capacity of a ship according to the given ,20000 Tonnes,"According to the chart, the **ship's cargo capacity is 20,000 tonnes**.",True,0.003314
box_231,box,Which investment type had the median return of 22?,Options,The investment type with a median return of **22%** is **Options**.,True,0.001498
box_253,box,What is the median ticket price for the Soccer League?,85,The median ticket price for the **Soccer League** is **$85**.,True,0.002638
bubble_119,bubble,Which city has the least number of properties sold?,Hong Kong,"The city with the least number of properties sold is **Hong Kong**, with **8 tho",True,0.003076
bubble_64,bubble,What was the Production Volume in April?,74,"The chart shown is about manufacturing industries, not monthly data, so **April ",False,0.004048
box_156,box,What is the median daily post number for Network D?,115,The median daily post number for Network D is 115.,True,0.001418
bubble_284,bubble,Which crime has the highest Law Enforcement (Score)?,Assault,Assault has the highest Law Enforcement score: 9.,True,0.001416
box_88,box,Which hotel brand has the highest minimum check-in time?,Mountain Retreat,"From the boxplot, **Mountain Retreat** has the **highest minimum check-in time**",True,0.002824
bubble_285,bubble,How many faculties are there at Stanford?,349,Stanford has **349 faculty members** according to the chart.,True,0.002208
bubble_202,bubble,How many average patent applications do aerospace engineers ,4,Aerospace engineers have an average of **4 patent applications**.,True,0.002228
box_264,box,What are the outliers for Sea Freight?,"8, 30","For **Sea Freight**, the outliers are:

- **8 days** (low outlier)
- **30 days**",True,0.002276
bubble_161,bubble,Which category has the highest customer ratings average scor,Home and Kitchen,"The category with the highest average customer rating is **Home and Kitchen**, w",True,0.001926
box_154,box,How many outliers are there in the user count distribution f,2,"Facebook has 2 outliers in the box plot.

They are the two points above the uppe",True,0.003588
box_118,box,What is the median sales value for Beauty & Health?,90,The median sales value for **Beauty & Health** is **90 thousand**.,True,0.0018
bubble_20,bubble,How much higher is the price of the Painting compared to the,$3 million,"From the chart:

- **Painting price** = **$5 million**
- **Photograph price** = ",False,0.004372
box_261,box,What is the median ping time for Provider D?,35,The median ping time for **Provider D** is **35 ms**.,True,0.001782
bubble_44,bubble,What is the revenue in billions of dollars generated by Bask,25,Basketball generates **25 billion dollars** in revenue.,True,0.00272
box_211,box,Which field of engineering has the smallest interquartile ra,Structural Engineering,"From the boxplot, the **interquartile range (IQR = Q3 − Q1)** is smallest for **",False,0.002604
bubble_30,bubble,What is the difference between the Financial Return Score of,10 points,"From the chart, the **Financial Return Score** is:

- **Music:** 50  
- **Theate",True,0.003364
bubble_36,bubble,How much revenue is generated from soccer?,60 billion $,Soccer generates **$60 billion** in revenue.,True,0.003864
box_257,box,Which law specialty has the highest median salary?,Constitutional Law,"From the box plot, **Constitutional Law** has the **highest median salary**, at ",True,0.002202
bubble_37,bubble,Which network technology has the highest cost?,5G,"The network technology with the highest cost is **5G**, at **$300**.",True,0.002288
box_153,box,Which policy area had the highest maximum debate time withou,National Security,"Without considering outliers, **National Security** had the highest maximum deba",True,0.002076
bubble_14,bubble,Which region has the lowest education level score?,Australia,"Australia has the lowest education level score, with a score of 45.",True,0.002242
bubble_17,bubble,Which company has the lowest debt among those listed?,Microsoft,"Among the listed companies, **Microsoft** has the **lowest debt**, at **$10 bill",True,0.003338
box_200,box,Which Charity has the highest median donation amount?,Charity C,"From the boxplot, **Charity B** has the highest median donation amount.

- **Cha",True,0.003186
bubble_49,bubble,Which type of investment requires the highest initial capita,Real Estate,"Real Estate requires the highest initial capital, at **$1000 million**.",True,0.003948
box_167,box,What is the median house price in Miami?,320,"The median house price in **Miami** is **$320,000** (shown as **320** in thousan",True,0.001742
bubble_6,bubble,How much revenue is collected from Property Tax?,1500 Billion $,"Property Tax collects **$1,500 billion** in revenue.",True,0.003208
box_225,box,How many outliers are there in the Health department's fundi,2,There are **2 outliers** in the **Health** department's funding data.,True,0.001822
box_164,box,Which energy source has the lowest median energy output?,Solar,"From the boxplot, **Nuclear** has the **lowest median energy output**.

Approxim",True,0.002726
bubble_39,bubble,What is the legality score for Intellectual Property Law?,90,The legality score for Intellectual Property Law is 80.,False,0.004036
box_240,box,What is the median annual rainfall in Canada?,45,The median annual rainfall in **Canada** is **45 inches**.,True,0.005898
bubble_4,bubble,What is the total number of users (in millions) for Twitter ,0.9 million,"Twitter has 0.5 billion users and Reddit has 0.4 billion users.

Combined total:",True,0.004458
box_114,box,What is the Median sales value for the Home and Kitchen cate,9.3,The median sales value for the **Home and Kitchen** category is approximately **,True,0.002174
box_198,box,What is the range of the decision time for the Social Servic,85,"For the **Social Services Department**, excluding outliers, the decision time ra",False,0.002644
bubble_41,bubble,How much is the User Growth for Instagram?,1.2 million,Instagram’s **User Growth** is **1.2 million**.,True,0.002586
bubble_1,bubble,How much higher is the energy output of nuclear plants compa,1300 Megawatts,"From the chart:

- **Nuclear:** 1800 MW
- **Natural Gas:** 500 MW

So the differ",True,0.002272
box_297,box,How many outliers are present in the CO2 emission data for U,2,"There are **2 outliers** in the **USA** CO2 emission data.

They are the points ",True,0.00224
bubble_11,bubble,Which crop uses less land per million tonnes produced: soybe,Soybeans,"Tomatoes use less land per million tonnes produced.

From the chart:
- Soybeans:",True,0.003702
box_236,box,What is the range of the third quartile delivery times acros,40 hours,"From the boxplot, the third quartile values \(Q3\) are approximately:

- **Cargo",True,0.003124
box_63,box,What is the median event duration for the Painting Exhibitio,1.5,The median event duration for the Painting Exhibition genre is 1.5 hours.,True,0.002624
box_266,box,What is the median transit time for Company C?,11,The median transit time for Company C is 11 days.,True,0.001734
bubble_47,bubble,How many more hours per week is the engagement in music comp,5 hours,"Music engagement is **9 hours/week** and dance engagement is **4 hours/week**.

",True,0.002558
bubble_9,bubble,What is the Satisfaction Score for the South Pacific destina,5,The Satisfaction Score for the South Pacific destination is 5.,True,0.002558
bubble_5,bubble,How many thousands of Engineering Graduates are there in the,2.4,The field of **Artificial Intelligence** has **2.4 thousand engineering graduate,True,0.002648
box_112,box,Which sport category has the highest median score?,Basketball,"From the boxplot, **Basketball** has the highest median score.

- **Basketball m",True,0.003658
bubble_43,bubble,How much is the Broadcast Audience for the NBA Finals?,120 million,The **Broadcast Audience for the NBA Finals is 150 million**.,False,0.003228
box_145,box,What is the median voter turnout rate for State E?,65,The median voter turnout rate for **State E** is **65%**.,True,0.00203
bubble_13,bubble,What is the Environmental Impact score of Wind power plants?,500,The Environmental Impact score of **Wind** power plants is **500**.,True,0.003934
bubble_7,bubble,Which property type has the greatest area?,Vacation Homes,"Vacation Homes have the greatest area, at 4.0 million square meters.",True,0.002256
box_123,box,Which public sector has an outlier at the lower end of its b,Infrastructure,"The public sector with an outlier at the lower end is **Infrastructure**.

It ha",True,0.001568
box_184,box,What is the median profit of the Retail sector?,55,The median profit for the Retail sector is 55 million USD.,True,0.0039
box_87,box,What is the Median research funding value for Sociology?,2.3,The median research funding value for Sociology is approximately 2.3 million.,True,0.002604
bubble_33,bubble,Which topic has the highest popularity score?,Psychology,"The topic with the highest popularity score is **Psychology**, with a popularity",True,0.004024
bubble_38,bubble,Which destination has the highest average spending?,Japan,"The destination with the highest average spending is **Japan**, at **$4,000** pe",True,0.002738
box_97,box,What is the median sales value for the Apparel category?,105,The median sales value for the **Apparel** category is **105 thousand**.,True,0.002278
box_170,box,What is the Q3 value for Casual Dining?,25,"For **Casual Dining**, the **Q3 (third quartile)** is **25 USD**.",True,0.00156
bubble_26,bubble,How many enrollment numbers are reported for Junior students,850,The enrollment number reported for Junior students is 300.,False,0.004874
bubble_21,bubble,What is the total number of cases filed for Immigration and ,0.4 million,"Immigration cases filed = 0.3 million  
Taxation cases filed = 0.6 million  

To",False,0.00251
box_229,box,What is the range of costs for Project C not considering out,"$19,000","For **Project C**, ignoring outliers, the costs range from the **lower whisker t",False,0.002092
bubble_27,bubble,How many more months does it take to develop nanotechnology ,36 months,Nanotechnology takes **36 more months** to develop than energy storage technolog,True,0.004458
bubble_12,bubble,What is the Retention (Score) for the Manufacturing departme,90,The **Retention (Score)** for the **Manufacturing** department is **90**.,True,0.002298
box_130,box,Which Humanities subject has the greatest number of outliers,Linguistics,"From the boxplot, **all five Humanities subjects have the same number of outlier",True,0.003106
box_138,box,What is the Median GPA value for a Junior College?,3.3,The median GPA for **Junior College** is **3.3**.,True,0.001784
box_169,box,What is the maximum value for Cotton's yield distribution wi,8.0,"For **Cotton**, the **maximum value without considering outliers** is the **uppe",True,0.002998
bubble_34,bubble,What is the 'Attitudes to Education (Score)' for Non-Binary ,7,The **Attitudes to Education (Score)** for **Non-Binary** individuals is **7**.,True,0.004042
box_234,box,What is the range of production time for Appliances without ,285,"For **Appliances**, excluding outliers, the production time ranges from about **",True,0.002318
box_245,box,What is the median shelf life of Apples according to the dat,35 days,The median shelf life of Apples is 35 days.,True,0.005858
bubble_8,bubble,Which platform has the highest engagement score?,Facebook,Facebook has the highest engagement score: 10.,True,0.00096
bubble_45,bubble,What is the appeal rate for cases in the County Court?,15%,The appeal rate for cases in the **County Court** is **15%**.,True,0.002816
box_212,box,What is the median donation amount for Organization D?,$160,The median donation amount for **Organization D** is **$160**.,True,0.002012
bubble_23,bubble,What is the Environmental Impact score for the Education pol,600,The Environmental Impact score for the Education policy is 55.,False,0.001736
box_199,box,What are the outliers for Automobiles production time?,"1, 45","For **Automobiles**, the outliers are the points outside the whiskers:

- **1 ho",True,0.00135
bubble_29,bubble,Which tax type has the highest revenue collected?,Income Tax,"The tax type with the highest revenue collected is **Income Tax**, at **$750 bil",True,0.002682
bubble_10,bubble,Which technology has the lowest Cost and Time?,Automation,"From the chart:

- **Lowest Cost:** **Automation** at **$12 million**
- **Lowest",True,0.004906
box_249,box,What is the median user distribution number for Facebook?,12,"From the box plot, the **median user distribution for Facebook is 12**.",True,0.002836
bubble_50,bubble,How much energy does the Solar Farm project use?,25 Megawatts,The Solar Farm project uses **25 megawatts** of energy.,True,0.001766
box_149,box,Which art genre shows the highest median creation time?,Film,"From the boxplot, **Film** shows the **highest median creation time**, at about ",True,0.006076
box_60,box,What is the range of house prices in Los Angeles excluding o,"$260,000","From the boxplot, for **Los Angeles**, excluding outliers means using the **whis",False,0.002862
bubble_22,bubble,What is the Efficiency score for Air mode of transportation?,10,The Efficiency score for Air transportation is 10.,True,0.000966
box_62,box,How many outliers are there in the creation time distributio,3,"There are **3 outliers** in the **Expressionism** creation time distribution.

T",True,0.002096
bubble_3,bubble,Which restaurant type has the highest employee satisfaction ,Fine Dining,The restaurant type with the highest employee satisfaction score is **Fine Dinin,True,0.001156
bubble_48,bubble,Which crop has the highest production volume according to th,Corn,"According to the chart, **Corn** has the highest production volume, at about **1",True,0.00408
box_132,box,What is the median donation amount for Organization A?,500,The median donation amount for **Organization A** is **$500**.,True,0.002012
bubble_31,bubble,Which company has invested the most in 2023?,Microsoft,"From the chart, **Microsoft** has invested the most in 2023, with an investment ",True,0.001642
bubble_42,bubble,In which category is the average spend per customer the high,Electronics,"The highest average spend per customer is in **Electronics**, at **$200**.",True,0.003984
box_66,box,What is the median wait time for Therapy procedures?,20,The median wait time for **Therapy** procedures is **20 days**.,True,0.001798
box_218,box,Which company has the highest median energy consumption?,Company B,"From the boxplot, **Company B** has the **highest median energy consumption**.

",True,0.006842
box_189,box,Which sport has the highest maximum event duration without c,Soccer,"Ignoring outliers, **Soccer** has the highest maximum event duration.

- Its upp",True,0.003002
box_161,box,What is the Median price for Retailer E in 2021?,55,The median price for **Retailer E** in **2021** is **55 USD**.,True,0.003052
bubble_16,bubble,How many more millions of visitors did Europe have compared ,10 million,"Europe had **10 million** more visitors than Asia.

- **Europe:** 180 million
- ",True,0.004338
bubble_18,bubble,How much does the treatment of Liver Disease cost compared t,$1000 less,"From the chart:

- **Liver Disease treatment cost:** **$30,000**
- **Stroke trea",False,0.002778
box_101,box,Which subject has the median score of 70?,Mathematics,"From the boxplot, the subjects with a median score of **70** are:

- **Mathemati",True,0.00286
box_223,box,How much higher is the Q3 value compared to the Q1 value for,50,"For the **Department of Defense**, the box shows:

- **Q1 = 60 million USD**
- *",True,0.003392
bubble_40,bubble,What is the difference in average house prices between Downt,"$50,000","From the chart:

- **Downtown average house price:** **$450,000**
- **Suburbs av",True,0.004676
bubble_2,bubble,What is the difference in satisfaction scores between Asia a,0.8,"Asia’s satisfaction score is **7.2** and North America’s is **8.0**.

**Differen",True,0.001726
box_98,box,What is the range of the third quartile (Q3) across all subj,75 to 80,"From the boxplot, the third quartile \(Q3\) values are approximately:

- Mathema",True,0.003658
bubble_19,bubble,Which project has the least number of scientists working on ,Autonomous Vehicle,"The project with the least number of scientists is **Vaccine Development**, with",False,0.001128
box_75,box,How many outliers are there in the Online Shopping activity?,Three,"There are **3 outliers** in **Online Shopping**.

They are the red points above ",False,0.002202
bubble_24,bubble,How much revenue does Basketball generate in billions of dol,70,Basketball generates **70 billion dollars** in revenue.,True,0.00387
bubble_15,bubble,What percentage of renewable resources does India use?,30%,India uses **30%** renewable resources according to the chart.,True,0.00257
bubble_32,bubble,Which health issue has the highest mortality rate according ,Cardiovascular Disease,"According to the data, **Cardiovascular Disease** has the highest mortality rate",True,0.00336
box_56,box,Which power plant has the highest median electricity product,Nuclear,"From the boxplot, **Nuclear** has the highest median electricity production.

Ap",True,0.002774
bubble_28,bubble,Which restaurant type has the highest sustainability score?,Home Delivery,"The restaurant type with the highest sustainability score is **Home Delivery**, ",True,0.002338
bubble_46,bubble,What is the total number of employees (in thousands) for XYZ,65,"From the chart legend:

- XYZ Corp. = 30 thousand employees
- RST Co. = 35 thous",True,0.003124
bubble_35,bubble,Which sector has the highest Environmental Impact score?,Energy Production,The **Energy Production** sector has the highest Environmental Impact score.,True,0.001748
candlestick_232,candlestick,What was the High Price on 2021-02-16?,$84.5,The **High Price on 2021-02-16** was **84.5**.,True,0.002692
bubble_25,bubble,What is the score for Victim Impact in the case of Assault?,95,The Victim Impact score for **Assault** is **95**.,True,0.004946
candlestick_204,candlestick,On which date was the opening price exactly $60?,2021-06-15,"The opening price was exactly **$60 on June 15, 2021**.",True,0.002654
candlestick_212,candlestick,"During the week of 2021-03-08, what was the range between th",$65,"For the week of **2021-03-08**, the government bond had:

- **Highest price:** 1",True,0.002306
candlestick_125,candlestick,How much did the closing price on 2020-03-01 exceed the open,$200,"On **2020-03-01 (Mar 2020)**:

- **Opening price:** \$11,300  
- **Closing price",True,0.002042
candlestick_226,candlestick,What was the Closing Price ($) of oil on 2022-08-03?,67.6,The closing price of oil on 2022-08-03 was $67.5.,True,0.001544
candlestick_247,candlestick,What was the lowest Low Price recorded in the given data?,42,The lowest **Low Price** recorded was **42.0**.,True,0.001812
candlestick_162,candlestick,What was the high price of the stock on 2022-01-24?,1330,The high price on 2022-01-24 was 1330.,True,0.001314
candlestick_265,candlestick,What was the Low Price on the day when the High Price reache,$51.8,"The High Price peaked on **May 7, 2019** at about **$55.8**.

The **Low Price** ",True,0.001688
candlestick_73,candlestick,What was the highest price reached in the housing market dur,250000,"In April 2021, the highest housing market price reached was **$250,000**.",True,0.00197
candlestick_107,candlestick,What was the High Price on 2020-07-06?,$108.2,The **High Price on 2020-07-06** was **108.2**.,True,0.001966
candlestick_189,candlestick,What was the range of the high price during the first two da,78 to 84,"The high prices for the first two days were:

- **May 6:** 78  
- **May 7:** 84 ",True,0.003172
candlestick_108,candlestick,What was the range of the high price of fine arts in March 2,$3450,"In March 2021, the **high price** of fine arts was about **3450**.

If by “range",True,0.002404
candlestick_239,candlestick,What was the High Price on 2019-05-07?,57.1,The High Price on 2019-05-07 was **57.0**.,True,0.00134
candlestick_274,candlestick,On which date did the closing price first exceed the opening,2021-02-05,The first date where the **closing price exceeded the opening price by more than,True,0.003318
candlestick_94,candlestick,What is the highest closing price in the given dataset?,230,The highest closing price in the dataset is **230**.,True,0.001832
candlestick_59,candlestick,What was the Low Price on the date when the High Price was a,560,"The maximum **High Price** in 2020 was **600**, which occurred in **December**.
",True,0.002204
candlestick_150,candlestick,What is the closing price on the date with the lowest openin,220,"The lowest opening price is on **2021-01-01** at **200**, and the **closing pric",True,0.00207
candlestick_197,candlestick,What was the highest closing price of the stock during the p,$119,The highest closing price during the dates shown was **119** on **Feb 10**.,True,0.001536
candlestick_61,candlestick,What was the high price on 2021-04-19?,50.5,The high price on **2021-04-19** was **50.5**.,True,0.00195
candlestick_278,candlestick,What was the Low Price in May 2020?,"$53,000","The **Low Price in May 2020** was **$53,000**.",True,0.001514
candlestick_279,candlestick,What was the difference between the High Price and the Low P,$600,"In April 2020:

- **High Price** = **16,200**
- **Low Price** = **15,600**

**Di",True,0.002088
candlestick_121,candlestick,What was the range between the High Price ($) and Low Price ,$5.7,"On **2019-09-02**, the **High Price** was **112** and the **Low Price** was **10",False,0.002052
candlestick_71,candlestick,What is the Closing Price on the day with the highest High P,$1400,"The highest **High Price** is **1450**, which occurs on **Jan 29**.

The **Closi",True,0.002198
candlestick_82,candlestick,How much did the Closing Price increase from 2019-05-04 to 2,$0.5,"From the chart:

- Closing Price on **2019-05-04** ≈ **52.2**
- Closing Price on",False,0.002834
candlestick_241,candlestick,On what date did the stock have the highest closing price in,2022-09-16,"The highest closing price in September 2022 was on **September 15, 2022**, with ",True,0.002036
candlestick_138,candlestick,What was the high price of the stock on 2021-02-22?,132,The high price on **2021-02-22** was **132**.,True,0.00151
candlestick_177,candlestick,What was the Low Price ($) on the week of 2022-02-21?,$162,The low price on the week of **2022-02-21** was **$162**.,True,0.001578
candlestick_168,candlestick,What was the high price of the stock on 2022-03-21?,142,The high price on **2022-03-21** was **141**.,True,0.00151
candlestick_136,candlestick,What was the high price on 2021-08-16?,$138,The high price on 2021-08-16 was **$138**.,True,0.001504
candlestick_260,candlestick,On which date was the highest price recorded among the given,2020-10-10,"The highest price shown on the chart was recorded on **October 10, 2020** and **",True,0.001942
candlestick_102,candlestick,What is the difference between the highest and the lowest pr,6500,"For **August 2019**, the **highest price** is **81,500** and the **lowest price*",True,0.002612
candlestick_220,candlestick,What was the High Price on 2019-04-29?,$56.6,The **High** on **2019-04-29** was **56.6**.,True,0.002332
candlestick_115,candlestick,What was the Low Price on 2020-01-06?,151,The Low Price on 2020-01-06 was 151.,True,0.00179
candlestick_277,candlestick,What was the high price of the stock on 2019-04-30?,57.2,The high price on **2019-04-30** was **$57.3**.,True,0.001378
candlestick_297,candlestick,What was the High Price on the day when the Lowest Price was,47.2,"The **lowest price** on the chart was recorded on **March 1, 2019** at about **4",True,0.001954
candlestick_157,candlestick,What is the high price of the corporate bond on 2020-06-04?,118,The high price on 2020-06-04 is **118**.,True,0.001496
candlestick_229,candlestick,On which date did the High Price reach its maximum value in ,2019-01-10,"The **High Price** reaches its maximum value on **January 10, 2019**.",True,0.001556
candlestick_276,candlestick,What was the highest closing price recorded in the month of ,$171.2,The highest closing price in June 2021 was **185**.,True,0.001778
candlestick_238,candlestick,What was the High Price on the date when the lowest Low Pric,$69.1,"The lowest **Low Price** was recorded on **Jan 1, 2022** at **67.8**.

On that s",True,0.001728
candlestick_72,candlestick,What was the low price on the day when the high price was fi,35,The first day when the **high price exceeded $40** was **Mar 08** (high of **$42,True,0.001776
candlestick_118,candlestick,What was the Production Volume in April?,74,"The chart shown is for **stock prices over dates in January 2021**, not **produc",False,0.001948
candlestick_133,candlestick,What was the high price on 2019-04-27?,80,The high price on **2019-04-27** was **80**.,True,0.001504
candlestick_158,candlestick,What was the High Price on 2020-01-10?,160,The **High Price on 2020-01-10** was **160**.,True,0.00152
candlestick_256,candlestick,What was the low price of the financial trend in 2020?,0.8,The low price in 2020 was **0.9**.,False,0.001456
candlestick_143,candlestick,What was the high price of the stock on 2021-03-28?,150,The high price on **2021-03-28** was **$149**.,True,0.001526
candlestick_140,candlestick,What was the low price on 2020-08-05?,$43.9,The low price on 2020-08-05 was **43.8**.,True,0.00152
candlestick_166,candlestick,What was the highest low price among the listed trading date,$345,The highest **low price** shown on the chart is **$345**.,True,0.001494
candlestick_252,candlestick,On which date did the stock have the lowest closing price in,2021-07-01,"The lowest closing price occurred on **July 2, 2021**, at about **117**.",True,0.001574
candlestick_283,candlestick,What was the High Price($) on 2022-07-15?,185,"On **2022-07-15**, the **High Price** was **$183**.",True,0.001556
candlestick_285,candlestick,What was the Low Price on 2020-03-01?,"$325,000",The **Low Price on 2020-03-01** was **325k**.,False,0.001536
area_chart_143,area_chart,How much are the e-commerce sales for Electronics?,"$200,000","The e-commerce sales for **Electronics** are **150,000**.",False,0.001976
pie_54,pie_chart,What percentage of the voters are in the 25-35 age group?,30%,The 25–35 age group makes up **30%** of the voters.,True,0.001526
300,funnel,How many tourists are at the 'Arrive' stage according to the,300,There are **300 tourists** at the **Arrive** stage.,True,0.00146
candlestick_51,candlestick,What was the range of the high price during the month of Feb,$81.8 to $85.0,"During **February 2022**, the weekly **high prices** shown are approximately:

-",True,0.00275
area_chart_18,area_chart,What was the incremental increase in revenue from 2020 to 20,5 million $,"Revenue increased from **$110 million in 2020** to **$115 million in 2021**, so ",True,0.002904
141,funnel,What is the value of the 'Research and Development' stage?,200,The value of the **Research and Development** stage is **200**.,True,0.00261
line_num_80,line_chart_num,What is the increase in the average house price from 2010 to,"$70,000","From the chart, the average house price was:

- **2010:** \$200,000  
- **2017:*",True,0.002694
pie_483,pie_chart,What percentage of the student population is involved in Voc,5%,Vocational Training accounts for **5%** of the student population.,True,0.001474
line_num_199,line_chart_num,By how much did Donations B increase from 2018 to 2022?,20 million dollars,Donations B increased from **30 million dollars** in 2018 to **50 million dollar,True,0.001632
area_chart_30,area_chart,What is the revenue for Baseball in the year 2017?,"120,000","The revenue for **Baseball** in **2017** is **120,000**.",True,0.001806
139,funnel,How much higher is the 'Awareness' stage value compared to t,8400,"The **Awareness** stage is **10,000**, and **Others** is **1,600**.

So, the Awa",True,0.001334
pie_40,pie_chart,What is the combined percentage of Dairy Products and Poultr,30%,"Dairy Products is 15% and Poultry & Livestock is 15%, so their combined percenta",True,0.002992
line_num_482,line_chart_num,By how much does the relative humidity increase when the tem,60%,"From the chart:

- Relative humidity at **20°C** = **30%**
- Relative humidity a",True,0.00254
area_chart_36,area_chart,Which department has the highest Employee Satisfaction perce,Marketing,The department with the highest **Employee Satisfaction** percentage is **Custom,False,0.002278
90,funnel,How many visitors were at the Consideration stage?,400,There were **400 visitors** at the **Consideration** stage.,True,0.001448
line_num_192,line_chart_num,In which year did the Viewers reach 600 million people?,2021,The viewers reached **600 million people in 2021**.,True,0.001756
136,funnel,What is the value associated with the Research stage?,1000,The value for the **Research** stage is **1000**.,True,0.002228
area_chart_106,area_chart,Which category has the highest number of Streaming Services ,Digital Marketing,The category with the highest number of **Streaming Services** users is **Intern,False,0.004858
line_num_300,line_chart_num,What was the increase in computer sales from 2018 to 2022?,40 million units,Computer sales increased from **50 million units in 2018** to **90 million units,True,0.003
pie_88,pie_chart,What percentage of the investment is allocated to Real Estat,10%,Real Estate is allocated **10%** of the investment.,True,0.001736
pie_168,pie_chart,What is the combined percentage of wind and solar energy sou,50%,"Wind is 25% and solar is 25%, so combined they make **50%**.",True,0.002328
7,funnel,What is the value difference between the Engagement and Rete,600,"Engagement is **800** and Retention is **200**, so the value difference is **600",True,0.005432
area_chart_13,area_chart,What is the total revenue for the given months?,"$2,490,000","From the chart, the monthly **Revenue** values are:

- January: **$500,000**
- F",True,0.003608
line_num_133,line_chart_num,What is the difference between the number of domestic touris,8000,"In 2020:

- Domestic tourists = 48,000
- International tourists = 40,000

Differ",True,0.002374
area_chart_70,area_chart,How many Immigration Law cases were there in May?,20,There were **20 Immigration Law cases** in **May**.,True,0.001704
pie_177,pie_chart,What is the combined usage percentage of Video Platforms and,22%,"Video Platforms are **14%** and Streaming Services are **8%**.

**Combined usage",True,0.002898
21,funnel,What is the value associated with 'Order Shipping'?,400,The value for **Order Shipping** is **400**.,True,0.001416
pie_335,pie_chart,What is the combined percentage of Twitter and Reddit?,15%,"Twitter is 10% and Reddit is 5%, so combined they are **15%**.",True,0.00286
line_num_233,line_chart_num,How much precipitation was recorded in the month of March?,4.2 mm,"In **March**, the recorded **precipitation was 12 mm**.",False,0.0018
54,funnel,What is the value difference between the Orientation and Fin,60000,"The value difference between **Orientation** and **Final Exam** is:

**80,000 - ",True,0.00223
line_num_87,line_chart_num,What was the unemployment rate in 2001?,4.8%,The unemployment rate in **2001** was **4.7%**.,True,0.004954
area_chart_124,area_chart,Which region has the highest Soybean production?,Asia,Asia has the highest soybean production.,True,0.001606
area_chart_127,area_chart,How much did the sea freight volume increase from January to,220000 kg,"Sea freight increased from **100,000 kg in January** to **320,000 kg in December",True,0.003266
133,funnel,What is the value for the Distribution stage?,200,The value for the **Distribution** stage is **200**.,True,0.00143
pie_193,pie_chart,What percentage of Social Sciences and Humanities Research d,5%,France contributes **4.7%** of Social Sciences and Humanities research worldwide,True,0.001846
line_num_78,line_chart_num,By how many millions did the number of smartphone users incr,120 million,Smartphone users increased from **100 million** in 2010 to **220 million** in 20,True,0.00225
pie_303,pie_chart,What is the percentage difference between genders in the USA,10%,"The chart shows:

- Female: 55.0%
- Male: 45.0%

Percentage difference = 55.0% -",True,0.001636
area_chart_186,area_chart,"Which category has the largest total amount of Donations, Gr",Disaster Relief,"The category with the largest combined total of Donations, Grants, and Fundraisi",True,0.00247
pie_242,pie_chart,What is the combined percentage of Bakery Products and Dairy,45%,"Bakery Products are **18%** and Dairy Products are **23%**.

**Combined percenta",True,0.003102
area_chart_17,area_chart,How many truck units were shipped in March?,220,"In **March**, **220 truck units** were shipped.",True,0.001686
line_num_486,line_chart_num,What is the power generated at a voltage of 1V?,2 Watts,"At **1 V**, the power generated is **2 W**.",True,0.001772
237,funnel,How many Shares were there in 2021?,40000,There were **40k Shares** in 2021.,False,0.001416
line_num_490,line_chart_num,By how many did the number of graduates increase from 2001 t,80,"The number of graduates increased from **100 in 2001** to **180 in 2005**.

**In",True,0.002066
pie_182,pie_chart,What is the percentage contribution of Fossil Fuels to the U,30%,Fossil Fuels contribute **30%** to the USA's energy sources in 2023.,True,0.001582
130,funnel,What is the value of the Consideration stage?,60000,The value of the **Consideration** stage is **60k**.,False,0.002244
area_chart_213,area_chart,Which industry has the highest number of Twitter users?,Food,"From the chart, **Twitter has the highest number of users in the Fashion industr",False,0.00188
line_num_179,line_chart_num,How much is the average spending per visitor in the USA?,150,The average spending per visitor in the USA is **$150**.,True,0.001452
190,funnel,What is the value difference between the Awareness stage and,900,"From the chart:

- **Awareness = 1000**
- **Others = 100**

So the **value diffe",True,0.002716
pie_367,pie_chart,What is the combined percentage of International Law and Int,20%,"International Law is 9.1% and Intellectual Property Law is 9.1%, so combined the",True,0.003012
128,funnel,How many units are represented under the Recruitment stage?,4000,The Recruitment stage represents **4000 units**.,True,0.001384
area_chart_1,area_chart,What percentage of government spending was allocated to infr,20%,"In 2020, infrastructure received 20% of government spending.",True,0.002596
pie_489,pie_chart,Which degree has the smallest percentage distribution accord,Associate's Degrees,"The degree with the smallest percentage distribution is **Associate's Degrees**,",True,0.001892
bar_85,bar_chart,How many more nurses are there in the East region compared t,500,"From the chart:

- **East nurses:** 3000  
- **North nurses:** 2500  

**Differe",True,0.002434
line_num_204,line_chart_num,In which year was the number of crimes reported the highest ,2003,"The number of crimes reported was highest in **2003**, with **1,200** crimes rep",True,0.00122
pie_480,pie_chart,How much larger is the Grocery Stores segment percentage com,10%,"Grocery Stores are **10 percentage points** larger than Restaurants.

- **Grocer",True,0.002744
line_num_110,line_chart_num,How many thousand miles did trucks cover in April?,1400,"In **April**, trucks covered **1400 thousand miles**.",True,0.002212
297,funnel,What is the value difference between the Planning and Result,2000,"The value at **Planning** is **7000** and at **Results** is **5000**.

So, the *",True,0.00233
bar_249,bar_chart,How many more theaters does Germany have compared to the UK?,10,"Germany has **30 more theaters** than the UK.

- **Germany:** 80 theaters  
- **",False,0.001852
231,funnel,What is the value for the Interest stage in the donor journe,600,The value for the **Interest** stage is **600**.,True,0.001438
pie_268,pie_chart,"How much percentage do ""Online Donations"" represent in the c",10%,Online Donations represent **10%** of the contributions.,True,0.001426
line_num_364,line_chart_num,What is the average salary for the 28-32 age group?,55000,"The average salary for the **28–32** age group is **55,000**.",True,0.002402
bar_159,bar_chart,Which country contributed less to charitable donations than ,UK,The **UK** contributed less to charitable donations than **France** but has more,True,0.001942
line_num_328,line_chart_num,What was the average temperature in California in 2024?,60 degrees Fahrenheit,The chart shows California’s average temperature in **2024** was **60.0°F**.,True,0.001866
125,funnel,What is the percentage drop in value from the Initial Intere,11.2%,"The value drops from **100** at Initial Interest to **88.8** at Enrollment.

Per",True,0.002166
pie_372,pie_chart,What percentage of the distribution is attributed to 'Mental,15%,'Mental Health' is **15%** of the distribution.,True,0.001796
bar_138,bar_chart,How many more takeaways are there than restaurants in Asia?,700,"In Asia:

- Restaurants = 2700
- Takeaways = 3700

Difference = **3700 - 2700 = ",True,0.002234
pie_464,pie_chart,What percentage is allocated to Instant Messaging?,20%,Instant Messaging is allocated **20%**.,True,0.000838
bar_83,bar_chart,How much is the manufacturing output in the USA?,8000 million,"The manufacturing output in the **USA** is **8,000 million**.",True,0.002072
294,funnel,How much is the value at the Evaluation stage?,300,The value at the **Evaluation** stage is **300**.,True,0.002212
line_num_294,line_chart_num,How many more posts (millions) were there in 2017 compared t,20000 millions,"From the chart, the number of posts was:

- **2013:** 5,000 million  
- **2017:*",True,0.003176
291,funnel,What is the value of Shipments during the Project Planning s,666,The value at the **Project Planning** stage is **666**.,True,0.001158
pie_1,pie_chart,What is the combined percentage of geothermal and biomass en,30%,"Geothermal energy is 15% and biomass is 15%, so combined they make **30%**.",True,0.00236
229,funnel,What is the output value during the Fertilization stage?,600,The output value during the **Fertilization** stage is **600**.,True,0.001844
pie_231,pie_chart,What percentage of devices does TV represent in the technolo,10%,TV represents **10%** of the technology device distribution.,True,0.00174
226,funnel,What is the value at the Delivery stage?,200,The value at the **Delivery** stage is **200**.,True,0.001978
line_num_227,line_chart_num,How much did the average home price increase from the year 2,10 thousand dollars,"From the chart, the average home price was:

- **2000:** \$100 thousand
- **2001",True,0.00244
bar_430,bar_chart,How many more online stores than retail stores are there in ,200,"In South America, there are:

- **420 online stores**
- **220 retail stores**

S",True,0.00293
line_num_25,line_chart_num,What is the GDP per capita of China?,1200,China’s GDP per capita in the chart is **1200 USD**.,True,0.00178
bar_96,bar_chart,How much higher are the CO2 emissions in Asia compared to Eu,40000 tonnes/year,"From the chart:

- **Asia CO2 emissions:** 120,000 tonnes/year  
- **Europe CO2 ",True,0.002718
pie_46,pie_chart,What is the utilization percentage of YouTube?,25%,YouTube's utilization percentage is **25%**.,True,0.001758
bar_407,bar_chart,By how much did the number of research papers increase from ,300,The number of research papers increased from **1500 in 2017** to **1800 in 2020*,True,0.002392
line_num_12,line_chart_num,What was the sales difference between Restaurant A and Resta,$15 million,"In April:

- **Restaurant A** = **55 million dollars**
- **Restaurant B** = **40",True,0.002064
289,funnel,"What is the value difference between the ""Awareness"" stage a",2250,"The value difference between **Awareness** and **Others** is:

**3000 - 750 = 22",True,0.002162
line_num_393,line_chart_num,How many patients were deceased in February?,50,"In February, **50 patients** were deceased.",True,0.004918
bar_19,bar_chart,How many criminal cases were there in Germany in 2021?,18000,"Germany had **18,000 criminal cases** in 2021.",True,0.001772
51,funnel,What is the value of 'Online Ticketing' during the sports an,18000,"The value of **Online Ticketing** is **18k** (18,000).",True,0.001898
pie_289,pie_chart,What is the combined production share of the Food Processing,30%,"Food Processing is **15%** and Pharmaceuticals is **15%**.

So, their combined p",True,0.002444
line_num_156,line_chart_num,How many shipments were there in the month of August?,160,"In **August**, there were **160 shipments**.",True,0.00172
84,funnel,What is the value for the Follow-up stage?,40,The value for the **Follow-up** stage is **40**.,True,0.001568
pie_138,pie_chart,What percentage of the devices are Tablets and Smartphones c,30%,"Tablets are **15%** and Smartphones are **15%**.

Combined: **15% + 15% = 30%**
",True,0.002582
line_num_197,line_chart_num,What was the number of business cases in 2003?,19000,"The number of **business cases in 2003** was **19,000**.",True,0.002656
pie_132,pie_chart,Which transportation mode has the least percentage in the gl,Multimodal,"The transportation mode with the least percentage is **Multimodal**, at **5%**.",True,0.001268
bar_143,bar_chart,What is the total number of hours spent on social studies an,24,"In the UK:

- Social Studies: 11 hours/week
- Humanities: 13 hours/week

Total =",True,0.002024
bar_227,bar_chart,How many delivery services are there in Germany?,30000,"Germany has **30,000 delivery services**.",True,0.0017
line_num_394,line_chart_num,What is the average height of people aged 21-40?,65 inches,"From the chart, the average height for people aged **21–40** is **65 inches**.",True,0.001884
bar_380,bar_chart,By what percentage has the graduation rate increased from 20,7%,"The graduation rate increased from **75% in 2015** to **82% in 2018**.

Percenta",True,0.002724
286,funnel,What is the value difference between the Initial Exposure st,400,"The value at **Initial Exposure** is **1000**, and at **Post-Purchase** it is **",True,0.002186
pie_116,pie_chart,How much greater is the percentage for Training and Developm,18%,"Training and Development is **22%**, while Health and Safety is **4%**.

So, the",True,0.00232
97,funnel,How many stages are there before the Implementation stage?,Two,"There are **3 stages** before **Implementation**:

1. Initial Inquiry  
2. Feasi",False,0.001656
line_num_225,line_chart_num,Which grade has the highest average Math score?,5th grade,"Grade 5 has the highest average Math score, with a score of 98.",True,0.001494
pie_154,pie_chart,Which country has a 13% share of tourists according to the d,Italy,"According to the chart, **France** has about a **13% share** of tourists, specif",False,0.002026
pie_92,pie_chart,What percentage of the population has attained an Undergradu,24%,The chart shows **Undergraduate = 24%** of the population.,True,0.001786
220,funnel,How much more does 'Initial Inquiry' stage have in value com,4000,"From the chart:

- **Initial Inquiry** = **5000**
- **Others** = **1000**

Diffe",True,0.002872
bar_502,bar_chart,Which region has the highest consumption for Utility B?,West,"Utility B has the highest consumption in the **West** region, at **2000 kWh**.",True,0.00138
line_num_18,line_chart_num,How many more performances were there in 2005 compared to th,100,"There were **100 more performances** in 2005 than in 2000.

- **2000:** 200 perf",True,0.002772
bar_354,bar_chart,By how much did the inflation rate increase from the year 20,1.1%,"From the chart, the inflation rate was **1.2% in 2020** and **4.8% in 2023**.

S",True,0.002792
line_num_56,line_chart_num,How many music albums were sold in 2003?,140 million units,"In **2003**, **140 million units** of music albums were sold.",True,0.0018
pie_19,pie_chart,Which treatment types have the same percentage as Physical T,Prescription Drugs,Physical Therapy is **20%**. The treatment type with the **same percentage** is ,True,0.001954
bar_203,bar_chart,How many cafes are there in Asia?,3000,"There are **3,000 cafes in Asia**.",True,0.001396
48,funnel,How much higher is the value at the 'Loading' stage compared,600,The value at the **Loading** stage is **600 higher** than at the **Unloading** s,True,0.002078
280,funnel,What value is recorded for the Legal Advice stage?,660,The value recorded for the **Legal Advice** stage is **660**.,True,0.001646
line_num_305,line_chart_num,How much did the attendance increase from 2020 to 2023?,250 thousands,"Attendance increased from **750 in 2020** to **1000 in 2023**.

So, the increase",True,0.002378
pie_341,pie_chart,What is the combined percentage for the Electronics and Phar,25%,"Electronics is 13.6% and Pharmaceuticals is 9.1%.

Combined percentage:
13.6% + ",True,0.00193
218,funnel,What is the value difference between the advocacy and sustai,120,"The value difference between **Advocacy** and **Sustainability** is:

**160 - 40",True,0.001788
pie_30,pie_chart,Which type of pension fund has the largest share in the dist,Personal Retirement Savings Accounts,"The largest share is **Personal Retirement Savings Accounts**, at **30%**.",True,0.001486
line_num_396,line_chart_num,How much did the gross profit change from 2019 to 2022?,500 billion dollars,"Gross profit increased from **1000** in 2019 to **1500** in 2022.

**Change = 15",True,0.00214
bar_197,bar_chart,Which country has the highest total number of sports and ent,USA,"From the chart:

- **USA**: 400 + 500 = **900**
- **UK**: 350 + 450 = **800**
- ",True,0.002544
215,funnel,What is the difference in value between the Consideration an,88000,"The **Consideration** stage is **120k**, and the **Others** stage is **32k**.

*",False,0.001674
pie_274,pie_chart,What percentage of government spending is allocated to Speci,15%,Special Education is allocated **15%** of government education spending.,True,0.001794
bar_374,bar_chart,By what percentage did Sociology increase from 2019 to 2020?,3%,"Sociology increased from **35% in 2019** to **38% in 2020**.

Percentage increas",True,0.002402
bar_223,bar_chart,Which region has the highest healthcare spending according t,Asia,"Asia has the highest healthcare spending, at 210 million.",True,0.001062
pie_235,pie_chart,What percentage of the Tax Revenue is made up by Corporate T,25%,Corporate Taxes make up **25%** of the tax revenue.,True,0.002604
162,funnel,How many users are at the Retention stage?,660,There are **660 users** at the **Retention** stage.,True,0.001792
bar_296,bar_chart,How much revenue did the Movie Premiere generate compared to,$30000 more,"The **Movie Premiere** generated **$130,000**, while the **Football Match** gene",True,0.001936
212,funnel,How much greater is the value for the Production stage than ,700,"From the chart:

- **Production** = 800  
- **Installation** = 100  

Difference",True,0.001688
line_num_38,line_chart_num,How many YouTube users were there in 2016?,700 million,"In **2016**, YouTube had **700 million users**.",True,0.001452
line_num_149,line_chart_num,How much did Enrollment D increase from 2001 to 2004?,300 thousands,"Enrollment D increased from **1100** in 2001 to **1400** in 2004.

So, the incre",True,0.003474
line_num_11,line_chart_num,How many more attendees were there in New York compared to M,200000,"New York had **200,000 more attendees** than Miami.

- **New York:** 500,000  
-",True,0.003186
bar_453,bar_chart,Which country has the highest crop production?,France,"France has the highest crop production, with about 1100 tons.",True,0.001992
319,funnel,How much does the value decrease from the 'Feasibility Study,100,The value decreases from **450** at **Feasibility Study** to **350** at **Implem,True,0.00267
pie_153,pie_chart,What is the combined percentage of Visual Arts and Theatre?,45%,"Visual Arts is **25%** and Theatre is **20%**.

Combined: **45%**.",True,0.001938
line_num_349,line_chart_num,By how many points does the average math score increase from,4 points,"From the chart, the average **Math** score is:

- **7th grade:** 83
- **9th grad",True,0.00218
bar_302,bar_chart,Which department has the lowest number of employees?,Accounting,"The department with the lowest number of employees is **Accounting**, with **20 ",True,0.001828
316,funnel,What is the value assigned to the Planning stage?,200,The value assigned to the **Planning** stage is **200**.,True,0.001088
pie_340,pie_chart,What is the percentage difference between Computer Science a,5%,"Computer Science is **25%** and Mathematics is **20%**.

So, the **difference is",True,0.00202
line_num_400,line_chart_num,What is the total number of international tourist arrivals f,5350 million,"The international tourist arrivals from 2020 to 2024 are:

- 2020: 900 million  ",True,0.003158
157,funnel,What is the value associated with Proposal Preparation?,888,The value associated with **Proposal Preparation** is **888**.,True,0.00143
bar_468,bar_chart,How many more million daily active users does Facebook have ,1.3 million,"From the chart, Facebook has about **1.9 billion** daily active users and Twitte",True,0.001982
line_num_363,line_chart_num,Which country had the lowest number of visitors in 2021?,Japan,"Japan had the lowest number of visitors in 2021, with 10 million visitors.",True,0.002298
32,funnel,What is the value for the Designing stage in the production ,80,The value for the **Designing** stage is **80**.,True,0.001772
pie_245,pie_chart,What percentage of the population has attained a Bachelor's ,55%,"“Bachelor’s degree or higher” includes:

- Bachelor’s Degree: 30%
- Master’s Deg",True,0.001322
line_num_59,line_chart_num,By how many percentage points did nuclear energy increase fr,15%,"Nuclear energy increased from **20% in 2017** to **35% in 2020**.

So, the incre",True,0.002376
pie_229,pie_chart,How much larger is the percentage of Elementary students com,15%,"Elementary students are **35%** and High School students are **20%**.

So, the p",True,0.002202
pie_226,pie_chart,What percentage of the energy sources distribution is covere,50%,Fossil Fuels and Nuclear combined cover **50%** of the energy sources distributi,True,0.002202
bar_311,bar_chart,Which country has the highest percentage of users engaging i,USA,"From the chart, the **UK** has the highest percentage of users engaging in onlin",True,0.003084
bar_340,bar_chart,Which region has the highest yield to area farmed ratio?,North America,"Compute yield ÷ area farmed for each region:

- Southeast Asia: 400 / 100 = 4.0
",True,0.003136
pie_425,pie_chart,How much percentage is allocated to Healthcare?,15%,Healthcare is allocated **15%**.,True,0.001896
line_num_2,line_chart_num,What is the percentage increase in the number of tourists fr,9.375%,"From the chart:

- April tourists = **3.2 million**
- May tourists = **3.5 milli",True,0.00347
bar_277,bar_chart,Which country has the highest number of History publications,France,"From the chart, **France** has the highest number of **History** publications, w",True,0.002124
98,funnel,Which stage has a value of 28?,Promotion,The stage with a value of **28** is **Promotion**.,True,0.002226
313,funnel,What is the value of Shipments during the Project Planning s,666,The value at the **Project Planning** stage is **666**.,True,0.001454
pie_66,pie_chart,What percentage of crop production is made up by wheat?,20%,Wheat makes up **20%** of the crop production.,True,0.002214
bar_409,bar_chart,How many drawings are there in the classic category?,50,There are **50 drawings** in the **Classic** category.,True,0.002572
207,funnel,How many values are above the 2000 mark?,3,"The values shown are: **5000, 3500, 2000, 1500, 1000, 250**.

Values **above 200",True,0.00232
pie_418,pie_chart,What percentage of charitable contributions is allocated to ,25%,Healthcare is allocated **25%** of charitable contributions.,True,0.002716
line_num_8,line_chart_num,What is the freight shipment by truck in March?,900,The freight shipment by **truck in March** is **900**.,True,0.001766
line_num_333,line_chart_num,How much higher is the average BMI of the 46-55 age group co,3.0,"The average BMI for ages **46–55** is **24.5**, and for ages **18–25** it is **2",True,0.002596
bar_398,bar_chart,How much higher are the e-commerce sales compared to retail ,$0 million,"In Germany, e-commerce sales are not higher than retail sales—they are the same.",True,0.002686
line_num_58,line_chart_num,What was the Renewable Energy Consumption in the year 2017?,100 GWh,The Renewable Energy Consumption in **2017** was **100 GWh**.,True,0.002626
16,funnel,How many users reached the Shopping Cart stage?,600,600 users reached the Shopping Cart stage.,True,0.004888
bar_490,bar_chart,How much more is the average rental cost on the West Coast c,$1000,"From the chart:

- **West Coast average rental cost:** **$2,500**
- **Midwest av",True,0.002358
pie_257,pie_chart,What is the percentage attributed to Logistics in the manufa,20%,Logistics is **20%**.,True,0.002672
line_num_84,line_chart_num,What is the level of Carbon Monoxide in April?,650 PPM,"In April, the Carbon Monoxide level is **650 PPM**.",True,0.002058
204,funnel,What is the value at the Feasibility Study stage?,3900,The value at the **Feasibility Study** stage is **3900**.,True,0.0015
pie_145,pie_chart,What percentage of the population has a graduate-level educa,30%,Graduate-level education includes **Master’s Degree (15%)** and **Doctorate Degr,True,0.003682
pie_436,pie_chart,What is the percentage of the Property Tax?,5%,The Property Tax percentage is **5%**.,True,0.002698
line_num_119,line_chart_num,What was the percentage increase in the number of visitors f,25%,"From the chart:

- Visitors in 2017 = **80 million**
- Visitors in 2022 = **100 ",True,0.003042
bar_401,bar_chart,How much more solar energy capacity does Asia have compared ,200 GW,"Asia has **200 GW** more solar energy capacity than North America.

- **Asia:** ",True,0.002544
151,funnel,How many cases are at the Implementation stage?,32,There are **32 cases** at the **Implementation** stage.,True,0.00221
line_num_64,line_chart_num,What was the score in History for Grade 8?,70,The History score for Grade 8 was **70**.,True,0.001736
pie_4,pie_chart,How much percentage of the employment does Part-Time Employe,30%,Part-Time Employees constitute **30%** of the employment.,True,0.00178
154,funnel,How much more was allocated to Research compared to Referend,$450 million,"Research was allocated **1000**, while Referendum was allocated **550**.

So, th",True,0.001996
29,funnel,What is the difference in value between Market Analysis and ,53.8,"Market Analysis is **100** and Investment is **46.2**.

The difference is:

**10",True,0.001588
bar_128,bar_chart,How many more supermarkets are there in South America than i,50,"South America has **50 more supermarkets** than North America.

- **South Americ",True,0.003044
pie_333,pie_chart,What percentage of the materials used in manufacturing is Al,15%,Aluminum makes up **15%** of the materials used in manufacturing.,True,0.001784
bar_377,bar_chart,How many fans do sports teams have in total across all the g,"3,420,000","From the chart, the number of fans in each region is:

- North America: 1,000,00",True,0.003302
line_num_246,line_chart_num,In which year did the percentage of the US population with h,2013,The percentage of the US population with health insurance reached **95% in 2013*,True,0.002726
201,funnel,What is the sum of values for Follow-up and Recovery stages?,500,"Follow-up = 400  
Recovery = 100  

Sum = **500**",True,0.001486
bar_75,bar_chart,How many more hours are spent on YouTube compared to Twitter,2 hours,"From the chart, **time spent** is:

- **YouTube:** 4.0 million hours  
- **Twitt",True,0.00175
line_num_287,line_chart_num,By how much did maize production increase from 2020 to 2023?,500 tonnes,Maize production increased from **1300 tonnes in 2020** to **1800 tonnes in 2023,True,0.002632
pie_431,pie_chart,How much higher is the percentage of people with Secondary e,15%,"Secondary education is **35%**, and University education is **20%**.

So, the pe",True,0.003096
149,funnel,What is the value of the 'Awareness' stage?,1000,The value of the **Awareness** stage is **1000**.,True,0.001468
line_num_161,line_chart_num,What is the average math score for grade 6?,87,The average math score for grade 6 is **87**.,True,0.002214
pie_105,pie_chart,Which category of popular tourist attractions has the smalle,Shopping,"The category with the smallest percentage is **Shopping**, at **5%**.",True,0.001856
bar_178,bar_chart,Which country has the lowest Unemployment Rate according to ,USA,"According to the chart, the **USA** has the lowest unemployment rate at **3.4%**",True,0.001402
line_num_433,line_chart_num,Which mode of transportation takes the longest time to trave,Bicycle,"The **bicycle** takes the longest time to travel 20 miles, at **30 minutes**.",True,0.002708
305,funnel,What is the value difference between the Interview stage and,42.,"The value at the **Interview** stage is **88.8**, and at **Assigning Tasks** it ",True,0.001654
pie_380,pie_chart,What percentage of cargo transportation is done by Rail in t,30%,"Rail accounts for **30%** of cargo transportation in the USA, according to the c",True,0.00126
bar_431,bar_chart,Which region has the highest Sales of Fruits?,Asia,"From the chart, **Europe** has the highest **Fruits** sales at **480**.",False,0.002322
bar_86,bar_chart,What is the healthcare expenditure per capita in the USA?,$4.24 million,"From the chart, for the **USA**:

- **Healthcare expenditure** = **1400** (billi",True,0.00378
146,funnel,How many stages have a value of more than 500?,3,"There are **3 stages** with a value of more than 500:

- **Online Ads** — 1000  ",True,0.002244
pie_263,pie_chart,What percentage of degrees are Bachelor's Degree according t,35%,"According to the chart, **Bachelor's Degree = 35%**.",True,0.002608
bar_449,bar_chart,Which country has the highest economics index in 2021?,France,"France has the highest economics index in 2021, with a value of **8**.",True,0.00185
140,funnel,What is the value at the Operation stage?,57.6,The value at the **Operation** stage is **57.6**.,True,0.00178
pie_131,pie_chart,What percentage of the categories is dedicated to Employee E,15%,Employee Engagement is **15%** of the categories.,True,0.001402
line_num_266,line_chart_num,In which election year did Party A have the largest margin o,2020,"From the chart:

- 2008: Party A 50, Party B 45 → margin = 5 million  
- 2012: P",True,0.00658
bar_155,bar_chart,How many more initiatives in economic policies does the USA ,3,"The USA has **3 more economic policy initiatives** than Germany.

- **USA:** 20
",True,0.00213
line_num_52,line_chart_num,Which country had the highest number of music downloads in 2,Canada,"From the chart, the highest number of **music downloads in 2021** was in **Canad",True,0.00203
82,funnel,What is the difference in value between Attendance and Compl,600,"Attendance is **800** and Completion is **200**.

**Difference = 800 - 200 = 600",True,0.001786
line_num_46,line_chart_num,In which year was the Cost of Goods Sold the highest from 20,2021,"The **Cost of Goods Sold** was highest in **2021**, at **1400 million dollars**.",True,0.002144
pie_160,pie_chart,What percentage of academic research is attributed to Chemic,10%,Chemical Engineering is attributed **10%** of the academic research.,True,0.002574
bar_220,bar_chart,How many cases are reported in France?,1600,"France has **1,600 cases** reported.",True,0.001698
bar_346,bar_chart,Which sport has the lowest average attendance?,Hockey,Hockey has the lowest average attendance.,True,0.001896
pie_218,pie_chart,How much greater is the production percentage of Automotive ,10%,"Automotive is **18.18%** and Pharmaceuticals is **9.09%**.

So, the production p",True,0.001858
line_num_207,line_chart_num,How much has wind energy production increased from 2000 to 2,14 TWh,"Wind energy production increased from **2 TWh in 2000** to **16 TWh in 2007**.

",True,0.002562
95,funnel,How much larger is the value for Attitude compared to Influe,6000,"From the chart:

- **Attitude = 7000**
- **Influence = 1000**

Difference: **700",True,0.00437
247,funnel,What is the value corresponding to the Maintenance stage?,100,The value for the **Maintenance** stage is **100**.,True,0.001792
pie_492,pie_chart,"What is the percentage of home owners in the ""60 and Above"" ",15%,The percentage of homeowners in the **60 and Above** age group is **15%**.,True,0.00209
bar_148,bar_chart,Which country has the highest number of tourists in 2021?,UK,"The **UK** has the highest number of tourists in 2021, with **300**.",True,0.001732
line_num_258,line_chart_num,How many more Artworks are there in June compared to Februar,80,"From the chart, the number of **Artworks** is:

- **February:** 320  
- **June:*",True,0.00269
13,funnel,What is the value for Discussion in the Government Policy De,72,The value for **Discussion** is **72**.,True,0.001494
pie_463,pie_chart,How much higher is the percentage of Computer Science compar,15%,"From the chart:

- **Computer Science** = **22.7%**
- **Chemical Engineering** =",True,0.003612
bar_332,bar_chart,How much higher is the GDP of the USA compared to Germany?,$16500 billion,"From the chart:

- **USA GDP** = **21,000 billion**
- **Germany GDP** = **4,500 ",True,0.006588
line_num_355,line_chart_num,What is the difference in revenue between France and Germany,$2 billion,France’s revenue is **36 billion dollars** and Germany’s is **38 billion dollars,True,0.003478
line_num_436,line_chart_num,What is the anxiety level score for the age group 76-85?,10,"For the age group **76–85**, the anxiety level score is **10**.",True,0.002862
bar_352,bar_chart,How many leave days are available to John?,20,John has **20 leave days** available.,True,0.004904
pie_474,pie_chart,How much higher is the percentage of Criminal Law compared t,20%,"Criminal Law is **20 percentage points** higher than Human Rights Law.

- **Crim",True,0.002336
line_num_432,line_chart_num,In which year did Wheat Production reach 800 million tons?,2004,Wheat production reached **800 million tons in 2004**.,True,0.00154
79,funnel,What is the total value for the Intent and Conversion stages,600,"The **Intent** stage is **400** and the **Conversion** stage is **200**.

So, th",True,0.001822
pie_407,pie_chart,What percentage of individuals have a Bachelor's Degree?,30%,30% of individuals have a Bachelor's Degree.,True,0.002146
bar_129,bar_chart,Which region has the highest fruit production?,Asia,"Asia has the highest fruit production, with **9,000 tonnes**.",True,0.001732
138,funnel,What is the sum of the values for Court Hearing and Resoluti,900,"Court Hearing is **550** and Resolution is **350**.

**Sum = 900**",True,0.000988
line_num_373,line_chart_num,In which year was the vegetable yield exactly 600 tonnes?,2022,The vegetable yield was exactly **600 tonnes in 2022**.,True,0.00105
pie_267,pie_chart,What is the combined usage percentage of Desktops and Tablet,35%,"Desktops are 20% and Tablets are 15%, so their combined usage is **35%**.",True,0.00272
244,funnel,What is the value difference between the Participation stage,200,"From the chart:

- Participation = 600
- Institutionalization = 400

Difference ",True,0.006112
bar_298,bar_chart,In which subject did Grade 4 score the highest percentage?,Math,Grade 4 scored the highest percentage in **Math**.,True,0.001738
pie_346,pie_chart,What percentage of transportation is covered by rail in the ,15%,Rail covers **15%** of transportation in the USA for 2023.,True,0.001852
heatmap_60,heatmap,Which engineering discipline has the highest percentage allo,Biomedical Engineering,"Looking at the **Robotics** row:

- Materials Science: 10%
- Chemical Engineerin",True,0.003394
bar_396,bar_chart,How many more theatre visits does the UK have compared to Ge,30,"From the chart:

- **UK theatre visits** = 170  
- **Germany theatre visits** = ",True,0.002634
heatmap_90,heatmap,How many more drawings are there in the 'Classical' category,5,"In the **Drawing** column:

- **Classical** = 15
- **Performance** = 10

So, **C",True,0.002514
pie_170,pie_chart,What percentage of employees are in the 45-54 age group?,15%,The **45–54** age group makes up **15%** of employees.,True,0.005972
pie_206,pie_chart,What percentage of the crop distribution is made up by Oilse,10%,Oilseeds make up **10%** of the crop distribution.,True,0.001544
bar_198,bar_chart,Which city has the highest average house price?,Los Angeles,"Los Angeles has the highest average house price, at about **$500K**.",True,0.002086
heatmap_32,heatmap,How many categories have a Dance score of 10 or less?,5,"In the **Dance** row, the scores are:

- Paintings: **10**
- Sculpture: **10**
-",True,0.002782
heatmap_33,heatmap,Which region has the highest yield of rice per hectare?,Asia,"Asia has the highest rice yield, at **6.5 tonnes per hectare**.",True,0.001858
pie_124,pie_chart,What is the percentage of production for Poultry and Other P,20%,"Poultry is **10%** and Other Protein Sources is **10%**.

Combined: **20%**.",True,0.00136
bar_80,bar_chart,What is the GDP of Germany in billions?,4000,"Germany’s GDP is **4,000 billion**.",True,0.001398
bar_247,bar_chart,Which country had the highest livestock production?,Germany,"Germany had the highest livestock production, with 4,000 tons.",True,0.001762
pie_211,pie_chart,What is the usage percentage of Websites?,20%,The usage percentage of **Websites** is **20%**.,True,0.001444
bar_121,bar_chart,Which type of art has the highest number of artworks in phot,Gothic Art,"In the **Photography** category, **Gothic Art** has the highest number of artwor",True,0.001948
pie_466,pie_chart,Which product categories have equal market share percentages,"Meat and Fish, Beverages","The categories with equal market share percentages are:

- **Meat and Fish** and",False,0.003266
228,histogram,What is the total CO2 emissions of the United Kingdom and Fr,780 million metric tons,"From the chart:

- **United Kingdom**: 400 million metric tons  
- **France**: 3",True,0.003374
27,histogram,What is the average test score for 3rd Grade?,87,The average test score for **3rd Grade** is **87**.,True,0.00571
pie_478,pie_chart,Which production category constitutes the largest percentage,Industrial Machinery,Industrial Machinery constitutes the largest percentage at **30%**.,True,0.001146
bar_307,bar_chart,How many doctors per 1000 people are there in the UK?,2.6,"The chart shows the UK has **2.6 doctors per 1,000 people**.",True,0.001854
bar_2,bar_chart,How many more jurors are there in France compared to the USA,1000,"France has **1,000 more jurors** than the USA.

- **France:** 5,000 jurors  
- *",True,0.002414
pie_42,pie_chart,What percentage of tax revenue does Property Tax contribute ,15%,Property Tax contributes **15%** of tax revenue in the USA in 2023.,True,0.001106
175,histogram,How many visitors (in thousands) were engaged with Sculpture,95,Sculptures had **95 thousand** visitors.,True,0.00217
225,histogram,How many companies have a revenue between 0.5-1.0 billion do,30,There are **30 companies** with revenue between **0.5 and 1.0 billion dollars**.,True,0.00191
bar_441,bar_chart,How many more employees does the Sales department have compa,15,"From the chart:

- Sales employees: 60
- IT employees: 40

Difference: 60 - 40 =",False,0.002256
pie_259,pie_chart,What percentage of the workforce do females represent in 202,50%,Females represent **50%** of the workforce in 2023.,True,0.001332
bar_205,bar_chart,How many more tons of carbon emissions does North America pr,800 tons,"From the chart:

- **North America:** 2000 tons
- **Europe:** 1200 tons

**Diffe",True,0.005588
pie_97,pie_chart,What percentage of global transportation is attributed to ai,40%,"Air is **25%** and Rail is **15%**.

Combined: **25% + 15% = 40%**

**Answer: 40",True,0.003108
bar_337,bar_chart,What is the average salary in the Engineering department?,7000,"The average salary in the **Engineering** department is **$70,000**.",True,0.002276
222,histogram,How many more thousands of bookings do 3-star hotels have co,19 thousand bookings,"3-star hotels have **19 thousand more bookings** than 1-star hotels.

Calculatio",True,0.002056
bar_56,bar_chart,How many more houses were sold in the North region compared ,30 thousand houses,"The North region sold **30 thousand more houses** than the West region.

- **Nor",True,0.002044
172,histogram,What is the total number of employees who are either satisfi,700,"From the chart:

- **Satisfied** = 450  
- **Very Satisfied** = 250  

Total who",True,0.00267
pie_216,pie_chart,What percentage more is Pop Music compared to Hip-Hop/Rap?,21%,"Pop Music is **150% more** than Hip-Hop/Rap.

Calculation:
- Pop Music = **35%**",True,0.002202
pie_377,pie_chart,What percentage of the manufacturing output is accounted for,25%,Electronics accounts for **23.8%** of the manufacturing output.,True,0.001786
bar_391,bar_chart,Which region produced the most wind energy in 2021?,Asia,"Asia produced the most wind energy in 2021, with **220 GWh**.",True,0.001834
167,histogram,How many houses in total were sold in the price ranges from ,285,"From the chart:

- **400–500**: 95 houses  
- **500–600**: 75 houses  
- **600–7",True,0.003216
heatmap_43,heatmap,What is the popularity percentage for musicians under the so,3%,"Under the **Soccer** category, the popularity percentage for **Musician** is **3",True,0.002076
bar_499,bar_chart,Which city has the highest average home price?,Tokyo,"Tokyo has the highest average home price, at about **$800,000**.",True,0.001812
217,histogram,How many companies have a revenue range of more than $5 bill,22,"Companies with revenue **more than $5 billion** are in these ranges:

- **5.0–7.",True,0.004084
pie_147,pie_chart,What percentage of donations is allocated to Medical Researc,15%,Medical Research is allocated **15%** of the donations.,True,0.001436
164,histogram,How many facilities have a defect rate between 10-12%?,3,The **10–12% defect rate** bin has **3 facilities**.,True,0.005774
bar_439,bar_chart,Which country has the highest number of lawyers in 2021?,USA,"The **USA** has the highest number of lawyers in 2021, with **80 thousand**.",True,0.002346
pie_210,pie_chart,What percentage of listeners prefer Jazz over Electronic mus,0%,"From the chart:

- **Jazz:** 15%
- **Electronic:** 15%

So, **0% more listeners ",True,0.006268
161,histogram,How much does the U.S. Government spend on Energy and Enviro,150.0 billion dollars,The chart shows the U.S. Government spends **$150 billion** on **Energy and Envi,True,0.002708
pie_110,pie_chart,What is the combined percentage of interns and volunteers in,15%,"Interns are **10%** and volunteers are **5%**.

So, the combined percentage is *",True,0.001964
bar_163,bar_chart,How many theatres are there in Germany?,35,Germany has **35 theatres**.,True,0.001332
pie_278,pie_chart,What is the combined percentage of Visual Arts and Literatur,45%,"Visual Arts is 25% and Literature is 20%, so combined they make **45%**.",True,0.001296
11,histogram,Which product category has the lowest sales volume?,Confectionery,"The product category with the lowest sales volume is **Confectionery**, at **150",True,0.00215
bar_260,bar_chart,Which region had the lowest donations in millions?,North America,"North America had the lowest donations, at **25 million**.",True,0.001748
pie_352,pie_chart,What percentage of the global market is using Cloud Computin,25%,Cloud Computing is used by **25%** of the global market in the chart.,True,0.001818
44,histogram,Which subject area has the least number of graduates?,Humanities,"The subject area with the least number of graduates is **Humanities**, with **60",True,0.0027
bar_382,bar_chart,How many courts are there in France?,3000,"France has **3,000 courts**.",True,0.005816
211,histogram,In which period was the least number of artistic works produ,0-1700,"According to the chart, the **0–1700** period had the **least number of artistic",True,0.00284
bar_73,bar_chart,Which region has the lowest percentage of renewable energy?,North America,"The region with the lowest percentage of renewable energy is **Asia**, at **20%*",False,0.001846
pie_313,pie_chart,How much larger is the percentage of Full-time Employees com,50%,"Full-time Employees are **50 percentage points larger** than Contractors.

- **F",True,0.002328
bar_36,bar_chart,Which social media platform has the highest number of users ,YouTube,"YouTube has the highest number of users in the USA in 2021, with about 900 milli",True,0.00279
159,histogram,What is the freight volume for pipeline transportation?,560,The freight volume for **pipeline transportation** is **560 million tonnes**.,True,0.005748
pie_159,pie_chart,Which social media platform has the smallest percentage of p,Pinterest,Pinterest has the smallest percentage of popularity at **8%**.,True,0.001462
pie_142,pie_chart,What percentage of transportation does road transport accoun,30%,Road transport accounts for **30%** of transportation.,True,0.00176
pie_304,pie_chart,Which type of tax has the third-largest percentage in the US,Other Taxes,"The third-largest tax type is **Sales Tax**, at **15%**.",False,0.002274
156,histogram,Which energy source accounts for the smallest proportion of ,Geothermal,"Geothermal accounts for the smallest proportion of electricity generation, at 23",True,0.00258
bar_201,bar_chart,How much did the online sales increase from Q1 to Q4?,1500 million,"Online sales increased from **8,500 million** in Q1 to **10,000 million** in Q4.",True,0.002588
57,histogram,How many companies have profits greater than or equal to 300,9,Companies with profits greater than or equal to **300 million dollars** fall in ,True,0.00331
bar_179,bar_chart,What is the number of employees in the Sales department?,60,The Sales department has **45 employees**.,False,0.00137
bar_29,bar_chart,Which country had the lowest CO2 emissions in 2021 according,Japan,"According to the chart, **Japan** had the lowest CO2 emissions in 2021, at **380",True,0.002762
153,histogram,How many donations were larger than 500 dollars?,75,"Donations larger than $500 are in these categories:

- $500–1000: 35
- $1000–500",True,0.003308
pie_253,pie_chart,What is the combined market share percentage of Walmart and ,23%,"Walmart has 13% and Apple has 10%, so their combined market share is 23%.",True,0.00288
pie_215,pie_chart,What percentage of the USA's energy sources is provided by N,15%,Natural Gas provides **15%** of the USA's energy sources in the chart.,True,0.001524
pie_435,pie_chart,What percentage of the retail products distribution is occup,25%,Fashion occupies **25%** of the retail products distribution.,True,0.00178
254,histogram,How many millions of people are in the population group with,10.4,The population group with a vaccination rate between 90–95% is **10.2 million pe,True,0.001916
bar_367,bar_chart,How much more does the UK produce in Production B compared t,100 million,"In **Production B**:

- **UK** = **500 million**
- **Germany** = **400 million**",True,0.001708
bar_321,bar_chart,How many more publications in History does France have compa,20,"France has **20 more** History publications than the UK.

- **France:** 570  
- ",True,0.002174
pie_323,pie_chart,What percentage of consumers use Debit Cards as their paymen,13%,Debit Cards are used by **13%** of consumers.,True,0.00178
150,histogram,Which policy area received the least amount of budget accord,International Aid,"According to the chart, **International Aid** received the **least amount of bud",True,0.002412
148,histogram,What is the total number of companies with either 'Moderate',45,The number of companies with either **Moderate** or **Low** satisfaction levels ,True,0.00616
bar_27,bar_chart,How much did Electronics sell in physical stores (in million,240,Electronics sold **240 million** in physical stores.,True,0.001404
pie_264,pie_chart,What percentage of students are majoring in Physics?,15%,15% of students are majoring in Physics.,True,0.0027
bar_300,bar_chart,How much income is generated from the tourists in Germany?,150 million,"From the chart, **Germany generates 150 million** in income from tourists.",True,0.001482
pie_233,pie_chart,Which fields combine to equal the percentage of criminal law,Family Law and Intellectual Property Law,"Criminal Law is 30%.

The fields that combine to equal 30% are:

- Intellectual ",False,0.00265
251,histogram,Which crop type has the highest average yield per hectare ac,Tubers,"According to the chart, **Tubers** have the highest average yield per hectare, a",True,0.006134
145,histogram,Which fundraising event raised the most amount of money?,Online Campaign,"The **Online Campaign** raised the most money, at **$345,000**.",True,0.00183
bar_209,bar_chart,Which state has the highest annual donations?,California,"California has the highest annual donations, at **$400 million**.",True,0.001762
pie_90,pie_chart,What percentage of Tourism Expenditures is higher than Accom,25%,The category higher than Accommodation (20%) but lower than Air Travel (40%) is ,True,0.003034
74,histogram,How many museum exhibits have fewer than 100 thousand visito,19,Exhibits with fewer than 100 thousand visitors fall in the **0–50** and **50–100,True,0.006512
142,histogram,What is the number of hotels charging an average daily rate ,7,The number of hotels charging an average daily rate of under **50 USD** is **7**,True,0.00601
pie_414,pie_chart,What percentage of the student population is composed of Non,10%,Non-Traditional Students make up **10%** of the student population.,True,0.00594
bar_269,bar_chart,Which country has the largest difference between export and ,Germany,"From the chart:

- **USA:** Export 3.2, Import 2.9 → difference = **0.3 trillion",True,0.003252
bar_350,bar_chart,Which country has the lowest CO2 emission in tonnes among th,France,"France has the lowest CO2 emission in 2021, at 4000 tonnes.",True,0.00153
pie_449,pie_chart,What is the combined percentage of people using Streaming Se,28%,"Streaming Services are **40%** and Radio is **20%**.

So, the combined percentag",False,0.001954
pie_482,pie_chart,How much more is spent on Air Travel than on Cruise Lines in,15%,"Air Travel accounts for 30% and Cruise Lines for 15%.

So, Air Travel has 15 per",True,0.002282
bar_387,bar_chart,How much higher are the USA's e-commerce sales compared to F,$2.4 billion,"From the chart:

- **USA e-commerce sales** = **4.5**
- **France e-commerce sale",True,0.002696
87,histogram,What is the highest monthly occupancy rate and in which mont,85% in October,"The highest monthly occupancy rate is **85%**, and it occurs in **October**.",True,0.005764
8,histogram,How many more cases of heart disease are there compared to c,"43.8 per 100,000","From the chart:

- **Heart Disease:** 252 cases per 100,000  
- **Cancer:** 209 ",True,0.003018
bar_420,bar_chart,How many minutes does it take to travel by rail compared to ,5 minutes more,"From the chart:

- **Rail:** 10 minutes  
- **Air:** 5 minutes  

So, **rail tak",True,0.00208
pie_423,pie_chart,How much percent do Other Charitable Events contribute to th,5%,Other Charitable Events contribute **5%** of the revenue for nonprofit organizat,True,0.00235
38,histogram,How many events have ticket prices ranging from $100 to $200,230,"There are **230 events** with ticket prices ranging from **$100 to $200**.

This",True,0.002876
9,histogram,How many restaurants have annual revenue between 5 and 10 mi,40,There are **40 restaurants** with annual revenue between **$5 million and $10 mi,True,0.002334
pie_67,pie_chart,What is the combined percentage of Primary School and Univer,40%,"Primary School is 25% and University is 15%.

Combined percentage: 25% + 15% = 4",True,0.002008
pie_9,pie_chart,What percentage of people are interested in Technology caree,5%,Technology careers account for **5%**.,True,0.002684
bar_368,bar_chart,How many million USD less are France's donations compared to,$250 million USD less,"From the chart, donations are:

- USA: **500 million USD**
- France: **350 milli",False,0.002692
249,histogram,How many more millions of tons are transported by trucking c,192 million tons,"Trucking transports **193 million tons** more than rail.

Calculation: **731 - 5",True,0.002428
bar_229,bar_chart,Which country has the highest number of fans per sports team,USA,"From the chart:

- USA: 2,000,000 fans / 50 teams = 40,000 fans per team
- UK: 1",True,0.002964
bar_278,bar_chart,How much chemistry knowledge do individuals aged 41-50 posse,More,"Individuals aged **41–50** have a chemistry knowledge value of **15**, while tho",True,0.002922
pie_302,pie_chart,What is the combined percentage of Fruits and Vegetables in ,35%,"Fruits are 15% and Vegetables are 20%, so combined they make **35%**.",True,0.001948
246,histogram,What is the difference in Units Produced (thousands) between,85,"Raw Materials Processing = 250 thousand  
Final Assembly = 165 thousand  

Diffe",True,0.002398
pie_314,pie_chart,Which two renewable energy sources have the same percentage ,Solar Energy and Wind Energy,"The two pairs with the same percentage contribution are:

- **Solar Energy** and",False,0.00229
bar_99,bar_chart,Which department has the lowest number of employees?,Finance,"Finance has the lowest number of employees, with 30 employees.",True,0.001748
188,histogram,What type of service has the least number of patients?,Psychiatric Services,"The service with the least number of patients is **Psychiatric Services**, with ",True,0.002718
bar_326,bar_chart,Which country has the least number of research papers?,Germany,"Germany has the least number of research papers, with **180**.",True,0.001766
pie_221,pie_chart,What percentage of US adults have attained either an Associa,34%,"From the chart:

- **Associate's Degree:** 20%
- **Master's Degree:** 14%

So, *",True,0.002286
pie_328,pie_chart,What percentage of employee retention is attributed to Work-,5%,Work-Life Balance accounts for **5%** of employee retention.,True,0.001796
238,histogram,How many more thousand bookings do 3-star hotels have compar,25 thousand bookings,"3-star hotels have **25 thousand more bookings** than 5-star hotels.

- **3-star",True,0.002692
bar_60,bar_chart,What is the average home value in the South region?,600000,"The average home value in the **South** region is **$600,000**.",True,0.002854
185,histogram,How many home sales were there in the 300-400k price range?,55,There were **55 home sales** in the **300–400k** price range.,True,0.002304
bar_304,bar_chart,Which city has the highest number of houses sold?,Houston,Los Angeles has the highest number of houses sold.,False,0.001472
91,histogram,How many internet users does Africa have in millions?,216.0,Africa has **210 million** internet users.,True,0.002148
pie_186,pie_chart,What percentage of the Education Level Distribution is accou,40%,Tertiary education accounts for **40%** of the distribution.,True,0.00182
bar_266,bar_chart,How many more gallery visits were there than theater visits ,20,"In Germany, gallery visits were **60** and theater visits were **40**.

So, the ",True,0.002498
pie_172,pie_chart,What percentage of the energy sources does Wind contribute t,35%,Wind contributes **35%** of the energy sources in the USA in 2023.,True,0.002076
bar_334,bar_chart,How much revenue did YouTube generate in 2021?,15 million dollars,"From the chart, **YouTube generated about $15 million in revenue in 2021**.",True,0.002328
182,histogram,What is the total number of hotels with an occupancy rate be,40,"Hotels with occupancy rates between 40% and 80% are in the:

- **40–60%** range:",True,0.002884
22,histogram,How many households have a carbon footprint in the range of ,90,There are **90 households** in the **20–25 metric tons CO2e** range.,True,0.005808
pie_101,pie_chart,What is the combined percentage of the Energy and Constructi,12%,"Energy is **7%** and Construction is **5%**.

Combined: **12%**.",True,0.002112
pie_205,pie_chart,How much more is the production percentage of Livestock comp,10%,"Livestock is **10 percentage points** more than Grains.

- **Livestock:** 25%
- ",True,0.002314
bar_6,bar_chart,Which region has the highest number of Hospitals?,South,"The **South** region has the highest number of **Hospitals**.

- East: 10
- West",True,0.001854
55,histogram,What is the user count for the hours spent daily category of,60 million,The user count for the **5–6 hours** category is **60 million**.,True,0.005828
bar_193,bar_chart,Which country has the highest recycling rate?,France,France has the highest recycling rate at **64%**.,True,0.002192
pie_450,pie_chart,What percentage of the energy sources is attributed to Natur,30%,Natural Gas is attributed **30%**.,True,0.001732
117,histogram,What is the number of franchises with a revenue range of 200,10,The number of franchises in the **200–250 million dollar** revenue range is **10,True,0.00306
pie_402,pie_chart,What is the percentage for Benefits and Wellness Programs?,10%,The percentage for **Benefits and Wellness Programs** is **10%**.,True,0.002244
68,histogram,What is the number of websites in the range of 1-1.5 million,40,The number of websites in the **1–1.5 million** daily active users range is **40,True,0.005856
bar_82,bar_chart,Which country has the highest number of Theatre achievements,UK,"From the chart, **the UK** has the highest number of **Theatre** achievements.

",True,0.00222
bar_153,bar_chart,By how many percentage points did the employment rate increa,2 percentage points,"From the chart, the employment rate was:

- **2017:** 76%
- **2018:** 78%

So th",True,0.002942
pie_70,pie_chart,How much more is the Percentage of using Video Games compare,15%,"Video Games is **15 percentage points** more than Online Shopping.

- **Video Ga",True,0.002718
pie_199,pie_chart,How much is the percentage of Full-time Employees?,60%,The percentage of **Full-time Employees** is **60%**.,True,0.001174
bar_256,bar_chart,Which state has the highest amount of charitable donations?,Florida,"Florida has the highest amount of charitable donations, at **700 million dollars",True,0.001798
19,histogram,What is the quantity of items with a defect rate of 3-4%?,"350,000","The quantity of items with a defect rate of **3–4%** is **350,000**.",True,0.00309
bar_103,bar_chart,How many more tons of beverages does Europe produce compared,1000,"The chart shown is about **hospitals, doctors, and nurses**, not beverage produc",False,0.002504
pie_72,pie_chart,What percentage of the total voting participation does the 4,11%,The **45–54** age group represents **11%** of the total voting participation.,True,0.001902
177,histogram,Which three crops have yields higher than 70 million metric ,"Maize, Rice, Wheat","The three crops with yields higher than 70 million metric tons are:

- Sugarcane",False,0.003098
pie_60,pie_chart,What taxation category has the same percentage as Property T,Excise Tax and Other,"Property Tax is **15%**. The categories with the same percentage are:

- **Excis",False,0.002032
bar_183,bar_chart,What is the difference in average home prices between Miami ,20000,"From the chart:

- Los Angeles average home price: **$400,000**
- Miami average ",True,0.002232
3,histogram,Which field of study had the least number of patents issued?,Aerospace Engineering,"Aerospace Engineering had the least number of patents issued, with 190 patents.",True,0.005914
114,histogram,Which department has the least budget allocation according t,Science and Technology,"According to the chart, **Science and Technology** has the **least budget alloca",True,0.003128
pie_214,pie_chart,What percentage of the gender distribution is Non-binary in ,2%,The chart shows **Non-binary = 2.0%**.,True,0.0015
bar_399,bar_chart,By how many millions did Store Sales exceed Online Sales in ,200,"In March 2021:

- **Store Sales** = **1000 million**
- **Online Sales** = **800 ",True,0.00198
bar_348,bar_chart,How much higher is the rental price in the South compared to,$150,"The rental price in the **South** is **$1,100**, and in the **Midwest** it is **",True,0.001922
171,histogram,How many hours do the 35-44 age group spend on social media ,2.1,The 35–44 age group spends about 2.1 hours per day on social media on average.,True,0.002374
111,histogram,What is the total number of schools that have a student enro,43,"Schools with enrollment less than 20 thousand are in these ranges:

- 0–5: 3
- 5",True,0.003254
pie_18,pie_chart,How much greater is the percentage of Full-Time Employees co,50%,"Full-Time Employees are **50 percentage points greater** than Contractors.

- Fu",True,0.001912
pie_208,pie_chart,What is the percentage of people with a university education,10%,The percentage of people with a **university education level** is **10%**.,True,0.001242
bar_150,bar_chart,How many more customers are in the East region compared to t,100,"From the chart:

- **East customers** = 4600  
- **North customers** = 4500  

D",True,0.00233
109,histogram,How many more thousands of visitors did Modern Art exhibitio,60 thousands,"Modern Art attracted **60 thousand** more visitors than Sculpture.

Calculation:",True,0.00612
bar_119,bar_chart,How many more volunteers does the Red Cross have compared to,200 volunteers,"From the chart, the **Red Cross** has **400 volunteers** and **UNICEF** has **38",False,0.001826
278,histogram,What percentage of the population is classified as either ov,43%,"From the chart:

- **Overweight:** 27%
- **Obesity:** 16%
- **Severe Obesity:** ",False,0.003466
pie_465,pie_chart,Which sport has the smallest percentage of popularity in the,Soccer,"Soccer has the smallest popularity percentage in the chart, at 3%.",True,0.001296
bar_204,bar_chart,How much more crop production does Canada have compared to t,600 tonnes,"From the chart:

- **Canada crop production** = **3100**
- **USA crop production",False,0.002006
275,histogram,How many metric tons per hectare is the yield for rice?,4.1,The yield for **rice** is **4.1 metric tons per hectare**.,True,0.00228
pie_78,pie_chart,What percentage of employees are in the age group 30-44?,45%,The percentage of employees in the **30–44** age group is **45%**.,True,0.001896
106,histogram,How many monthly visitors did art galleries have?,110 thousand,Art galleries had **110 thousand monthly visitors**.,True,0.005684
pie_321,pie_chart,Which platform has the smallest market share according to th,Wearables,"The platform with the smallest market share is **Wearables**, at **5%**.",True,0.001876
bar_13,bar_chart,Which country has the highest percentage of renewable energy,Germany,"From the chart:

- USA: 50 / 500 = 10%
- UK: 65 / 560 ≈ 11.6%
- Germany: 80 / 55",True,0.002558
bar_104,bar_chart,What was the percentage of Chemistry Patents in 2011?,25%,The percentage of **Chemistry Patents in 2011** was **25%**.,True,0.001506
pie_128,pie_chart,"What job sectors have equal percentages in the US, 2023?",Education and Business,"The sectors with equal percentages are:

- **Education** and **Business** — both",False,0.001824
169,histogram,How many countries emit more than 300 million metric tons of,6,"Countries emitting more than 300 million metric tons fall in these bins:

- 300–",True,0.006388
bar_141,bar_chart,Which country has the highest number of doctors per hospital,Germany,"From the chart:

- **USA:** 500,000 doctors / 6,000 hospitals ≈ **83.3 doctors p",True,0.00324
pie_344,pie_chart,What percentage of tax revenue comes from Excise Tax?,10%,Excise Tax accounts for **10%** of the tax revenue.,True,0.00181
multi-axes_213,multi-axes,Which product has the lowest average price per kilo accordin,Fruits & Vegetables,"According to the chart, **Fruits & Vegetables** has the **lowest average price p",True,0.004478
multi-axes_112,multi-axes,What is the revenue of e-commerce websites compared to blog ,$25 billion,"From the chart:

- **E-commerce websites revenue:** **$35 billion**
- **Blog web",True,0.006336
72,histogram,What is the Monthly Sales value for the month of May?,55 million dollars,The Monthly Sales value for **May** is **$55 million**.,True,0.002968
multi-axes_264,multi-axes,How much higher is the average settlement amount for civil c,"$11,310","From the chart:

- **Civil cases average settlement** = **$19,000**
- **Family c",True,0.004856
multi-axes_21,multi-axes,How many jobs were created by the dairy products industry?,11000,"The dairy products industry created **11,000 jobs**.",True,0.002558
multi-axes_42,multi-axes,Which category has the highest average session length?,Social Media,"The category with the **highest average session length** is **Social Media**, at",True,0.002106
multi-axes_5,multi-axes,What is the revenue of rail transport?,81.8 billion dollars,The revenue of **Rail Transport** is **82 billion dollars**.,True,0.005686
multi-axes_45,multi-axes,How many more customers does electricity have compared to nu,1000 customers,"From the chart:

- **Electricity customers:** 1950  
- **Nuclear Energy customer",True,0.004528
multi-axes_35,multi-axes,Which field has the highest number of graduates?,Mechanical Engineering,"Mechanical Engineering has the highest number of graduates, with about **230 tho",True,0.002618
multi-axes_28,multi-axes,Which category has the highest income per capita?,Housing,"The category with the highest income per capita is **Housing**, at **$3,200**.",True,0.002682
multi-axes_2,multi-axes,How much more does private health insurance cost compared to,78800 dollars,"From the chart:

- **Private Health Insurance cost:** about **$99,000**
- **Pres",True,0.004818
multi-axes_3,multi-axes,How many tons of CO2 emissions were reduced by Sustainable A,2300,"Sustainable Agriculture reduced **2,100 tons of CO2 emissions**.",True,0.003938
multi-axes_50,multi-axes,What is the total amount of fines for Contract Disputes in m,2.4,The total amount of fines for Contract Disputes is **2.4 million dollars**.,True,0.003222
multi-axes_11,multi-axes,How many patent applications are there in the field of Softw,40000,"The number of patent applications in **Software Engineering** is **40,000**.",True,0.004976
multi-axes_46,multi-axes,How much is the Gross Profit of the Aerospace category?,"$110,000","The **Gross Profit** for the **Aerospace** category is **$110,000**.",True,0.00403
multi-axes_49,multi-axes,What is the gross revenue difference between grocery stores ,400 billion dollars,"The gross revenue for:

- Grocery Stores = **$880 billion**
- Convenience Stores",True,0.004196
multi-axes_19,multi-axes,What is the average revenue per store for electronics stores,7.90 thousands of USD,The average revenue per store for **electronics stores** is **8 thousand USD**.,True,0.003966
multi-axes_30,multi-axes,What is the average monthly data usage for Cloud Computing?,100 GB,The average monthly data usage for **Cloud Computing** is **50 GB**.,False,0.00395
multi-axes_23,multi-axes,How much higher is the revenue from musical performances com,3000 million dollars,"From the chart, revenue is:

- Musical Performances: about **$4.05 billion** (or",True,0.005108
multi-axes_36,multi-axes,How many more minutes does a patient spend on average in Sur,50 minutes,"From the chart:

- **Emergency Care** average time = **70 minutes**
- **Surgical",True,0.004572
multi-axes_39,multi-axes,How many more participants are there in Dance compared to Li,17000,"Dance has **17,000 more participants** than Literary Arts.

- **Dance:** 23,000
",True,0.004514
multi-axes_9,multi-axes,How many more days of average vacation time does Research an,11 days,Research and Development has **11 more days** of average vacation time than Sale,True,0.00277
multi-axes_41,multi-axes,How many more Single Family Homes are available compared to ,4800 homes,"From the chart:

- **Single Family Homes:** 7,800 available
- **Townhomes:** 3,0",True,0.004578
multi-axes_43,multi-axes,What are the online revenues generated by Cloud Computing?,$90 billion,Cloud Computing generates **$85 billion** in online revenues.,True,0.003884
multi-axes_33,multi-axes,Which platform has the highest number of Monthly Active User,Facebook,"From the chart, **Twitter** has the highest number of **Monthly Active Users**, ",False,0.004648
multi-axes_4,multi-axes,What is the average length of stay for patients receiving Re,7 days,The average length of stay for patients receiving Rehabilitation Services is 7 d,True,0.005008
multi-axes_1,multi-axes,What is the average court time for Family Law?,50 minutes,The average court time for **Family Law** is **50 minutes**.,True,0.003932
multi-axes_22,multi-axes,What is the difference in average GPA between secondary educ,0.6,"From the chart:

- **Secondary Education average GPA** = **3.3**
- **Postgraduat",True,0.003132
multi-axes_32,multi-axes,How long is the average wait time for Diagnostic Care?,15 minutes,The average wait time for **Diagnostic Care** is **15 minutes**.,True,0.003934
multi-axes_6,multi-axes,How many households are using solar energy according to the ,220,"According to the chart, **Solar** is used by **220 households**.",True,0.003952
multi-axes_44,multi-axes,What is the difference in total revenue between the electron,-$2000 million,"The **electronic store** total revenue is **$6,000 million**, and the **clothing",True,0.004728
multi-axes_34,multi-axes,What is the average price difference between natural gas and,$3,"From the chart:

- **Natural Gas average price** = **$5**
- **Petroleum average ",True,0.004704
multi-axes_25,multi-axes,By how many thousands of tonnes is the CO2 reduction from Ai,450 thousands of tonnes,"From the chart:

- **Air Quality Monitoring** CO2 reduction = **1330** thousand ",False,0.0054
multi-axes_37,multi-axes,How many thousands of subscribers does the Social Media cate,1230,"The Social Media category has **1,230 thousand subscribers**.",True,0.003904
multi-axes_24,multi-axes,What is the average cost per unit for Pharmaceuticals?,$20,The average cost per unit for **Pharmaceuticals** is **$20**.,True,0.003964
multi-axes_26,multi-axes,Which category has the highest number of stores?,Discount Stores,"The category with the highest number of stores is **Discount Stores**, with **5,",True,0.004026
multi-axes_15,multi-axes,How much is the total budget allocated for both Public Safet,$290 million,Public Safety has a budget of **$150 million** and Public Works has **$140 milli,True,0.002994
multi-axes_20,multi-axes,What is the carbon footprint of the agriculture sector?,500 lbs/sqft,The agriculture sector’s carbon footprint is **500 lbs/sq ft**.,True,0.003932
multi-axes_13,multi-axes,How many more millions of dollars in revenue does online str,$1570 million dollars,"From the chart:

- **Online Streaming revenue** = **3800 million dollars**
- **G",True,0.004712
multi-axes_29,multi-axes,How many Criminal Cases are there in the Environmental categ,41000,"There are **41,000 Criminal Cases** in the **Environmental** category.",True,0.00395
multi-axes_7,multi-axes,What is the percentage of renewable energy usage in South Am,17.4%,South America’s renewable energy usage is **17.4%**.,True,0.00392
multi-axes_38,multi-axes,What is the total number of journal subscribers for Politica,550 thousands,Political Science has about **350** journal subscribers and Philosophy has about,True,0.004134
multi-axes_31,multi-axes,How many more days on average does a Single Family Home stay,21 days,"From the chart:

- **Single Family Homes:** about **54 days**
- **Mobile Homes:*",True,0.004482
multi-axes_14,multi-axes,How much higher is the current carbon emission in the Indust,7.95 million tonnes of CO2,"From the chart, current carbon emissions are:

- **Industrial:** about **8.25 mi",True,0.004984
multi-axes_8,multi-axes,How many more patents are there in Electrical Engineering co,209 patents,"From the chart:

- **Electrical Engineering patents:** 520  
- **Aerospace Engin",True,0.004516
multi-axes_17,multi-axes,Which category has the highest Number of Research Papers?,Biomedical,"The category with the highest **Number of Research Papers** is **Biomedical**, w",True,0.004076
multi-axes_40,multi-axes,What is the average delivery time for Courier Services?,65 hours,The average delivery time for **Courier Services** is **66 hours**.,True,0.003932
multi-axes_18,multi-axes,How many more bottles of beer were sold compared to water?,0 bottles,"From the chart, **beer bottles sold = 40** and **water bottles sold = 60**.

So,",False,0.00424
multi-axes_48,multi-axes,How much higher is the average salary of Senior Managers com,"$45,000","From the chart:

- **Senior Managers average salary:** **$90,000**
- **Office Ad",True,0.004648
multi-axes_47,multi-axes,How much higher is the average ticket price for basketball c,$20,"From the chart:

- **Basketball average ticket price:** **$40**
- **Baseball ave",True,0.00442
multi-axes_12,multi-axes,How much profit did the Machinery category generate?,"$19,500","The **Machinery** category generated a profit of **$8,500**.",False,0.003962
multi-axes_10,multi-axes,What is the difference in sales between fruit juice and dair,$9700,"From the chart:

- **Fruit Juice sales** = **$56,500**
- **Dairy Products sales*",True,0.005208
multi-axes_27,multi-axes,How many more millions of tons of CO2 emissions does refores,60 millions of tons,"From the chart, **reforestation** reduces **70 million tons** of CO₂, while **so",True,0.004656
multi-axes_16,multi-axes,What is the difference in labor hours between the automotive,2200 hours,"From the chart:

- **Automotive Parts labor hours:** 2300  
- **Electronics labo",True,0.004614
pie_405,pie_chart,What percentage is Sales Tax of the total taxation?,17%,Sales Tax is **17%** of the total taxation.,True,0.002196
pie_426,pie_chart,"What percentage of common law violations is attributed to ""P",10%,“Public Intoxication” accounts for **9.1%** of common law violations.,True,0.001856
pie_360,pie_chart,Which type of lawsuit has the same percentage as Personal In,Intellectual Property,Personal Injury is **20%**. The lawsuit type with the **same percentage** is **I,True,0.001418
bar_276,bar_chart,How much revenue did Germany generate in 2021?,7000 million,"Germany generated **8,300 million** in revenue in 2021.",False,0.001784
box_106,box,What is the median annual temperature for Asia?,26,The median annual temperature for **Asia** is **26°C**.,True,0.002586
rings_180,rings,What is the combined ratio percentage for Overhead Cost and ,25%,"Overhead Cost is 15% and Profit is 10%, so the combined ratio is 25%.",True,0.001926
line_num_6,line_chart_num,How many cars were produced in the month of August?,1100 thousand,"In **August**, **1100 thousand cars** were produced, i.e. **1.1 million cars**.",True,0.002792
bar_225,bar_chart,Which country has the highest number of publications in Phil,France,"From the chart, **France** has the highest number of **Philosophy** publications",True,0.00161
box_181,box,What is the median recovery time for pneumonia?,25,The median recovery time for **pneumonia** is **25 days**.,True,0.001812
box_285,box,Which sector shows the highest variability in production tim,Furniture,"Based on the boxplot, the **interquartile ranges (IQR = Q3 - Q1)** are approxima",True,0.00375
bar_275,bar_chart,How many more web users are there in the UK than in France?,30 million,"From the chart:

- **UK web users** = 240  
- **France web users** = 210  

So, ",True,0.003022
line_num_218,line_chart_num,In which month was the production for Product C the highest?,January,"Product C had its highest production in **April**, with **1400 units**.",False,0.001818
bar_393,bar_chart,How many hundred tourists visited France?,44,France had **44 hundred tourists** visit.,True,0.00145
line_num_275,line_chart_num,By how much did hydropower energy production increase from 2,40 GWh,Hydropower production increased from **200 GWh in 2020** to **240 GWh in 2024**.,True,0.003802
rings_83,rings,What is the ratio for Artificial Intelligence according to t,14%,"According to the chart, **Artificial Intelligence = 15%**.

So the ratio is **15",True,0.003058
box_131,box,"What is the maximum yield for oats, according to the given d",80,The maximum yield for oats is **150 tonnes**.,False,0.001408
rings_281,rings,How much higher is the utilisation ratio of Visual Arts comp,14%,"Visual Arts has a utilisation ratio of **31%**, while Music has **17%**.

So, th",True,0.002512
rings_240,rings,Which category has the smallest ratio of cases in 2023?,Human Rights Cases,"The category with the smallest ratio in 2023 is **Human Rights Cases**, at **7%*",True,0.00213
bar_108,bar_chart,How many more sports fans does the UK have compared to Germa,7000,"The UK has **7,000 more sports fans** than Germany.

- **UK:** 25,000
- **German",True,0.00281
line_num_356,line_chart_num,What is the percentage difference in the adoption rate of Te,5%,"Technology B increased from **25% in 2002** to **30% in 2003**.

So the differen",True,0.003004
box_224,box,Which provider has the smallest difference between the third,Provider A,"The provider with the smallest difference between Q3 and Q1, meaning the smalles",True,0.00218
line_num_104,line_chart_num,By how much did Youtube views increase from 2020 to 2023?,1.5 billion,YouTube views increased from **3.0 billion** in 2020 to **4.5 billion** in 2023.,True,0.002322
rings_164,rings,"Which category has a larger ratio, Equipment Maintenance or ",Equipment Maintenance,"Equipment Maintenance has the larger ratio.

- Equipment Maintenance: 24%
- Cost",True,0.002706
bar_118,bar_chart,How much renewable energy does Europe produce?,2000 million KW,"Europe produces **2,000 million kW** of renewable energy.",True,0.001762
box_203,box,What is the range of the house prices in Boston excluding ou,$250 - $650,"For **Boston**, excluding outliers, the house prices range from about **$250,000",False,0.003348
rings_61,rings,What is the ratio for Warehousing?,24%,The ratio for **Warehousing** is **24%**.,True,0.005896
bar_94,bar_chart,How much more electricity does the East region consume compa,2000 KWh,"In the East region:

- Electricity consumption = 5,000 kWh
- Solar energy produc",True,0.002626
box_238,box,What is the median exam score for students at the university,70,The median exam score for **university-level** students is **70%**.,True,0.001502
line_num_463,line_chart_num,By how much did the income per capita increase from 2010 to ,$5000,"From the chart, income per capita was:

- **2010:** 50,000  
- **2011:** 55,000 ",True,0.003544
bar_12,bar_chart,How many groceries are there in Asia?,1000,"In Asia, there are **1,000 groceries**.",True,0.000992
line_num_498,line_chart_num,Which platform had the smallest increase in the number of us,Platform B,"From the chart:

- Platform A: 80 → 130, increase of 50 million
- Platform B: 20",True,0.006682
line_num_268,line_chart_num,By how much did the number of domestic tourists exceed inter,20 million,"In 2021:

- Domestic tourists = 90 million
- International tourists = 70 million",True,0.00234
box_142,box,What is the range of the median viewership on YouTube accord,14.0,"From the box plot, **YouTube’s median viewership is about 14 million**.

If you ",True,0.005756
rings_179,rings,What is the combined ratio of Advertising and Delivery in 20,30%,"From the chart:

- **Advertising = 15%**
- **Delivery = 15%**

So, the **combine",True,0.002182
rings_100,rings,What is the combined ratio of Quality and Safety Performance,59%,"Quality is **39%** and Safety Performance is **20%**.

So, their combined ratio ",True,0.002242
box_204,box,What is the median level of Sulfur Dioxide according to the ,0.35,The median level of Sulfur Dioxide is approximately 0.35 ppm.,True,0.002274
bar_463,bar_chart,Which sport has the lowest participation percentage among se,Basketball,"Among seniors, **Basketball** has the lowest participation percentage at **20%**",True,0.005964
bar_347,bar_chart,Which region has the highest percentage of renewable energy ,Europe,"Europe has the highest percentage of renewable energy sources, at 50%.",True,0.004988
rings_208,rings,How much higher is the ratio of Court Rulings compared to Re,15%,"From the chart:

- **Court Rulings = 30**
- **Representation = 15**

So, the rat",True,0.002444
line_num_21,line_chart_num,What was the total number of family cases filed from 2001 to,13000,"Family cases by year:

- 2001: 2,500  
- 2002: 3,000  
- 2003: 3,500  
- 2004: 4",True,0.002726
box_68,box,Which entertainment category has the lowest maximum rating?,Movie,"From the boxplot, **Music** has the **lowest maximum rating**, with a top rating",False,0.001766
rings_74,rings,What percentage of the Transportation and Logistics Performa,11%,Fleet Maintenance occupies **11%** of the Transportation and Logistics Performan,True,0.001814
line_num_135,line_chart_num,What is the percentage increase of offline sales from 2006 t,150%,Offline sales increased from **200 billion dollars** in 2006 to **500 billion do,True,0.00289
box_247,box,What is the third quartile value for Carbon Fiber's compress,700,The third quartile (Q3) for Carbon Fiber's compression strength is 700 MPa.,True,0.00187
bar_97,bar_chart,How many more cases were filed than closed in Germany?,30 thousand,"In Germany:

- Cases filed = 280 thousand
- Cases closed = 250 thousand

Differe",True,0.002264
rings_126,rings,How much higher is Education Quality compared to Student Sat,12%,"From the chart:

- **Education Quality = 32**
- **Student Satisfaction = 20**

S",True,0.002948
bar_429,bar_chart,What was the increase in the consumption of renewables from ,400 TWh,Renewables consumption increased from **1100 TWh in 2020** to **1500 TWh in 2023,True,0.003786
line_num_376,line_chart_num,By how many millions did YouTube users increase from 2015 to,400 million,"YouTube users increased by **400 million** from 2015 to 2019.

- **2015:** 200 m",True,0.005074
box_99,box,What is the range of the median processing times across the ,85 to 115 days,"From the boxplot, the median processing times are approximately:

- Personal Inj",True,0.002864
rings_101,rings,What is the combined ratio of Academic Achievement and Extra,35%,"Academic Achievement is **25%** and Extracurriculars is **10%**.

So, their comb",True,0.001968
line_num_295,line_chart_num,How many more students are there in 9th Grade compared to 5t,40,"There are **40 more students** in **9th Grade** than in **5th Grade**.

- 9th Gr",True,0.00372
box_258,box,What is the median sentence length for Constitutional Law?,50 months,The median sentence length for Constitutional Law is 50 months.,True,0.001964
line_num_5,line_chart_num,Which country has the smallest population among the listed c,Japan,"Among the listed countries, **Japan** has the smallest population, at **130 mill",True,0.00267
rings_64,rings,What is the ratio for Mental Health Support in 2023?,15%,The ratio for **Mental Health Support** in **2023** is **15%**.,True,0.001622
bar_344,bar_chart,What is the difference in housing prices between Los Angeles,$1.3 million,"From the chart:

- **Los Angeles housing price:** **$3.0 million**
- **Chicago h",True,0.002508
bar_469,bar_chart,Which region has the lowest crop production?,East,"The **East** region has the lowest **crop production**, at **2000 tons**.",True,0.001344
bar_335,bar_chart,How many volunteer hours were contributed in Europe?,2500,"Europe contributed **2,500 volunteer hours**.",True,0.001202
box_92,box,Which social media platform has the highest median user coun,Facebook,"According to the box plot, **Facebook** has the **highest median user count** in",True,0.002412
line_num_247,line_chart_num,By how much did the Corporate Tax Rate decrease from 2001 to,3%,"The Corporate Tax Rate decreased from 35% in 2001 to 32% in 2004, a decrease of ",True,0.002268
box_209,box,What is the maximum salary for the age group 31-35 without c,8000,"For the **31–35** age group, the **maximum salary without considering outliers**",True,0.002836
rings_285,rings,What is the ratio of Content Quality in the Social Media and,22%,"From the chart, **Content Quality = 27** out of a total of:

- Engagement = 15
-",True,0.0031
line_num_465,line_chart_num,How much did the average download speed increase from 2021 t,20 Mbps,"From the chart, the average download speed was:

- **2021:** 50 Mbps  
- **2023:",True,0.003114
box_104,box,What is the median donation amount for Oxfam?,600,The median donation amount for **Oxfam** is **$600**.,True,0.003612
bar_403,bar_chart,Which department has the highest average salary?,IT,"The **IT** and **Sales** departments have the highest average salary, at **60 th",True,0.001588
rings_255,rings,How much greater is the ratio for Education compared to Econ,17%,"From the chart for 2023:

- **Education = 32**
- **Economics = 15**

Difference:",True,0.0034
rings_275,rings,Which categories have the same ratio in the Sports and Enter,Sponsorship and Media Rights,"From the chart, **Merchandise** and **Advertising** have the same ratio, both at",False,0.00332
line_num_263,line_chart_num,What was the percentage increase in the Corporate Tax Rate f,14.29%,"From the chart, the **Corporate Tax Rate** was:

- **2001:** 35%
- **2003:** 40%",True,0.00363
bar_127,bar_chart,Which country has the highest retail output according to the,France,"France has the highest retail output, at **1200 million**.",True,0.001452
box_78,box,What is the median project duration for Mechanical Engineeri,14,The median project duration for **Mechanical Engineering** is **14 months**.,True,0.001782
rings_244,rings,What percentage of the revenue is generated from event parti,5%,Event Participation generates **5%** of the total revenue.,True,0.003218
line_num_130,line_chart_num,In which year did Employees D see the smallest increase in n,2003,"For **Employees D**, the values are:

- **2001:** 800  
- **2002:** 850 → increa",True,0.002774
box_243,box,What is the median screen-time for LinkedIn users?,1.2 hours,The median screen-time for **LinkedIn** users is **1.1 hours**.,True,0.001832
line_num_336,line_chart_num,How much did the Barley Yield increase from 2001 to 2002?,100 tons,"Barley yield increased from **1000 tons in 2001** to **1100 tons in 2002**.

**I",True,0.004174
bar_106,bar_chart,By how much did crop production increase from 2020 to 2023?,1 billion tons,Crop production increased from **3.2 billion tons in 2020** to **4.2 billion ton,True,0.002562
bar_433,bar_chart,How much more tons of food crops were produced in the South ,1100 tons,"In the **South**:

- **Food crops** = **3,800 tons**
- **Livestock** = **2,700 t",True,0.001856
rings_53,rings,What percent of the Charitable Contributions does Grants rep,17%,"From the chart, the 2021 charitable contributions are:

- Donations: 38
- Volunt",True,0.002578
box_216,box,Which subject has the highest median score?,Mathematics,"From the box plot, **Mathematics** and **English** have the highest median score",True,0.00197
line_num_157,line_chart_num,Which month had the highest number of shares?,July,"July had the highest number of shares, with 35 shares.",True,0.00257
rings_93,rings,What is the ratio for advances in Aerospace Engineering?,27%,The ratio for **Aerospace Engineering** is **27%**.,True,0.001824
bar_10,bar_chart,Which department has the highest number of employees?,Sales,"The **Sales** department has the highest number of employees, with **120 employe",True,0.004146
box_254,box,How many outliers are there in the Chemical Engineering fiel,2,"There are **2 outliers** in **Chemical Engineering**.

They appear around **50**",True,0.002408
line_num_10,line_chart_num,In which year was corn production the highest among the give,2004,"Corn production was highest in **2004**, at **15,000 tons**.",True,0.00205
bar_169,bar_chart,Which country had the highest manufacturing output in 2021?,USA,"The USA had the highest manufacturing output in 2021, at 6,000 million.",True,0.00162
box_214,box,Which department has the highest median working hours?,Customer Service,"From the boxplot, **Customer Service** has the **highest median working hours**,",True,0.001924
rings_99,rings,What percentage of the total ratio does Media represent?,10%,"From the chart, the ratios appear to be:

- Art: 35
- Music: 30
- Theater: 15
- ",True,0.002118
line_num_70,line_chart_num,By how much did renewable energy production increase from 20,200 million tonnes,Renewable energy production increased from **200 million tonnes** in 2000 to **4,True,0.00297
bar_24,bar_chart,How many entertainment events are there in Germany?,420,Germany has **420 entertainment events**.,True,0.00117
box_126,box,What is the median price of Electronics Store?,180,The median price for the **Electronics Store** is **180**.,True,0.001282
bar_177,bar_chart,What was the unemployment rate in the UK in 2021?,4.7%,The unemployment rate in the **UK in 2021** was **4.6%**.,True,0.001822
line_num_191,line_chart_num,In which year was the number of criminal cases filed closest,2013,The number of criminal cases filed was closest to the number of civil cases file,True,0.0031
rings_226,rings,What is the ratio of Digital Advertising to Website Traffic?,24%,"From the chart:

- **Digital Advertising = 120**
- **Website Traffic = 125**

So",True,0.002322
box_287,box,What is the median creation time for Digital Art?,28,The median creation time for **Digital Art** is **28 hours**.,True,0.001782
rings_183,rings,What is the percentage difference between the Raw Material C,10%,"Raw Material Cost is 30% and Marketing is 20%.

So, the percentage difference is",True,0.002154
line_num_443,line_chart_num,What is the BMI of a 21-year-old?,25.5,"From the chart, the **BMI at age 21 is 25.5**.",True,0.002654
bar_285,bar_chart,How many students are there in Germany in hundreds?,190,"Germany has **190** students in hundreds.

That means **19,000 students**.",True,0.0016
box_186,box,What is the median meal price at Fine Dining restaurants?,50,The median meal price at **Fine Dining** restaurants is **$50**.,True,0.0018
line_num_201,line_chart_num,In which year did the retail sales reach 700 billion dollars,2004,Retail sales reached **700 billion dollars in 2004**.,True,0.001526
rings_282,rings,What is the ratio for Sales Volume performance?,19%,The ratio for **Sales Volume performance** is **19%**.,True,0.002226
rings_267,rings,How much larger is the ratio for Education compared to Ethic,28%,"From the chart for 2023:

- **Education = 38%**
- **Ethics = 10%**

The ratio of",False,0.006602
bar_171,bar_chart,Which country has the highest number of fans per sports team,Germany,"From the chart:

- USA: 450 fans / 50 teams = 9 fans per team
- UK: 410 / 60 ≈ 6",True,0.003464
rings_186,rings,How much larger is the ratio of Donations compared to Grants,20%,"From the chart:

- **Donations = 30**
- **Grants = 10**

So the ratio of Donatio",False,0.003232
box_59,box,How many outliers are there in the Rice crop yield distribut,2,"There are **2 outliers** in the **Rice** crop yield distribution.

They are the ",True,0.00206
box_128,box,What is the median sales value for Groceries?,225,The median sales value for **Groceries** is **225 thousand**.,True,0.001782
line_num_1,line_chart_num,By how many millions did Museum Visits increase from 2020 to,150 million,Museum Visits increased from **200 million** in 2020 to **350 million** in 2023.,True,0.002594
bar_342,bar_chart,What is the cost per kilometer for the train mode of transpo,$7.5,"For **Train**:

- **Distance** = 2000 km  
- **Cost** = 15000

So, **cost per ki",True,0.002794
rings_91,rings,What is the percentage for Employee Satisfaction?,22%,Employee Satisfaction is **22%**.,True,0.001708
line_num_323,line_chart_num,Which grade had the lowest average score according to the da,4th Grade,"The **4th Grade** had the lowest average score, with a score of **87**.",True,0.002328
bar_25,bar_chart,How much solar energy did the UK produce in 2021?,130 TWh,The UK produced **130 units** of solar energy in 2021.,True,0.00129
line_num_314,line_chart_num,What was the difference in sales between fruits and dairy pr,$100 million,"In August:

- Fruits sales = 400 million dollars
- Dairy products sales = 500 mi",True,0.003124
box_91,box,What is the range of the median production times across all ,45 to 60,"From the boxplot, the median production times are approximately:

- **Assembling",True,0.006996
rings_254,rings,What is the combined ratio of Quality Control and Customer S,40%,"From the chart:

- **Quality Control = 15**
- **Customer Satisfaction = 25**

Co",False,0.002874
bar_262,bar_chart,By what percentage does France's renewable energy usage exce,15%,"From the chart:

- USA renewable energy usage = **20%**
- France renewable energ",True,0.002786
box_95,box,How many outliers are there for Website D's user visit durat,2,"Website D has 2 outliers.

They are the points around 4.5 minutes and 36 minutes",True,0.005842
box_115,box,What is the median yield for corn according to the data?,60,The median yield for corn is 60 tons.,True,0.001706
line_num_310,line_chart_num,In which month was the difference between the numbers of Car,July,"Compute the difference between Cars and Trucks each month:

- January: 500 − 100",True,0.003756
bar_465,bar_chart,How many more galleries does France have compared to the UK?,20,"France has **30 more galleries** than the UK.

- **France:** 130 galleries  
- *",False,0.002034
rings_216,rings,What is the combined ratio of the Humanities and Politics an,32%,"From the chart:

- **Humanities = 18**
- **Politics and Law = 15**

Combined rat",False,0.002198
rings_172,rings,Which Variable has the highest ratio in Manufacturing and Pr,Quality Control,The variable with the highest ratio in 2023 is **Quality Control** at **30%**.,True,0.001152
line_num_334,line_chart_num,By how many points did the average ACT score increase from 2,12 points,"From the chart, the average ACT score was:

- **21** in **2001**
- **32** in **2",True,0.00265
box_284,box,What is the median sodium content for Dairy Products?,290,The median sodium content for **Dairy Products** is **290 mg**.,True,0.001798
rings_137,rings,What is the ratio for Homeownership Rate according to the ch,25%,"According to the chart, the **Homeownership Rate** ratio is **25%**.",True,0.002118
bar_427,bar_chart,Which state has the highest donations to charities ratio?,New York,"From the chart:

- California: 100 / 150 = 0.67
- Texas: 120 / 200 = 0.60
- New ",True,0.002742
line_num_375,line_chart_num,How much did the Revenue from Sports Events increase from 20,10 billion dollars,Revenue from Sports Events increased from **20 billion dollars in 2017** to **30,True,0.002444
bar_192,bar_chart,What is the difference in the number of graduates between hi,100,"In 2023:

- High school graduates = 250
- College graduates = 350

Difference = ",True,0.003022
box_233,box,Which manufacturing process has outliers indicating exceptio,Robot Automation,"The processes with visible outliers are:

- **Robot Automation** — outlier aroun",True,0.003106
line_num_66,line_chart_num,What is the difference between electricity consumption and r,70 megawatt-hours,"In April:

- Electricity consumption = 105 megawatt-hours
- Renewable energy con",True,0.003568
bar_318,bar_chart,Which mode of transportation has the shortest transit time?,Air,"The mode of transportation with the shortest transit time is **Air**, at **3 day",True,0.002308
box_94,box,How many outliers are there in the Art subject score distrib,2,"There are **2 outliers** in the **Art** score distribution.

They are the points",True,0.002818
line_num_220,line_chart_num,In what year was the difference between crimes reported and ,2014,"The smallest difference was in **2014**.

- Reported crimes: **1300**
- Proven c",True,0.001582
rings_155,rings,What percentage of the total is represented by Court Cases a,79%,"From the chart:

- Court Cases = 35
- Public Policies = 45

Combined = 35 + 45 =",True,0.003598
bar_293,bar_chart,Which country has the highest manufacturing output for Manuf,France,"France has the highest output for Manufacturing C, at 70 million.",True,0.001538
box_194,box,What is the median delivery time for Company Delta?,4.5,The median delivery time for Company Delta is 4.5 days.,True,0.001536
rings_145,rings,What is the sum of Treatment Outcome and Patient Satisfactio,33%,"Treatment Outcome is 18% and Patient Satisfaction is 16%.

Their sum is 34%.",True,0.001902
bar_263,bar_chart,What is the enrollment number for Stanford?,7,"Stanford’s enrollment is **7 hundred**, i.e. **700 students**.",True,0.00181
line_num_79,line_chart_num,How much did carbon emissions increase from 2001 to 2008?,800 million tonnes,Carbon emissions increased from **1000 million tonnes in 2001** to **1800 millio,True,0.002546
line_num_380,line_chart_num,What was the increase in the enrollment rate from the year 2,7%,"The enrollment rate increased from **78% in 2001** to **85% in 2006**.

**Increa",True,0.006334
box_295,box,Which subject has the highest median score according to the ,Math,"According to the boxplot, **Math** has the highest median score.

- **Math media",True,0.004382
rings_185,rings,What is the combined ratio for Human Interaction and Philoso,30%,"Human Interaction is **15%** and Philosophy is **15%**.

Combined, they make **3",True,0.00323
line_num_31,line_chart_num,How many million Twitter users were there in April 2021?,0.9,"In April 2021, Twitter had **0.9 million users**.",True,0.001574
box_244,box,How many outliers are there in the price distribution for Co,2,"There are **2 outliers** in the **Condo** price distribution.

They are approxim",True,0.00234
bar_65,bar_chart,Which country had the highest economic growth rate in 2021?,Germany,"From the chart, the **USA** had the highest economic growth rate in 2021, at **3",False,0.00413
rings_108,rings,What is the combined ratio for Education and Arts categories,46%,"From the chart:

- Education = 30
- Arts = 22

Combined = 30 + 22 = 52

If expre",True,0.002472
rings_35,rings,What are the combined ratios for Creativity and Education ca,40%,"From the chart:

- **Creativity = 20%**
- **Education = 20%**

So their **combin",True,0.002722
bar_232,bar_chart,Which country had the smallest difference between online and,France,"From the chart:

- **USA:** 3000 online vs 2000 offline → difference = **1000**
",True,0.003938
rings_270,rings,What is the combined ratio of Accomodation and Investment in,32%,"From the chart:

- **Accommodation = 15**
- **Investment = 20**

Combined ratio ",False,0.002166
line_num_439,line_chart_num,What is the average occupancy rate of Hotel B over the four ,1000,"Hotel B’s occupancy rates are **1200, 900, 1100, and 1600**.

Average  
= \( \fr",True,0.002734
box_191,box,Which hotel has the widest interquartile range?,Hotel D,"Hotel D has the widest interquartile range.

Its box is visibly the tallest, mea",True,0.002262
line_num_284,line_chart_num,What was the total number of Truck Loads transported in June,2400,"Truck Loads in:

- **June:** 1000  
- **July:** 1400  

**Total = 2400 truck loa",True,0.002854
rings_90,rings,"Which category has a higher ratio, Volunteering or Advocacy?",Volunteering,"Volunteering has a higher ratio than Advocacy.

- Volunteering: 15%
- Advocacy: ",True,0.001974
bar_num_293,bar_chart_num,What is the total consumption of coffee and tea in France (i,470 kg/year,"In France:

- Coffee: 470 kg/year
- Tea: 220 kg/year

Total consumption = 470 + ",True,0.001852
box_175,box,Which housing type has the highest median price?,Single Family Home,"From the boxplot, the highest median price is a tie between:

- **Single Family ",True,0.002148
box_237,box,What is the median salary of Consultants?,8500,"The median salary of **Consultants** is **8,500**.",True,0.00314
line_num_32,line_chart_num,What was the Nuclear Generation(kWh) in April?,1800,The Nuclear Generation in **April** was **1800 kWh**.,True,0.001286
rings_10,rings,What is the ratio for Social Welfare?,18%,The ratio for **Social Welfare** is **18%**.,True,0.002208
line_num_126,line_chart_num,What was the increase in fast food costs from 2001 to 2005?,4 dollars,"Fast food costs increased from **$10 in 2001** to **$14 in 2005**.

**Increase =",True,0.002132
bar_num_23,bar_chart_num,How much more air freight is there in Asia compared to Europ,200 tons,"From the chart:

- **Asia air freight** = **1100 tons**
- **Europe air freight**",True,0.00222
box_155,box,What is the range of the third quartile (Q3) data for the po,275,"From the boxplot:

- **CO2 Q3** ≈ **150**
- **NOx Q3** ≈ **125**

So the **range",False,0.002904
bar_num_449,bar_chart_num,How many doctors are there in France?,27000,"France has **27,000 doctors**.",True,0.003832
bar_173,bar_chart,What is the difference in percentage points between Science ,5%,"For 5th grade:

- **Math:** 85%
- **Science:** 90%

**Difference = 90% - 85% = 5",True,0.001832
line_num_159,line_chart_num,How much higher is the average score of the 7th grade compar,4,"The average score in 5th grade is **80**, and in 7th grade it is **84**.

So, th",True,0.00552
box_67,box,Which department has the highest median age?,HR,"From the boxplot, **HR** has the highest median age.

- **HR median:** about **3",True,0.002706
rings_276,rings,What is the percentage of Market Share according to the Fina,2%,The Market Share percentage in 2023 is **2%**.,True,0.00278
rings_188,rings,By what percentage do Home Prices exceed Rent Prices in the ,15%,"From the chart:

- **Home Prices = 36**
- **Rent Prices = 21**

Percentage by wh",True,0.003886
bar_num_372,bar_chart_num,What is the Agricultural Output of France in millions?,450,France's agricultural output is **450 million**.,True,0.002524
box_82,box,What is the median case length for Ogletree Deakins?,9,The median case length for **Ogletree Deakins** is **9 months**.,True,0.001854
rings_150,rings,What is the ratio allocated for Social Welfare?,39%,The ratio allocated for **Social Welfare** is **39%**.,True,0.002946
line_num_304,line_chart_num,What was the average price per pound of beef in 2023?,2.9 USD,The average price per pound of beef in **2023** was **$2.9 per lb**.,True,0.001584
rings_189,rings,What percentage of the Arts and Culture Investment is alloca,25%,Education is allocated **25%** of the Arts and Culture Investment in 2023.,True,0.001886
line_num_235,line_chart_num,In which quarter of 2020 were truck sales at the lowest?,2020 Q3,Truck sales were lowest in **2020 Q3**.,True,0.004706
bar_num_300,bar_chart_num,Which country has the highest attendance per sports team?,USA,"Attendance per team:

- USA: 20000 ÷ 20 = 1000
- UK: 18000 ÷ 15 = 1200
- Germany",True,0.002436
box_174,box,Which product category has outliers below the minimum?,Beauty Products,"The **Beauty Products** category has outliers **below the minimum whisker**.

It",True,0.004204
line_num_128,line_chart_num,In what year did Instagram users reach 300 million?,2012,Instagram users reached **300 million in 2012**.,True,0.003098
box_278,box,What is the median value of greenhouse gas emissions for Cit,5.3,The median greenhouse gas emission for **City E** is approximately **5.2 tons**.,True,0.001852
rings_13,rings,What percentage is allocated to Automation according to the ,20%,Automation is allocated **20%** according to the chart.,True,0.001506
bar_num_136,bar_chart_num,How many tons of fruits were produced by Canada?,45000,"Canada produced **45,000 tons of fruits**.",True,0.001718
bar_num_119,bar_chart_num,How many millions in donations were made in South America?,40,South America had **40 million** in donations.,True,0.001474
line_num_306,line_chart_num,How much is the Average Salary in Week 3?,1400,The average salary in **Week 3** is **1400**.,True,0.001784
box_177,box,Which product type has outliers that are below the minimum p,Furniture,"From the boxplot, **Furniture** has outliers **below the minimum whisker/product",True,0.004168
box_178,box,What is the median value of a pottery artwork according to t,$100,The median value for a pottery artwork is **$100**.,True,0.001988
bar_num_237,bar_chart_num,Which country has the lowest manufacturing output in categor,USA,"Category B outputs are:

- USA: 1200
- UK: 1300
- Germany: 1400
- France: 1500

",True,0.001994
rings_243,rings,What ratio is assigned to Cultural Engagement in the Analysi,25%,"Cultural Engagement is assigned **25%** of the total.

As a ratio, that is **25:",True,0.00156
rings_127,rings,What percentage of the total is dedicated to Infrastructure ,12%,Infrastructure is **12%** of the total.,True,0.001764
line_num_209,line_chart_num,What is the difference in electricity consumption between Ma,200 kWh,"From the chart, electricity consumption is:

- March: 600 kWh
- July: 800 kWh

D",True,0.001896
bar_num_95,bar_chart_num,What is the average salary for employees in South America?,45000,"The average salary for employees in **South America** is **$45,000**.",True,0.002854
bar_num_397,bar_chart_num,Which country has the lowest number of tourists according to,USA,"According to the chart, the **USA** has the lowest number of tourists, with **30",True,0.001614
box_54,box,What is the median revenue for Microsoft?,350,The median revenue for **Microsoft** is **350 million**.,True,0.001746
rings_47,rings,What is the utilisation ratio for Food Safety within Agro-Pr,25%,The utilisation ratio for **Food Safety** in **Agro-Production Trends - 2023** i,True,0.002016
box_119,box,What is the median energy usage for Geothermal in 2020?,100,The median energy usage for **Geothermal** in **2020** is **100**.,True,0.001536
line_num_485,line_chart_num,What was the total harvest for Crop B over the four years?,4100 tonnes,"Crop B harvests were:

- 2001: 800 tonnes
- 2002: 900 tonnes
- 2003: 1100 tonnes",True,0.002604
bar_num_278,bar_chart_num,Which country has the least number of publications in Histor,UK,"From the chart, **the UK** has the least number of **History** publications, wit",True,0.002934
box_108,box,What is the median ping time for ISP C?,33,The median ping time for **ISP C** is **33 ms**.,True,0.002244
line_num_69,line_chart_num,How much more did Donations D receive than Donations C in th,500 million dollars,"In 2018:

- Donations **D** = **1600 million dollars**
- Donations **C** = **110",True,0.003778
rings_167,rings,What is the ratio for Education in the chart?,25%,The ratio for **Education** in the chart is **25%**.,True,0.00278
bar_num_25,bar_chart_num,In which year did the internet users reach 5000 million acco,2017,"According to the chart, internet users reached **5000 million in 2017**.",True,0.001526
line_num_346,line_chart_num,What is the total number of hotel room bookings for the mont,320,The total number of hotel room bookings in **March** is **320**.,True,0.005028
box_280,box,How many outliers are identified for the TV price distributi,Three,"There are 3 outliers for the TV price distribution.

They are the red points at ",False,0.001938
rings_271,rings,What is the difference in percentage between Expenses and Re,36%,"From the chart:

- **Expenses = 150**
- **Revenue = 50**

**Difference = 150 - 5",True,0.003886
box_256,box,What is the median attendance at Tennis events?,45,The median attendance for Tennis events is 45 thousand.,True,0.002178
line_num_19,line_chart_num,In which year did the number of transactions reach its peak ,2020,The number of transactions reached its peak in **2020**.,True,0.001162
bar_num_466,bar_chart_num,How many more hospitals are there in the West region compare,10,"The West region has **10 more hospitals** than the South region.

- West: **35**",True,0.002114
line_num_45,line_chart_num,How many tweets were made on the day when the online users w,35000,"When the online users were 55,000, the number of tweets was 35,000.",True,0.001876
rings_120,rings,Which category has the lowest ratio in the transportation an,Safety Standards,"The category with the lowest ratio is **Safety Standards**, at **10%**.",True,0.001864
bar_num_425,bar_chart_num,Which country has the highest percentage of renewable energy,France,"From the chart, the renewable energy percentages are:

- USA: 20%
- UK: 25%
- Ge",True,0.002082
rings_210,rings,What is the combined ratio of Nuclear Energy and Grid Reliab,15%,"From the chart:

- Nuclear Energy = 10%
- Grid Reliability = 5%

Combined ratio ",True,0.002368
rings_177,rings,Which two areas are tied for the smallest ratio according to,Manufacturing and Testing,"The two areas tied for the smallest ratio are **Manufacturing** and **Testing**,",False,0.001618
box_58,box,What are the outliers for Instagram's time spent distributio,[0.4;7.3],"From the boxplot, Instagram’s outliers are the points beyond the whiskers:

- **",True,0.00257
box_230,box,Which policy area has the highest median approval time?,Environmental Policy,"The **Environmental Policy** area has the **highest median approval time**, at a",True,0.001878
rings_152,rings,What percentage of the analysis is taken up by Humanities?,35%,Humanities takes up **35%** of the analysis.,True,0.001736
line_num_72,line_chart_num,Which product has the lowest sales in March?,Product B,"In March, **Product B** has the lowest sales at **450**.",True,0.001796
line_num_42,line_chart_num,In which year was the difference between total purchases and,2021,"From the chart:

- 2019: Total 100, Retail 80 → difference = 20
- 2020: Total 12",True,0.002766
bar_num_347,bar_chart_num,By what percentage does Economics exceed Sociology in France,17%,"In **France**, **Economics = 38%** and **Sociology = 21%**.

So, Economics excee",True,0.003974
bar_num_225,bar_chart_num,Which country has the highest manufacturing index according ,UK,"According to the chart, the **UK** has the highest manufacturing index at **100*",True,0.001622
line_num_200,line_chart_num,How many more millions of people used online shopping in 201,600 million more people,"Online shopping users were **400 million more** in 2016 than in 2013.

- **2013:",True,0.002392
rings_106,rings,What percentage more does Spending contribute to Public Poli,12%,"From the chart:

- **Spending = 27%**
- **Law Enforcement = 15%**

Difference:
*",True,0.003306
box_291,box,What is the median battery life for an iPhone?,12,The median battery life for an **iPhone** is **12 hours**.,True,0.0018
bar_num_147,bar_chart_num,Which country has the least number of students?,USA,"The **USA** has the least number of students, with **500** students.",True,0.002274
box_215,box,What is the median cost of Theater activities?,240,The median cost of Theater activities is **$240**.,True,0.001054
line_num_444,line_chart_num,What was the total percentage increase in the Health Care Bu,1%,"The Health Care Budget increased from **30% in 2001** to **31% in 2004**.

So th",True,0.004424
rings_55,rings,What is the ratio difference between Media Rights and Events,5%,"From the chart:

- **Media Rights = 30%**
- **Events = 25%**

So the **differenc",True,0.002466
bar_num_217,bar_chart_num,Which region has the highest government spending?,Asia,"Asia has the highest government spending, at **250 billion**.",True,0.00567
box_226,box,What are the outliers for the Managers' salary distribution?,[100000;190000],"For the **Managers** salary distribution, the outliers are the red “x” points:

",True,0.00257
line_num_98,line_chart_num,How much higher is the population in the West compared to th,20 million,"The population in the **West** is **20 higher** than in the **East**.

- West: *",True,0.002496
rings_36,rings,What is the combined ratio of Hydroelectricity and Other Sou,21%,"Hydroelectricity is **15%** and Other Sources is **6%**.

So, their combined rat",True,0.001988
rings_238,rings,What percentage of the category ratios does Revenue represen,20%,Revenue represents **20%** of the category ratios.,True,0.002716
box_113,box,What is the median donation amount received by Save the Chil,600,The median donation amount for **Save the Children** is **$600**.,True,0.005936
line_num_316,line_chart_num,What quarter had the highest profit for the online retail st,Q3,"The highest profit was in **Q3**, with **600 million dollars**.",True,0.003344
box_228,box,Which housing type has the highest median price?,Single Family Home,"The **Single Family Home** has the highest median price, at about **$500,000**.",True,0.003238
bar_261,bar_chart,By how many millions did the number of Internet users increa,100 million,"From the chart, Internet users increased from **800 million in 2010** to **900 m",True,0.001524
line_165,line_chart,What is the wind speed in the month of April? ,8 m/s,The wind speed in **April** is **8 m/s**.,True,0.002232
candlestick_173,candlestick,What was the closing price on the day with the lowest low pr,75.8,"The lowest low price is on **Jan 1, 2022** at about **69.5**.  
The **closing pr",True,0.002964
bar_485,bar_chart,How many patients are there in Germany?,18000,"Germany has **18,000 patients**.",True,0.001364
box_116,box,What is the median share price for Stock E?,$80,The median share price for **Stock E** is **80 USD**.,True,0.001464
bar_num_339,bar_chart_num,Which age group had the highest ratio of number of tests to ,0-10,"From the chart:

- Age group 0: 1000 / 400 = 2.5  
- Age group 18–29: 800 / 400 ",True,0.003556
candlestick_60,candlestick,What was the closing price of the stock on 2022-02-05?,$1980,"On **2022-02-05**, the **closing price** was **1980**.",True,0.001972
box_289,box,"What is the median sale value of ""Ready-made Meals""?",90,The median sale value of **Ready-made Meals** is **90 thousand**.,True,0.002032
line_457,line_chart,What is the increase in CO2 concentration from 2020 to 2023?,6 ppm,"From the chart, CO2 concentration increases from **415 ppm in 2020** to **422 pp",False,0.002246
bar_41,bar_chart,How much more tax revenue did the USA collect compared to it,$50 billion,"From the chart for the USA in 2021:

- **Public spending** = **400 billion**
- *",True,0.002328
candlestick_151,candlestick,What was the high price of the stock on 2020-01-09?,45.20,The high price on **2020-01-09** was **45.2**.,True,0.001542
line_67,line_chart,By how much did Carbon Emission increase from March to July?,25 units,"Carbon Emission increased from **35** in **March** to **60** in **July**.

So, t",True,0.00222
box_239,box,What is the median approval duration for Health Policy?,15,The median approval duration for **Health Policy** is **15 days**.,True,0.002244
candlestick_56,candlestick,What was the High Price of the stock on 2022-02-14?,57,The High price on **2022-02-14** was **57**.,True,0.001924
line_79,line_chart,How many days of employee leave were taken in Q3 2020?,20 days,"In **Q3 2020**, employee leave taken was **5 days**.",False,0.002846
bar_372,bar_chart,How much more does the UK charge for retail cost over manufa,$15,"From the chart for the **UK**:

- **Manufacturing cost** = **$45**
- **Retail co",True,0.002164
bar_338,bar_chart,By how much does the manufacturing output of Germany exceed ,$10 billion,"Germany’s manufacturing output is **10 billion** higher than its investment.

Ca",True,0.003554
candlestick_218,candlestick,What was the low price on 2019-04-29?,$53.4,The low price on **2019-04-29** was **53.4**.,True,0.004646
box_77,box,Which organization has the highest median donation amount?,GreenFuture,"From the boxplot, **GreenFuture** has the highest median donation amount.

- **G",True,0.002634
line_30,line_chart,What is the increase in the average meal cost from 2015 to 2,$15,"From the chart, the **average meal cost** was:

- **$25** in **2015**
- **$40** ",True,0.00227
candlestick_149,candlestick,What is the Closing Price on 2020-02-15?,24.2,The closing price on 2020-02-15 is **$24.2**.,True,0.001854
bar_308,bar_chart,What is the average cost for Air transportation?,200,The average cost for **Air transportation** is **$200**.,True,0.002226
box_135,box,Which social platform has the longest recorded user session?,YouTube,"From the boxplot, **Twitter** has the **longest recorded user session**, at abou",True,0.002438
line_480,line_chart,How many more inventions were there in Inventions D compared,2,"In the year 2000:

- **Inventions D = 14**
- **Inventions A = 12**

So, **Invent",True,0.00306
bar_182,bar_chart,How many more Internet users are there in the USA compared t,125 million,"From the chart:

- USA internet users: 375 million
- UK internet users: 250 mill",True,0.00177
candlestick_244,candlestick,What was the High Price of the stock on 2022-01-26?,155,The **High Price** on **2022-01-26** was **155**.,True,0.001542
bar_456,bar_chart,What is the average house price in the East region?,"$450,000","The average house price in the **East** region is **$450,000**.",True,0.001514
box_160,box,By how much does the Median production time of Food & Bevera,6,"From the boxplot:

- **Food & Beverage median** ≈ **15 days**
- **Textiles media",True,0.002472
line_69,line_chart,What is the total production for Product C over the four mon,5000 tonnes,"Product C production values are:

- January: 1200 tonnes
- February: 1100 tonnes",True,0.00262
candlestick_223,candlestick,What is the difference between the highest and lowest prices,30,"In December 2020, the highest price is about **375** and the lowest price is abo",True,0.001596
box_260,box,What is the range of the third quartile values across all en,65-190,"From the boxplot, the third quartile values \(Q3\) are approximately:

- **Hydro",False,0.003694
bar_280,bar_chart,Which region has the highest number of houses according to t,Asia,"According to the chart, **Asia** has the highest number of houses, with **1300**",True,0.002706
line_168,line_chart,How many Patient Visits(thousands) were there in June?,150,"In **June**, the **Patient Visits** were **150 thousand**.",True,0.00165
line_276,line_chart,What is the wind speed in February?,4 m/s,The wind speed in **February** is **4 m/s**.,True,0.001762
box_259,box,How many outliers are there in the Mathematics academic fiel,2,"There is **1 outlier** in the **Mathematics** data for **2020**.

It appears as ",True,0.004298
candlestick_289,candlestick,How much did the closing price increase from the opening pri,$2.5,"On 2020-09-08, the opening price was about **56.1** and the closing price was ab",True,0.002308
bar_385,bar_chart,How much electricity did France produce in GWh in 2021?,1500,"France produced **5,000 GWh** of electricity in 2021.",False,0.001576
candlestick_113,candlestick,What was the difference between the High Price and the Low P,$10,"On **2019-10-22**, the **High Price was 115** and the **Low Price was 105**.

So",True,0.001954
line_358,line_chart,In which year was the Sulphur Dioxide emission at its highes,2012,The Sulphur Dioxide (SO2) emission was highest in **2012**.,True,0.001856
box_61,box,Which company has the smallest median product processing tim,Company B,"From the boxplot, the median processing times are approximately:

- Company A: 9",True,0.002646
bar_327,bar_chart,How many more female students are there in middle school com,400,"In **middle school**, there are:

- **900 male students**
- **1300 female studen",True,0.002448
box_165,box,What is the median meal preparation time at Mediterraneana?,40,The median meal preparation time at **Mediterraneana** is **40 minutes**.,True,0.005802
bar_364,bar_chart,How many more hospital beds per 1000 people does Europe have,1.7,"Europe has **1.7 more hospital beds per 1000 people** than Asia.

- **Europe:** ",True,0.002262
line_108,line_chart,How much did the donations increase from 2018 to 2022?,250 million dollars,"From the chart:

- **2018 donations:** 150 million dollars  
- **2022 donations:",True,0.002512
candlestick_250,candlestick,How much did the High Price differ from the Low Price on 202,$3,"On **2020-09-30**, the **High Price** was about **108.8** and the **Low Price** ",True,0.00172
box_179,box,"Which crop type has the widest range of yield distribution, ",Corn,"According to the boxplot, **Corn** has the widest range of yield distribution.

",True,0.002646
line_427,line_chart,Which year had the highest cereal output from 2001 to 2004?,2004,"The highest cereal output was in **2004**, at **95 million tons**.",True,0.001508
bar_487,bar_chart,How many more patients are there in the North compared to th,500,"The North has **500 more patients** than the West.

- **North:** 5500 patients  ",True,0.00227
candlestick_170,candlestick,What was the range of the high prices during the first week ,$400,"During the **first week of February 2020** (around **Feb 1–Feb 7**), the **high ",True,0.002616
box_176,box,Which department has the lowest median of employee absence?,Marketing,"The department with the **lowest median employee absence** is **Marketing**.

- ",True,0.002278
candlestick_193,candlestick,What was the low price of healthcare stocks on 2021-10-07?,175,"On 2021-10-07, the **low price** of the healthcare stock was **$175**.",True,0.001622
bar_424,bar_chart,Which state has the highest solar energy production in 2021?,Texas,"Texas has the highest solar energy production in 2021, with **6,000 kWh**.",True,0.002158
line_157,line_chart,Which art form had the highest increase in revenue from 2000,Painting,"From the chart, the revenue increases from **2000 to 2003** are:

- **Painting:*",True,0.003692
box_129,box,Which industry sector has the highest median Q1 revenue?,Health Services,"From the boxplot, **Health Services** has the **highest median Q1 revenue**.

Th",True,0.0022
candlestick_97,candlestick,How much did the Closing Price change from 2019-05-08 to 201,$3.6,"From the chart:

- **2019-05-08 Closing Price:** about **33.2**
- **2019-05-15 C",True,0.002802
line_280,line_chart,At what age group does the average blood sugar level reach 1,50-60,"From the chart, the average blood sugar level reaches **160** at the **50-year-o",True,0.001918
box_272,box,What is the median loan size for Jumbo Loans?,60000,"The median loan size for Jumbo Loans is $60,000.",True,0.001432
line_298,line_chart,In which month did Online Sales reach 34 billion dollars?,July,Online Sales reached **34 billion dollars in July**.,True,0.003084
bar_92,bar_chart,How many more million spectators are there for Basketball co,0.7 million,"Basketball has **0.7 million** more spectators than Tennis.

- **Basketball spec",True,0.002158
candlestick_182,candlestick,On which date was the low price at its lowest value?,2022-01-01,"The lowest **low price** occurred on **January 1, 2022**.",True,0.001516
box_222,box,How many outliers are there in the Electrical Engineering da,1,"There is **1 outlier** in the **Electrical Engineering** data.

It’s the red poi",True,0.001962
bar_122,bar_chart,What is the difference between income and expenses of the co,500 million,"In 2020:

- **Income** = 2500 million  
- **Expenses** = 2000 million  

**Diffe",True,0.002502
bar_358,bar_chart,How much livestock production does Germany have in million t,50,Germany’s livestock production is **50 million tons**.,True,0.00172
box_271,box,Which crop type has the highest median yield according to th,Rice,"According to the box plot, **Rice** has the **highest median yield**, at about *",True,0.00241
candlestick_147,candlestick,What was the range between the high and low prices on 2021-0,$20,"On **2021-01-04**, the **high** was **165** and the **low** was **145**.

**Rang",True,0.00201
line_231,line_chart,In which year did the ticket sales reach half of the box off,2024,"Ticket sales reached **half of the box office revenue in 2024**.

- **Box office",True,0.002928
line_496,line_chart,What is the increase in online sales from January to June?,$1.7 billion,"Online sales increased from **2.5** in January to **4.2** in June.

**Increase =",True,0.002442
candlestick_75,candlestick,What was the High Price ($) on 2020-05-07?,90,The High Price on **2020-05-07** was **$90**.,True,0.001938
bar_443,bar_chart,What is the ratio of distance to time for the Truck mode of ,666.67 miles per hour,"From the chart, for **Truck**:

- **Distance = 300 miles**
- **Time = 6 hours**
",False,0.002496
box_187,box,What is the median stay duration for Hotel D?,6,The median stay duration for **Hotel D** is **6 nights**.,True,0.00233
line_247,line_chart,In which month did Truck Fleet have the smallest size accord,January,Truck Fleet had the smallest size in **January**.,True,0.001728
candlestick_258,candlestick,In which month did the closing price have the least differen,2019-08,The month with the least difference between the closing price and the high price,True,0.003216
candlestick_79,candlestick,What was the closing price on 2021-03-01?,$17000,"The closing price on **2021-03-01** was **17,000**.",True,0.00195
bar_273,bar_chart,What is the average price of houses in the East area?,480000,"The average price of houses in the **East** area is **$350,000**.",False,0.002124
line_420,line_chart,What was the price difference between Product B and Product ,5 dollars,"In April (month 4):

- Product B = **$40**
- Product D = **$35**

**Price differ",True,0.002046
box_171,box,How many education types have outliers in their GPA distribu,3,"Four education types have outliers in their GPA distribution.

They are:
- Maste",False,0.002648
bar_339,bar_chart,Which sport has the least number of participants?,Basketball,"Basketball has the least number of participants, with 150 participants.",True,0.001086
line_412,line_chart,What was the production of Crop D in 2020?,1600 tonnes,Crop D production in 2020 was **1600 tonnes**.,True,0.002044
candlestick_81,candlestick,On which date was the opening price exactly $51.50?,2019-05-15,The opening price was exactly **$51.50 on May 15**.,False,0.0019
line_132,line_chart,How much wind energy was produced in March?,60,"In March, wind energy production was **60**.",True,0.001946
candlestick_224,candlestick,What was the low price on 2019-04-05?,46.5,The low price on **2019-04-05** was **46.5**.,True,0.001536
box_217,box,Which charity has the median donation amount closest to 900?,Charity D,"From the boxplot, the median donation amounts appear to be approximately:

- Cha",True,0.003628
bar_49,bar_chart,How much did Germany spend on Research & Development in bill,80,Germany spent **80 billion** on Research & Development.,True,0.002544
box_220,box,Which law firm has the highest median billing hours?,Firm C,"From the boxplot, **Firm C** and **Firm D** have the **highest median billing ho",True,0.002484
bar_142,bar_chart,How many tourist visits were there in France in 2021?,470000,"France had **500,000 tourist visits** in 2021.",True,0.001454
box_72,box,What is the median house price in Chicago?,"$300,000","The median house price in **Chicago** is **$300,000**.",True,0.003946
candlestick_76,candlestick,What was the low price on 2020-03-17?,243,The low price on **2020-03-17** was **242**.,True,0.001918
bar_77,bar_chart,How many units were sold on the East Coast?,1000,"The East Coast sold **1,000 units**.",True,0.001718
line_1,line_chart,In which year did the number of tourists surpass 9000 for th,2019,"From the chart, the number of tourists first surpasses **9000 in 2020**.",True,0.001876
candlestick_211,candlestick,What is the lowest closing price ($) during this period?,525000,"The lowest closing price during this period is **$525,000**.",True,0.001468
box_81,box,What is the Median production time for vehicles?,15,The median production time for **vehicles** is **15 hours**.,True,0.001764
line_162,line_chart,By how many hours did the training hours increase from 2015 ,100 hours,"Training hours increased from **50** in 2015 to **150** in 2019.

So, the increa",True,0.002268
bar_252,bar_chart,How many more students are there in the USA compared to Germ,"1,000,000 students","The USA has **1,000,000 more students** than Germany.

- USA: **6,000,000**
- Ge",True,0.002268
candlestick_280,candlestick,On which date was the opening price exactly $115.7?,2020-01-15,"The opening price was exactly **$115.7 on February 12, 2020**.",True,0.001522
line_447,line_chart,What was the unemployment rate in 2002?,5.6,The unemployment rate in **2002** was **5.6%**.,True,0.001798
bar_452,bar_chart,Which country has the highest stock prices according to the ,France,"According to the chart, **France** has the highest stock prices at **130 million",True,0.00185
box_117,box,Which social media platforms have outliers in their daily us,"Twitter, Instagram, and LinkedIn","From the boxplot, the platforms with visible outliers are:

- **Twitter** — outl",False,0.002908
candlestick_243,candlestick,What is the closing price ($) on 2020-05-06?,105.8,The closing price on **2020-05-06** is **105.8**.,True,0.00268
line_221,line_chart,How many overtime hours were reported in 2019?,150,"In **2019**, the reported overtime hours were **150 hours**.",True,0.001648
box_195,box,What is the range of the median room prices across the hotel,$35,"From the boxplot, the median room prices are approximately:

- Hotel A: **$170**",False,0.00365
bar_379,bar_chart,How much higher is the average house price in the Southwest ,"$10,000","The average house price in the **Southwest** is **$40,000 higher** than in the *",False,0.002944
candlestick_205,candlestick,What was the High Price in the month of October 2021?,35000,The High Price in October 2021 was **35k**.,False,0.001456
box_265,box,Which crop has the shortest Q3 growth time?,Corn,"The crop with the **shortest Q3 growth time** is **Corn**.

- **Corn Q3 ≈ 90 day",True,0.003132
box_299,box,What is the median tensile strength value for Titanium?,1000,The median tensile strength for Titanium is 1000 MPa.,True,0.00175
line_85,line_chart,What is the percentage increase in carbon emission from 2020,31%,"From the chart, carbon emission increases from **4.2** in 2020 to **5.5** in 202",True,0.002482
line_246,line_chart,Which technology saw an equal percentage of usage in 2015?,Computer and smartphone,"In 2015, **computer usage** and **smartphone usage** were equal, both at **40%**",False,0.001948
bar_390,bar_chart,How many more courts does the UK have compared to Germany?,400,"From the chart:

- **UK courts:** 1,800  
- **Germany courts:** 1,400  

So, the",True,0.003018
bar_181,bar_chart,Which region has the highest total production of vegetables ,Asia,"Asia has the highest combined production of vegetables and fruits.

- Vegetables",True,0.002382
candlestick_284,candlestick,On which date did the stock achieve its highest closing pric,2020-08-14,"The highest closing price in August 2020 was on **August 14, 2020**.",True,0.001658
candlestick_90,candlestick,On which date was the High Price exactly $108?,2021-05-05,"The High Price was exactly **$108 on May 05, 2021**.",True,0.001454
line_337,line_chart,How many million bottles of soda were sold in 2002?,45,"In 2002, **45 million bottles** of soda were sold.",True,0.003938
box_276,box,Which destination has the highest median duration of stay ac,Tokyo,"According to the box plot, **Tokyo** has the **highest median duration of stay**",True,0.00259
candlestick_109,candlestick,What was the closing price on the date with the highest open,53.2,"The highest opening price is **51**, which occurs on **Sep 16**.

The **closing ",True,0.002126
bar_447,bar_chart,How many more theaters are there in the West compared to the,3,"The West has **3 more theaters** than the North.

- **West theaters:** 8  
- **N",True,0.001976
bar_497,bar_chart,How many photographs are there in Germany?,190,Germany has **190 photographs**.,True,0.00142
line_410,line_chart,In which year did ABC Company have the highest profit margin,2005,"Profit margin = Profit ÷ Revenue.

From the chart:

- 2001: 3/10 = 30%
- 2002: 4",True,0.004256
box_172,box,What is the median study time for the subject of Anthropolog,11 hours,The median study time for Anthropology is 11 hours.,True,0.005856
candlestick_69,candlestick,On which date did the real estate market see the highest clo,2021-03-26,"The highest closing price occurred on **March 26**, with a closing price of **$3",False,0.002014
line_161,line_chart,What was the percentage of computer ownership in 2016?,75%,The computer ownership percentage in 2016 was **75%**.,True,0.00154
bar_221,bar_chart,How many more homes were sold in the South East compared to ,20,"From the chart:

- **South East homes sold:** 520  
- **North East homes sold:**",True,0.002664
box_148,box,What is the median price of Townhouses?,400000,"The median price of Townhouses is $400,000.",True,0.002194
line_180,line_chart,What was the Employee Satisfaction rate in May?,87,The Employee Satisfaction rate in May was **87%**.,True,0.001502
candlestick_188,candlestick,What was the high price on the day when the lowest closing p,110,"The lowest closing price was **102** on **March 2, 2020**.

The **high price** o",True,0.001568
bar_303,bar_chart,How much are the benefits for the HR department?,2200,The benefits for the **HR department** are **2200**.,True,0.0033
box_122,box,What is the range of the median production times across all ,21,"From the boxplot, the median production times are approximately:

- Vehicle: 24 ",False,0.002734
line_340,line_chart,How many units of Product C were there in the inventory in A,1400,Product C had **1400 units** in **April**.,True,0.004914
box_71,box,What is the range of the crop yield for Maize?,19,"For **Maize**, the crop yield ranges from **1 tonne to 25 tonnes**.

- **Minimum",False,0.002202
candlestick_142,candlestick,How much did the High Price increase from September 2018 to ,$12,"From the chart:

- **September 2018 High** = **75**
- **January 2020 High** = **",True,0.002072
bar_105,bar_chart,What is the average home price in Miami?,"$470,000","The average home price in **Miami** is **$470,000**.",True,0.00145
bar_500,bar_chart,How many grocery stores are there in the South region?,420,There are **420 grocery stores** in the **South** region.,True,0.001312
candlestick_221,candlestick,What was the lowest closing price ($) recorded in the datase,26.2,The lowest closing price recorded in the dataset was **$25.7**.,True,0.003346
box_159,box,What is the median number of active users on Twitter?,350,The median number of active users on **Twitter** is **350 million**.,True,0.002798
line_13,line_chart,What was the increase in international tourists from 2001 to,20000,"International tourists increased from **10,000 in 2001** to **30,000 in 2005**.
",True,0.002188
box_152,box,Which truck model has the highest median fuel efficiency?,Model E,"From the boxplot, **Model E** has the highest median fuel efficiency.

Approxima",True,0.0035
candlestick_174,candlestick,What was the highest recorded price during the period from 2,$137,"The highest recorded price during 2020-01-01 to 2020-01-08 was **$137**, on **20",True,0.001816
line_117,line_chart,How many smartphones were sold in 2020?,180,"In **2020**, **180 smartphones** were sold.",True,0.001734
box_79,box,What is the median salary for an HR Specialist according to ,75,"The median salary for an **HR Specialist** is **$75,000**.",True,0.002054
line_80,line_chart,How many Instagram posts were there at 04:00?,1300,"At 04:00, there were **1300 Instagram posts**.",True,0.001468
candlestick_146,candlestick,What was the range of the High Price during the month of Feb,$150 to $165,"During **February 2021**, the **High Price** ranged from **150** to **170**.

So",True,0.002642
box_109,box,What is the maximum duration for a Chemical Engineering proj,27,"Without considering outliers, the **maximum duration** for **Chemical Engineerin",True,0.002032
candlestick_103,candlestick,What was the highest Closing Price ($) in the given dataset?,59.8,The highest **Closing Price ($)** in the dataset is **60.2**.,True,0.001442
bar_410,bar_chart,Which country has the highest total of crops and livestock p,Brazil,"Brazil has the highest combined total in 2021.

Approximate total:
- Brazil: 4.9",True,0.003044
line_321,line_chart,In what year did Painting D reach its highest price within t,2018,Painting D reached its highest price in **2018**.,True,0.001748
bar_474,bar_chart,How much longer does it take to travel by road compared to b,42 hours,"According to the chart, travel time by:

- **Air** = **2 hours**
- **Road** = **",False,0.002248
candlestick_251,candlestick,What was the High Price ($) for the sports and entertainment,98,"On 2022-01-15, the High Price was $98.",True,0.001506
line_404,line_chart,What is the month with the lowest yield for Crop C?,January,The month with the lowest yield for **Crop C** is **January**.,True,0.002076
box_158,box,What is the median price for Music?,1200,The median price for **Music** is **$1200**.,True,0.001444
bar_466,bar_chart,Which country has the highest number of civil cases?,UK,"The **UK** has the highest number of civil cases, with **35,000**.",True,0.001168
candlestick_296,candlestick,What was the low price on 2020-01-12?,$51,The low price on 2020-01-12 was **51**.,True,0.001488
box_107,box,What is the median sale price for Health and Beauty products,80,The median sale price for **Health and Beauty** products is **$80**.,True,0.001772
bar_237,bar_chart,Which platform has the second highest number of monthly acti,YouTube,The platform with the **second highest** number of monthly active users is **You,True,0.001978
line_216,line_chart,How much more corn is produced in Asia compared to North Ame,30000,"From the chart, corn production is:

- **North America:** 20,000
- **Asia:** 50,",True,0.002542
bar_152,bar_chart,Which country has the least number of grocery stores among t,France,"From the chart, the number of **grocery stores** is:

- USA: 150  
- Canada: 180",False,0.005586
box_246,box,Which utility provider has the highest median energy usage?,Provider E,"Provider **E** has the highest median energy usage, at about **700 kWh**.",False,0.001846
line_158,line_chart,How many volunteers were there in 2004?,10 million,"In **2004**, there were **10 million volunteers**.",True,0.00175
candlestick_85,candlestick,What is the difference between the highest and lowest price ,8.0,"On **2021-01-07**, the **highest price** is **140** and the **lowest price** is ",True,0.002456
bar_222,bar_chart,Which country has the maximum manufacturing output quantity ,USA,"According to the chart, the **USA** has the maximum manufacturing output quantit",True,0.0019
bar_147,bar_chart,How many photography pieces are there in Germany?,390,Germany has **390 photography pieces**.,True,0.00321
candlestick_145,candlestick,What was the high price on the day when the closing price fi,$153.2,"The closing price first exceeded **$150** on **Jan 25, 2021**.

On that day, the",True,0.001768
box_288,box,Which art form has outliers at or above 20 hours?,Dance and Visual Arts,"The art forms with outliers at or above 20 hours are:

- **Dance** — about **24 ",False,0.002334
line_154,line_chart,By how much did the unemployment rate increase from 2000 to ,2.5%,"The unemployment rate increased from **4.5% in 2000** to **7.0% in 2005**.

So, ",True,0.001518
line_31,line_chart,In which age group is the life satisfaction score exactly 7.,26-35,The life satisfaction score is exactly **7.2** in the **26–35** age group.,True,0.001896
candlestick_68,candlestick,On which date was the closing price exactly $590?,2020-03-22,The closing price was exactly **$590 on March 22**.,False,0.001864
bar_306,bar_chart,How many nonprofit organizations are there in France?,2000,"According to the chart, **France has 2,000 nonprofit organizations**.",True,0.001298
box_134,box,How many minutes is the median duration for an In-Person Int,65,The median duration for an **In-Person Interview** is **65 minutes**.,True,0.004978
candlestick_181,candlestick,Which month in 2020 had the highest Closing Price?,December,"December 2020 had the highest Closing Price, at 675.",True,0.002592
box_90,box,What is the median energy production value for Solar energy?,1200,The median energy production value for Solar is 1200 megawatts.,True,0.005918
line_382,line_chart,How much were the gross profits in the year 2019?,4 billion dollars,The gross profits in 2019 were **4 million dollars**.,True,0.002594
box_53,box,What is the median order time for Restaurant E?,13,The median order time for Restaurant E is 13 minutes.,True,0.001734
bar_360,bar_chart,What is the hazardous waste disposal rate(%) in the East reg,20,The hazardous waste disposal rate in the **East** region is **20%**.,True,0.001504
line_320,line_chart,How many employees were there in the year 2003?,1500,"In 2003, there were **1,500 employees**.",True,0.00177
box_163,box,What is the median duration for Virtual Learning?,3 hours,The median duration for Virtual Learning is 3 hours.,True,0.001716
candlestick_129,candlestick,In which quarter of 2018 did the government have the highest,2018-Q3,"In 2018, the highest closing budget was in **Q3 2018**, with a closing value of ",True,0.001668
bar_353,bar_chart,What is the Tax Revenue (in billions) for Germany?,1050,Germany’s tax revenue is **1050 billion**.,True,0.001224
candlestick_126,candlestick,On which date did the stock reach its highest price?,2021-05-10,"The stock reached its highest price on **May 10, 2021**, with a high of **$113.0",True,0.002798
bar_319,bar_chart,What is the difference in average home price between 2020 an,60000,"The average home price increased from **$180,000 in 2020** to **$240,000 in 2023",True,0.002308
line_64,line_chart,How much more energy did solar panels generate than wind tur,6000 units,"In **July**:

- **Solar panels** generated **15,000**
- **Wind turbines** genera",True,0.002532
candlestick_249,candlestick,What was the high price on the day the closing price was the,$1060,"The lowest closing price is on **Jan 5, 2018**, with a close of **1010**.

The *",True,0.002032
box_93,box,How many outliers are there in the Clothing production time ,3,"There are **3 outliers** in the **Clothing** production time data.

They appear ",True,0.004394
line_479,line_chart,How much did the market share of computers increase from 201,30,"The market share of computers increased from **60** in 2011 to **90** in 2016.

",True,0.002086
bar_78,bar_chart,Which country has the highest food production according to t,France,"According to the chart, **France** has the highest food production, with **3500 ",True,0.001384
box_277,box,Which region has the lowest Q3 value for CO2 emissions?,Africa,"The region with the lowest Q3 value is **Africa**.

From the boxplot, Africa’s u",True,0.002236
candlestick_172,candlestick,What was the High Price on the date when the Low Price was a,78,"The minimum **Low Price** was **70** on **May 3, 2019**, and the corresponding *",True,0.00175
candlestick_271,candlestick,What was the high price in the art market on 2020-05-01?,93.1,"On 2020-05-01, the high price in the art market was **$93**.",True,0.001774
line_378,line_chart,What is the consumption of fruits and vegetables in Canada?,140,"In Canada, the consumption of fruits and vegetables is **140**.",True,0.00223
box_89,box,Which Utility Provider has the highest median power consumpt,Provider E,"From the boxplot, **Provider E** has the highest median power consumption.

Appr",True,0.002886
bar_434,bar_chart,Which organization had the highest donation per donor ratio ,Red Cross,"From the chart:

- **Red Cross:** 10 million / 500 donors = **0.02**
- **World V",True,0.002768
line_193,line_chart,What is the average yearly income of Income B from 2001 to 2,$1000,"Income B values from 2001 to 2004 are:

- 2001: 800
- 2002: 900
- 2003: 1100
- 2",True,0.004536
bar_139,bar_chart,How many patents were granted in Germany in 2021?,2500,"Germany had **2,500 patents** granted in 2021.",True,0.00177
box_281,box,"What is the median price of a ""Villa""?",1000,The median price of a **Villa** is **1000**.,True,0.003916
candlestick_106,candlestick,What was the Low Price of stocks in 2020-09?,76.4,"From the chart, the **Low Price in 2020-09** was approximately **76.4**.",True,0.002014
bar_240,bar_chart,Which country has the highest ticket sales in 2021?,USA,"The **USA** has the highest ticket sales in 2021, at about **3.5 million**.",True,0.001492
candlestick_58,candlestick,What was the highest closing price in the year 2020 accordin,"$68,000","The highest closing price in 2020 was **68,000**.",True,0.001892
line_366,line_chart,What is the difference between Voter Registration and Voter ,8%,"In 2021:

- **Voter Registration** = **85%**
- **Voter Satisfaction** = **77%**
",True,0.001944
line_311,line_chart,What is the voltage reading at 50 minutes?,30 volts,"At **50 minutes**, the voltage reading is **30 volts**.",True,0.001448
bar_39,bar_chart,How many employees does Microsoft have?,7000,"From the chart, Microsoft has **7,000 employees**.",True,0.001744
box_274,box,What is the range of the interquartile of Organization D?,100,"For **Organization D**, the quartiles appear to be:

- **Q1 = 55**
- **Q3 = 155*",True,0.002302
candlestick_137,candlestick,What was the high price on 2020-10-26?,76,The high price on 2020-10-26 was **$76**.,True,0.001504
box_192,box,Which subject area has the highest median of citation distri,Psychology,"From the boxplot, **Psychology** has the highest median citation count.

- **Psy",True,0.00292
bar_473,bar_chart,How many students are enrolled in Quebec?,700,Quebec has **700 students enrolled**.,True,0.002684
box_213,box,What is the median yield for Soybeans?,6.5,The median yield for **Soybeans** is approximately **6.5 tons**.,True,0.001812
candlestick_169,candlestick,In which month did the housing market see the highest closin,2020-12-10,"In **December 2020**, the housing market had the **highest closing price** in 20",True,0.00202
line_32,line_chart,Which product has the highest average production over the fi,Product D,"From the chart:

- **Production A:** 20,000 + 25,000 + 22,000 + 23,000 + 24,000 ",False,0.00598
line_153,line_chart,How much did the number of scientific papers published incre,1500,The number of scientific papers published increased from **2000 in 2001** to **3,True,0.00287
box_296,box,Which social media platform has outliers in user engagement ,Twitter,"From the boxplot, the platforms with outliers lower than the minimum whisker/mai",True,0.00232
candlestick_281,candlestick,In which month did the artworks' opening price reach the max,2020-09-01,"The maximum opening price occurs in **October 2020**.

- Opening prices rise mon",True,0.001968
bar_81,bar_chart,What is the CO2 emission difference between Europe and North,1000000 kg/year,"From the chart:

- **North America CO2 emissions:** **8,000,000 kg/year**
- **Eu",True,0.002394
line_344,line_chart,How many more books were published in the US than in the UK?,250,"The US published **250 more books** than the UK.

- **US:** 500 books  
- **UK:*",True,0.003388
bar_272,bar_chart,Which season has the lowest fruit production?,Winter,"Winter has the lowest fruit production, with **8,000 tons**.",True,0.001778
candlestick_104,candlestick,On which date did the auction house art reach its highest hi,2022-02-05,"The highest **high price** was reached on **Feb 05**, at about **55**.",False,0.002868
line_172,line_chart,How many total orders were made in April?,9500,"In April, there were:

- Online orders: 6,000
- Offline orders: 3,500

Total ord",True,0.002452
box_293,box,Which energy source has the highest median value of energy e,Nuclear,"From the boxplot, **Nuclear** has the highest median energy efficiency.

Approxi",True,0.003144
bar_5,bar_chart,How much higher is the English score compared to the Science,8%,"For 7th grade:

- English score = 98
- Science score = 90

Difference: **98 - 90",True,0.002184
box_252,box,How many outliers are there for Ocean Freight's delivery tim,1,"Ocean Freight has 1 outlier in delivery time.

It’s the red point at 200 hours.",True,0.002158
candlestick_131,candlestick,What was the high price for the government bond on 2021-02-0,$86.5,The high price on **2021-02-01** was **86.5**.,True,0.001544
line_495,line_chart,What is the average test score for the 7th grade?,90,The average test score for 7th grade is **90**.,True,0.001772
candlestick_52,candlestick,What is the high price of the equipment on 2021-02-23?,$2950,The high price on **2021-02-23** is **2950**.,True,0.00194
line_152,line_chart,Which platform crossed 1 billion users first according to th,Facebook,"According to the chart, **Facebook** crossed **1 billion users first**.

- **Fac",True,0.002834
box_202,box,What is the range of Sugarcane yields depicted in the datase,80 units,"From the boxplot, the **Sugarcane yield range excluding outliers** is approximat",True,0.00358
bar_267,bar_chart,Which country has the highest solar energy production?,Germany,"From the chart, **all four countries — USA, UK, Germany, and France — have the s",True,0.001726
bar_383,bar_chart,Which region had the highest average donation per donor?,Asia,"From the chart:

- **North America:** \$400,000 / 5,000 donors = **\$80 per dono",True,0.00438
box_269,box,Which event type has the highest median attendance?,Film Festival,"From the boxplot, **Book Fair** has the **highest median attendance**.

The medi",True,0.002484
candlestick_263,candlestick,What was the High Price on the day when the Lowest Price was,$75,"The lowest price recorded was **$68** on **November 2, 2020**.  
On that same da",True,0.001826
line_286,line_chart,By how much did the government expenditure increase from 201,$1.4 trillion,Government expenditure increased from **2.0 trillion dollars in 2010** to **3.4 ,True,0.002034
pie_34,pie_chart,What is the combined tourism share of France and Germany?,22%,"France is **11.82%** and Germany is **8.18%**.

Combined tourism share: **20.00%",True,0.003194
pie_13,pie_chart,What is the percentage of female employees according to the ,45%,The percentage of female employees is **45%**.,True,0.001952
pie_277,pie_chart,What percentage of the employment rate is attributed to fema,40%,Females account for **40%** of the employment rate.,True,0.001794
pie_427,pie_chart,What type of investment has the smallest percentage in the p,ETFs and Cash,"The smallest percentage in the portfolio is **Cash**, at **10%**.",False,0.00121
pie_270,pie_chart,What is the combined percentage for Mathematics and Computer,45%,"Mathematics is **25%** and Computer Science is **20%**.

**Combined percentage =",True,0.002722
pie_95,pie_chart,What percentage of the agricultural industry is made up of f,20%,Fruits make up **20%** of the agricultural industry in the chart.,True,0.0028
pie_473,pie_chart,What percentage of the donations is In-kind Donations?,25%,In-kind Donations make up **25%** of the donations.,True,0.001452
pie_64,pie_chart,What percentage of the homeownership is made up of Multi-Fam,10%,Multi-Family Homes make up **10%** of homeownership.,True,0.002238
pie_368,pie_chart,Which field of science has the largest percentage according ,Biology,Biology has the largest percentage at 25%.,True,0.002706
pie_462,pie_chart,What is the total percentage of people with at least a Bache,55%,"People with at least a Bachelor Degree include:

- Bachelor Degree: 30%
- Master",True,0.001566
pie_77,pie_chart,What is the combined percentage of YouTube and Twitter?,30%,"YouTube is 20% and Twitter is 10%, so combined they are **30%**.",True,0.001288
pie_156,pie_chart,What percentage of the Global Market distribution does Snack,15%,Snacks represent **15%** of the Global Market distribution.,True,0.00116
pie_443,pie_chart,What percentage of agricultural production is comprised of P,30%,"Poultry is 20% and Livestock is 10%, so combined they comprise **30%** of agricu",True,0.00201
pie_139,pie_chart,What percentage of the donations comes from fundraising even,5%,Fundraising events account for **5%** of the donations.,True,0.001792
pie_161,pie_chart,What is the combined percentage of the Rock and Classical mu,30%,"Rock is 20% and Classical is 10%, so combined they make **30%**.",True,0.00157
pie_113,pie_chart,What percentage of the distribution do paralegals and legal ,25%,"Paralegals and legal assistants together comprise **25%** of the distribution.

",True,0.002284
pie_396,pie_chart,What percentage of the agricultural production is attributed,5%,Livestock accounts for **5%** of the agricultural production.,True,0.002752
pie_329,pie_chart,What is the combined percentage for Education and Healthcare,45%,"Education is **22.7%** and Healthcare is **18.2%**.

Combined: **40.9%**.",True,0.001676
pie_201,pie_chart,How much larger is Facebook’s percentage compared to Instagr,15%,"From the chart:

- **Facebook:** 27.3%
- **Instagram:** 13.6%

Difference:

**27",True,0.00255
pie_55,pie_chart,What is the combined percentage of Meat and Seafood and Beve,30%,"Meat and Seafood is 15% and Beverages is 15%, so combined they make 30%.",True,0.001618
pie_207,pie_chart,What percentage of transportation in the US is done by Road?,45%,Road accounts for **45%** of transportation in the US in 2023.,True,0.00108
pie_58,pie_chart,How much more does Solar energy contribute to the percentage,10%,"Solar contributes **10 percentage points more** than Biomass.

- **Solar:** 25%
",True,0.002288
pie_324,pie_chart,What percentage of the donations is composed by Individual D,75%,"Individual Donations are **50%** and Corporate Donations are **25%**.

Combined,",True,0.002058
pie_203,pie_chart,What is the combined market share of Basketball and Ice Hock,35%,"Basketball is 20% and Ice Hockey is 15%, so their combined market share is 35%.",True,0.00194
pie_383,pie_chart,What percentage of the popularity does the Theatre and Film ,25%,"Theatre is **15%** and Film is **10%**.

Combined: **15% + 10% = 25%**

**Answer",True,0.006274
pie_351,pie_chart,What percentage of the healthcare services distribution is a,10%,Mental health is allocated **10%** of the healthcare services distribution.,True,0.001772
pie_409,pie_chart,How much higher is Television’s viewership percentage compar,15%,"Television has 35% viewership, while Social media has 20%.

So, Television’s vie",True,0.00212
pie_412,pie_chart,Which sector has the same percentage of government spending ,Healthcare,"Defense is **13.6%**, and the sector with the same percentage is **Healthcare**.",True,0.001252
pie_315,pie_chart,What is the lawyer population share percentage of Oceania?,3%,Oceania's lawyer population share is 3%.,True,0.001222
pie_285,pie_chart,How much greater is the percentage of employees with a Bache,21%,"The percentage with a **Bachelor's Degree** is **43%**, and with an **Associate'",True,0.00247
pie_411,pie_chart,What is the percentage difference between genders in the USA,10%,"The chart shows:

- Male: 45%
- Female: 55%

So the percentage difference betwee",True,0.00199
pie_184,pie_chart,What percentage of employees is working part-time in the US ,30%,The chart shows that **30%** of employees in the US in 2023 are working **part-t,True,0.00164
pie_308,pie_chart,How much higher is the percentage of people with a Bachelor',24%,"From the chart:

- **Bachelor's Degree** = **42%**
- **Master's Degree** = **18%",True,0.006826
pie_151,pie_chart,What is the combined usage rate of Twitter and YouTube?,30%,"Twitter is 15% and YouTube is 15%, so their combined usage rate is **30%**.",True,0.001956
pie_62,pie_chart,Which area of law has the same percentage as International L,Constitutional Law,"International Law has **10%**, and **Constitutional Law** also has **10%**.",True,0.00193
pie_121,pie_chart,What is the percentage of charitable donations received by H,30%,Healthcare received **30%** of the charitable donations.,True,0.002542
pie_294,pie_chart,What is the combined percentage of Constitutional Law and Ad,20%,"Constitutional Law is 10% and Administrative Law is 10%, so combined they make 2",True,0.001306
pie_158,pie_chart,What is the combined percentage of donations to Health and R,17%,"Health is **10.9%** and Religion is **4.5%**.

Combined: **15.4%**.",True,0.002442
pie_496,pie_chart,Which age group has the highest voting turnout according to ,45-64,"The **45–64** age group has the highest voting turnout, at **40%**.",True,0.001002
pie_349,pie_chart,What is the percentage of Solar energy in the distribution o,25%,Solar energy accounts for **25%** of the renewable energy distribution.,True,0.002238
pie_164,pie_chart,What is the percentage difference between the energy sourced,17%,"Renewable energy is **42%** and coal is **25%**.

The percentage difference is:
",True,0.001936
pie_362,pie_chart,What percentage of the renewable energy sources is Biomass?,10%,Biomass is **10%** of the renewable energy sources shown in the chart.,True,0.00283
pie_246,pie_chart,What type of energy has the smallest percentage in the Globa,Nuclear,Nuclear has the smallest percentage in the 2023 global energy mix at 10%.,True,0.001254
pie_265,pie_chart,What percentage of the crop distribution is made up by Soybe,40%,"Soybeans are 25% and Wheat is 15%, so combined they make up **40%** of the crop ",True,0.002968
pie_282,pie_chart,What percentage of the housing market do Condominiums make u,20%,Condominiums make up **20%** of the housing market in the chart.,True,0.001878
pie_438,pie_chart,What percentage of the workforce do Interns represent?,10%,Interns represent **10%** of the workforce.,True,0.002278
pie_310,pie_chart,What percentage of the global agriculture distribution is oc,15%,Dairy products occupy **15%** of the global agriculture distribution shown in th,True,0.002834
pie_441,pie_chart,What is the difference in percentage between Social Media an,15%,"Social Media is 25% and Radio is 10%, so the difference is **15%**.",True,0.001924
pie_332,pie_chart,What percentage of donations to nonprofit organizations come,45%,"According to the chart, **45%** of donations to nonprofit organizations in the U",True,0.00247
pie_434,pie_chart,What percentage difference is there between Computer Science,15%,"Computer Science is **25%** and Civil Engineering is **10%**.

So, the percentag",True,0.00226
pie_262,pie_chart,Which type of cases accounts for the smallest percentage in ,Other Cases,"The smallest percentage is **Other Cases**, at **5%**.",True,0.00149
pie_350,pie_chart,Which genre has the lowest percentage and what is it?,"Film, 5%","The genre with the lowest percentage is **Film**, at **4.55%**.",True,0.001874
pie_309,pie_chart,What is the percentage of the Chemicals sector in the manufa,10%,The **Chemicals** sector accounts for **9.1%** of the manufacturing production.,True,0.001894
pie_392,pie_chart,What percentage of retail shopping payments is made with Pay,20%,PayPal accounts for **20%** of retail shopping payments.,True,0.001456
pie_357,pie_chart,How much more is the percentage of Road transport used compa,30%,"Road transport is **30 percentage points** more than Rail transport.

- **Road:*",True,0.002282
pie_63,pie_chart,What method of government has the smallest percentage accord,Totalitarianism,"The method of government with the smallest percentage is **Totalitarianism**, at",True,0.00157
bar_num_61,bar_chart_num,Which country had the least number of theater performances i,Germany,"Germany had the least number of theater performances in 2021, with 160 performan",True,0.0011
pie_225,pie_chart,How much more is Netflix's usage percentage compared to Disn,25%,"Netflix is **25 percentage points** higher than Disney+.

- **Netflix:** 40%
- *",True,0.001938
pie_36,pie_chart,What is the percentage of donations coming from Government G,7%,Government Grants account for **7%** of donations.,True,0.001422
bar_num_337,bar_chart_num,What is the average grade point in France?,3.4,The average grade point in **France** is **3.4**.,True,0.003142
bar_123,bar_chart,By how much does the average house price in the South region,"$150,000","From the chart:

- **South average house price** = **600,000**
- **East average ",True,0.002632
bar_43,bar_chart,Which type of law has the highest number of lawyers per case,Civil Law,"Compute lawyers per case for each type:

- Civil Law: 500 / 1000 = 0.50
- Crimin",True,0.003778
bar_476,bar_chart,Which department has the highest average salary?,IT,"The **IT department** has the highest average salary, at **$90,000**.",True,0.002304
bar_num_453,bar_chart_num,How many museums are there in the UK?,25,The UK has **25 museums**.,True,0.00135
rose_297,rose,How many more projects are there in Engineering compared to ,30,"Engineering has **30 more projects** than Computer Science.

- **Engineering:** ",True,0.003154
rose_67,rose,How many more companies are there in Private Equity than in ,30 companies,"Private Equity has **30 more companies** than Hedge Funds.

- **Private Equity:*",True,0.002684
bar_num_434,bar_chart_num,How many papers were published in Sociology during the perio,45,45 papers.,True,0.000866
pie_204,pie_chart,By what percentage is Football more popular than Baseball in,25%,"From the chart:

- Football = 40%
- Baseball = 15%

Percentage by which football",True,0.002634
pie_122,pie_chart,What percentage of the agricultural crops distribution is Le,15%,Legumes make up **15%** of the agricultural crops distribution.,True,0.002766
bar_90,bar_chart,How much greater is the production output of textiles compar,2000 million,"Textiles output is **2,000 units greater** than machinery.

- **Textiles:** 5,00",True,0.002166
bar_31,bar_chart,How many students are there in USA universities?,15000,"According to the chart, there are **15,000 students** in **USA universities**.",True,0.001844
rose_261,rose,How many cases are there in Environmental Law?,700,There are **650 cases** in **Environmental Law**.,True,0.001732
bar_num_329,bar_chart_num,Which state has the highest number of fans in 2021?,California,"California has the highest number of fans in 2021, with **800,000 fans**.",True,0.001868
rose_18,rose,Which technology is utilized by the most number of companies,Big Data,"According to the chart, **Big Data** is utilized by the most companies, with **5",True,0.002902
bar_42,bar_chart,How many more visits were made to museums by the 0-18 age gr,800 visits,"From the chart, museum visits were:

- **0–18:** 1000
- **50+:** 200

So the dif",True,0.001874
bar_num_435,bar_chart_num,What percentage of energy usage comes from renewable sources,30%,The UK gets **30%** of its energy usage from renewable sources.,True,0.00333
rose_17,rose,How many employees are involved in Compensation and Benefits,150,Compensation and Benefits involves **150 employees**.,True,0.0027
bar_54,bar_chart,Which country has the highest number of fast food restaurant,USA,"The **USA** has the highest number of fast food restaurants, with **1,500**.",True,0.001906
rose_190,rose,What is the value for Visual Arts?,97,The value for **Visual Arts** is **98**.,True,0.002728
pie_252,pie_chart,What percentage of the workforce do Administrative and Other,35%,"Administrative Employees are **25%** and Other Employees are **10%**.

Combined:",True,0.002182
pie_345,pie_chart,What percentage of the investments are allocated to Stocks?,15%,Stocks are allocated **15%** of the investments.,True,0.00176
rose_100,rose,What is the value for the Health category among the nonprofi,75,The value for **Health** is **75**.,True,0.00272
bar_num_291,bar_chart_num,How much higher is the average home price in Europe compared,"$170,000","Europe’s average home price is **$170,000 higher** than South America’s.

Calcul",True,0.00181
pie_143,pie_chart,Which age group has the largest percentage of the US populat,18-24,"The **18–24** age group has the largest percentage of the US population, at **25",True,0.006064
bar_num_166,bar_chart_num,How many students are in Germany according to the data?,20 million,"According to the chart, **Germany has 20 students**.",True,0.001522
pie_129,pie_chart,What percentage of the court cases are Administrative cases?,25%,Administrative cases make up **25%** of the court cases.,True,0.001704
bar_189,bar_chart,How many universities are there in France?,47,"From the chart, **France has 45 universities**.",True,0.001052
rose_139,rose,How much more popular is Film compared to Gaming?,280,"From the chart:

- **Film** = 400
- **Gaming** = 120

So, **Film is 280 units mo",True,0.003452
bar_num_384,bar_chart_num,By how much did the number of brick-and-mortar shops increas,300,"The number of brick-and-mortar shops increased by 300 from Q1 to Q4.

Calculatio",True,0.002362
pie_125,pie_chart,What percentage of people listen to R&B Music?,15%,"According to the chart, **15%** of people listen to **R&B Music**.",True,0.001888
bar_48,bar_chart,How many more volunteers does Europe have compared to South ,1000 volunteers,"Europe has **1,000 more volunteers** than South America.

- **Europe:** 2,000 vo",True,0.002148
rose_95,rose,How much higher is the value of 3D Printing compared to Wood,80,"From the chart:

- **3D Printing = 125**
- **Woodworking = 45**

So, **3D Printi",True,0.004296
bar_270,bar_chart,How many more galleries are there in the USA than there are ,40,"From the chart:

- USA galleries: 100
- Germany galleries: 80

Difference: 100 -",False,0.002256
bar_num_369,bar_chart_num,Which country has the highest average house price according ,UK,"According to the chart, the **UK** has the highest average house price at **400 ",True,0.001568
pie_397,pie_chart,What percentage of the product distribution is made up by Sh,25%,"Shoes and Toys together make up **25%** of the product distribution.

- **Shoes:",True,0.002346
rose_8,rose,How many more tourists visited Mountain Resorts compared to ,700,"Mountain Resorts had **700 more tourists** than National Parks.

- **Mountain Re",True,0.0032
bar_242,bar_chart,Which region has the highest number of travelers in 2021?,West Coast,"The **West Coast** has the highest number of travelers in 2021, with **120,000 t",True,0.002394
pie_127,pie_chart,What percentage of the popularity does basketball account fo,20%,Basketball accounts for **20%** of the popularity.,True,0.001776
bar_num_357,bar_chart_num,What was the difference in millions between smartphone users,2.5 million,"In 2017:

- Smartphone users = 6 million
- Internet users = 3 million

Differenc",False,0.002228
rose_35,rose,What is the popularity value of Visual Arts?,40,The popularity value of **Visual Arts** is **40**.,True,0.003754
bar_310,bar_chart,How many small businesses are there in France compared to th,200 more small businesses,"France has about **2,000 small businesses**, compared to **1,800 in the UK**.

S",True,0.001806
pie_230,pie_chart,What percentage of STEM degrees does Computer Science repres,20%,Computer Science represents **18.18%** of STEM degrees in the chart.,True,0.00316
bar_146,bar_chart,In which region is the number of pharmacies the highest?,East,"The **East** region has the highest number of pharmacies, with **190**.",True,0.001138
rose_187,rose,What is the value difference between sculpture and dance?,37,"From the chart:

- **Sculpture = 98**
- **Dance = 60**

So the **value differenc",True,0.002272
bar_num_171,bar_chart_num,How much more beer was produced than wine in February 2021?,50 million liters,"In February 2021:

- **Beer** = 220
- **Wine** = 120

So, **beer production was ",False,0.002384
pie_123,pie_chart,"What percentage of retail shopping methods does ""Catalog"" re",20%,Catalog represents **20%** of retail shopping methods.,True,0.001764
rose_31,rose,How many more people visited Beach destinations compared to ,345,"Beach had about **550** visitors, while Island had about **200** visitors.

So, ",True,0.002568
bar_num_185,bar_chart_num,How many more civil cases are there in France compared to th,400,"France has **400 more civil cases** than the USA.

- **France:** 3400 civil case",True,0.002516
bar_414,bar_chart,How many customers purchased photographs in 2021?,500,50 customers purchased photographs in 2021.,False,0.001686
pie_442,pie_chart,What is the percentage of employees aged 46-55?,15%,The percentage of employees aged **46–55** is **15%**.,True,0.001346
bar_253,bar_chart,How many trainings did Company D conduct?,18,Company D conducted **18 trainings**.,True,0.001348
rose_54,rose,What is the value associated with Cybersecurity?,20,The value associated with **Cybersecurity** is **20**.,True,0.00179
bar_num_145,bar_chart_num,How many more internet users does the USA have compared to t,100 million,"The USA has **100 million more internet users** than the UK.

- **USA:** 200 mil",True,0.002024
pie_136,pie_chart,What percentage of donations comes from Foundations?,20%,Foundations contribute **20%** of donations.,True,0.00138
rose_132,rose,Which category has the highest value?,Training & Development,"The category with the highest value is **Training & Development**, at **85**.",True,0.004964
bar_num_445,bar_chart_num,Which country has the highest difference between cases regis,USA,"From the chart:

- **USA:** 2.5 − 1.8 = **0.7**
- **UK:** 2.1 − 1.4 = **0.7**
- ",True,0.003118
bar_162,bar_chart,Which country has the lowest greenhouse gas emissions?,France,"From the chart, **France** has the lowest greenhouse gas emissions, at about **4",True,0.00194
bar_num_375,bar_chart_num,Which country has the smallest difference between online and,Germany,"From the chart:

- USA: 200 in-store vs 100 online → difference = 100
- UK: 220 ",True,0.002592
bar_324,bar_chart,Which department has the fewest employees?,HR,The **HR department** has the fewest employees.,True,0.001396
pie_317,pie_chart,How much more popular is Football than Golf in the USA in 20,25%,"From the chart:

- **Football:** 30%
- **Golf:** 5%

So, **Football is 25 percen",True,0.00245
pie_365,pie_chart,What percentage of the pie chart is taken up by Country Musi,10%,Country Music takes up **10%** of the pie chart.,True,0.001986
rose_268,rose,How many more services do Hotels have than Entertainment Ven,450,"Hotels have **450 more services** than Entertainment Venues.

- **Hotels:** 500 ",True,0.003184
bar_437,bar_chart,Which country produces the least amount of drink?,UK,"The **UK** produces the least amount of drink, at **180**.",True,0.001204
bar_num_240,bar_chart_num,How many more judges does the USA have compared to Germany?,150,"The USA has **150 more judges** than Germany.

- USA: **500**
- Germany: **350**",True,0.002058
rose_256,rose,What is the numerical value associated with Training in the ,90,The numerical value for **Training** is **92**.,True,0.005308
bar_num_474,bar_chart_num,Which region has the lowest crop production in 2021?,Europe,"The region with the lowest crop production in 2021 is **South America**, with **",False,0.002376
pie_157,pie_chart,How much more does Corporate Tax contribute to the governmen,25%,"Corporate Tax contributes **25 percentage points more** than Property Tax.

- **",True,0.001778
bar_num_438,bar_chart_num,Which country has the least number of theatres?,France,"France has the least number of theatres, with **45**.",True,0.001134
bar_255,bar_chart,How many more millions in donations did USA make compared to,10 million,"From the chart:

- **USA donations** = **50 million**
- **France donations** = *",False,0.002994
rose_233,rose,What is the difference in value between companies adopting n,70,"From the chart:

- **Networking** = 75
- **Artificial Intelligence** = 5

**Diff",True,0.003494
bar_66,bar_chart,Which country has the highest number of published works in P,UK,"The **UK** has the highest number of published works in **Philosophy** for 2021,",True,0.002216
pie_196,pie_chart,By what percentage does the healthcare usage of the 50-64 ag,13%,"From the chart:

- **50–64 age group:** 24%
- **65+ age group:** 11%

Difference",True,0.004382
pie_190,pie_chart,Which genre has the lowest percentage share in the music gen,Electronic and Reggae,"The genres with the lowest percentage share are **Electronic** and **Reggae**, e",False,0.002178
bar_num_203,bar_chart_num,How many more million social media users does the USA have c,235 million,"The USA has **235 million** more social media users than the UK.

Calculation:
-",True,0.00152
rose_28,rose,How many fewer power plants are there that use biomass than ,33,"Wind has **35** power plants and biomass has **5**.

So, there are **30 fewer** ",True,0.001298
rose_160,rose,What is the difference in value between Vaccinations and Nut,80,"From the chart:

- **Vaccinations = 100**
- **Nutrition = 20**

**Difference = 1",True,0.00336
bar_416,bar_chart,How many more donations did Red Cross receive than UNICEF?,100 thousand,"Red Cross received **100 thousand** more in donations than UNICEF.

- Red Cross:",True,0.002248
bar_num_400,bar_chart_num,How many more STEM vacancies are there than STEM graduates i,350,"In **Asia**, there are:

- **STEM vacancies:** 900
- **STEM graduates:** 550

So",True,0.001882
bar_498,bar_chart,How much did the Germany invest in GDP Investments in billio,320,Germany invested **280 billion** in GDP investments.,False,0.00084
bar_num_29,bar_chart_num,Which region has the highest carbon footprint?,South America,"South America has the highest carbon footprint, at **15,000 kg**.",True,0.00214
pie_348,pie_chart,What is the combined percentage of usage for Tablets and Wea,22%,"Tablets are 15% and Wearables are 7%, so combined they make up 22%.",True,0.001956
rose_63,rose,How many tourists are engaged in Medical Tourism?,50,Medical Tourism has **50 tourists**.,True,0.00249
rose_135,rose,Which field has the highest popularity value according to th,Robotics,"According to the chart, **Robotics** has the highest popularity value, at **100*",True,0.002864
bar_23,bar_chart,How much is the difference between the retail and wholesale ,1.00 US$/kg,"The difference between the retail and wholesale price of vegetables is:

**$3.00",True,0.002376
bar_num_404,bar_chart_num,How many millions in donations did the Red Cross receive?,20,The Red Cross received **20 million** in donations.,True,0.00172
pie_38,pie_chart,How much more is the output percentage of Grains compared to,20%,"Grains account for **30%**, while Nuts and Seeds account for **10%**.

So, **Gra",True,0.001812
bar_406,bar_chart,How many doctors are there in Germany?,400,Germany has **400 doctors**.,True,0.000878
rose_34,rose,How many more consumers use natural gas compared to solar en,30,"From the chart:

- **Natural Gas**: 180 consumers  
- **Solar**: 150 consumers  ",True,0.001592
pie_387,pie_chart,What is the combined market share of the Country and Latin m,20%,"Country is **10%** and Latin is **10%**, so their combined market share is **20%",True,0.00223
bar_84,bar_chart,What was the production output of Production B in February?,130 units,Production B in February was **130 units**.,True,0.001386
bar_num_201,bar_chart_num,What was the revenue in 2019?,1100 million,The revenue in **2019** was **$1100 million**.,True,0.00178
rose_56,rose,What activity involves 80 employees?,Salary Management,The activity involving **80 employees** is **Salary Management**.,True,0.001152
pie_48,pie_chart,How much more popular are Natural Landmarks than Historical ,20%,Natural Landmarks account for **30%** and Historical Places account for **10%**.,True,0.00171
pie_326,pie_chart,Which political view has the least percentage according to t,"Green Politics and Nationalism, both at 5%",The political views with the lowest percentage are **Green Politics** and **Nati,True,0.00216
bar_num_441,bar_chart_num,Which state has the highest Solar energy output according to,New York,"According to the chart, **New York** has the highest **Solar** energy output at ",True,0.00198
bar_158,bar_chart,How many regulations does North America have?,100,North America has **100 regulations**.,True,0.002488
bar_num_53,bar_chart_num,Which mode of transportation has the highest distance to cos,Road,"Compute distance-to-cost for each mode from the chart:

- **Road:** 400 / 50 = *",True,0.002946
rose_137,rose,What is the difference in volume between goods transported b,45,"From the chart:

- **Rail** = 90
- **Air** = 45

**Difference = 90 - 45 = 45**

",True,0.003382
pie_8,pie_chart,What is the percentage of Prevention and Public Health servi,5%,Prevention and Public Health services account for 5%.,True,0.00172
bar_188,bar_chart,How many more literature publications does the UK have compa,80,"From the chart, the UK has **30,000** literature/publication units and Germany h",True,0.002156
rose_130,rose,What is the total energy production from solar and wind sour,320,"From the chart:

- Solar = 200
- Wind = 120

Total energy production from solar ",True,0.003072
pie_437,pie_chart,What is the combined percentage of laptops and tablets used ,47%,"Laptops are **32%** and tablets are **15%**.

So, the combined percentage is:

*",True,0.003206
bar_num_13,bar_chart_num,How much more Wind Energy is produced by the USA than the UK,20 GW,"In 2021, the **USA produced 20 GW more wind energy than the UK**.

- **USA wind ",True,0.002176
bar_num_33,bar_chart_num,Which country has the highest number of mobile devices?,USA,"From the chart, the **USA** has the highest number of mobile devices at **230**.",True,0.001632
pie_89,pie_chart,What percentage of students are enrolled in Public schools i,45%,45%,True,0.00109
bar_202,bar_chart,Which region has the highest vegetable production according ,Asia,"Asia has the highest vegetable production, at **400,000 tonnes**.",True,0.002968
rose_19,rose,How many more fans does Soccer have compared to Hockey?,800,"From the chart:

- **Soccer:** 1000 fans  
- **Hockey:** 200 fans  

So, **Socce",True,0.003134
rose_202,rose,How many nonprofit organizations are addressing the environm,70,The chart shows **70** nonprofit organizations addressing the **environment**.,True,0.001026
bar_num_303,bar_chart_num,Which region has the least number of hospitals?,Africa,"Africa has the least number of hospitals, with **10 hospitals**.",True,0.001764
bar_286,bar_chart,How much more agricultural output does Germany have compared,1000 tonnes,"From the chart:

- **Germany agricultural output:** 5,500 tonnes  
- **UK agricu",True,0.00305
pie_17,pie_chart,What is the combined percentage of the Sports & Outdoors and,10%,"Sports & Outdoors is 5% and Toys & Games is 5%, so combined they make **10%**.",True,0.00236
rose_170,rose,What is the value difference between Livestock and Aquacultu,70,"From the chart:

- **Livestock = 90**
- **Aquaculture = 20**

So the **value dif",True,0.002794
bar_325,bar_chart,Which country has the highest total number of policies and l,UK,"From the chart:

- USA: 20 + 30 = 50  
- UK: 25 + 35 = 60  
- Germany: 18 + 32 =",True,0.00222
pie_108,pie_chart,What is the combined percentage of social media usage for In,28%,"Instagram is 18% and Snapchat is 10%, so combined they account for 28%.",True,0.001896
rose_245,rose,Which field has a value of 70?,Business Administration,The field with a value of **70** is **Business Administration**.,True,0.002778
bar_num_109,bar_chart_num,What is the average annual increase in the number of publica,20,"Anthropology publications increased from **100** in 2018 to **160** in 2021.

To",True,0.002502
bar_214,bar_chart,What is the combined revenue of Facebook and YouTube?,$95 million,"From the chart:

- Facebook revenue = **70 million**
- YouTube revenue = **25 mi",True,0.001662
bar_num_462,bar_chart_num,How many employees work in the Marketing department?,30,The Marketing department has **30 employees**.,True,0.001366
pie_432,pie_chart,What percentage of the energy sources is accounted for by Nu,10%,Nuclear energy accounts for **8%** of the energy sources shown.,False,0.002786
bar_61,bar_chart,What is the average salary in Germany?,$4800,"From the chart, the **average salary in Germany** is **4,800**.",True,0.001826
rose_46,rose,Which topic has the highest value according to the data?,Soil Pollution,"The topic with the highest value is **Soil Pollution**, with a value of **80**.",True,0.002862
pie_68,pie_chart,"What percentage of homes are either townhomes, condos, or mo",30%,"Townhomes, condos, and mobile homes are each 10%.

So combined:

10% + 10% + 10%",True,0.001816
bar_num_98,bar_chart_num,How many more patients are there in Europe compared to South,200,"Europe has **200 more patients** than South America.

- **Europe:** 600 patients",True,0.002188
rose_237,rose,What is the value of energy generated from wind power?,87,The value for energy generated from **wind power** is **85**.,True,0.001046
bar_359,bar_chart,How many total viewers watched sports in France?,470,"In France, the number of sports viewers is **470**.",True,0.001748
pie_306,pie_chart,What percentage of tourists travel for Education purposes?,10%,Education accounts for **10%** of tourists.,True,0.002162
bar_num_428,bar_chart_num,Which country has the lowest Automotive Production according,France,"According to the chart, **France** has the lowest **Automotive Production**, at ",True,0.00512
bar_num_499,bar_chart_num,How many medical centers are there in Europe?,900,There are **900 medical centers** in **Europe**.,True,0.001414
rose_133,rose,What is the total number of specialists in Cyber Security an,58,Cyber Security has **35** specialists and Cloud Computing has **25** specialists,True,0.002494
pie_23,pie_chart,What percentage of the population is represented by the 0-14,31%,The **0–14 years** group is **23%** and the **65 years and over** group is **8%*,True,0.00246
bar_482,bar_chart,How many voters are there in the USA?,20000000,"From the chart, the **USA has 20,000,000 voters**.",True,0.001812
bar_num_242,bar_chart_num,How many million internet users are there in the UK?,65,The UK has **65 million** internet users.,True,0.005728
bar_257,bar_chart,How much more does it cost to transport goods by road compar,$200,"From the chart, the **cost by road** is **500** and the **cost by sea** is **300",True,0.002546
rose_88,rose,By how much does the number of commuters using road transpor,100,"Road commuters: 200  
Air commuters: 100  

Difference: **200 - 100 = 100 commut",True,0.00297
pie_213,pie_chart,What is the percentage of healthcare users aged 51-65?,20%,The percentage of healthcare users aged 51–65 is **20%**.,True,0.001876
rose_266,rose,Which category has the least number of nonprofit organizatio,Economic Development,The category with the least number of nonprofit organizations is **Economic Deve,True,0.002684
bar_117,bar_chart,How many hospital visits were made by the 30-44 age group?,1400 million,"The 30–44 age group made **1,400 million hospital visits**.",True,0.00253
bar_461,bar_chart,Which country has the least number of hotels?,France,"France has the least number of hotels, with **3,500**.",True,0.00201
pie_281,pie_chart,What percentage of transportation modes is covered by airway,25%,"Airways and waterways together cover **25%** of transportation modes.

- Airways",True,0.002168
bar_num_351,bar_chart_num,How many more donors are there in North America compared to ,2000,"North America has **5,500 donors** and Africa has **3,200 donors**.

So, the dif",False,0.001626
rose_258,rose,Which category has the least number of companies involved ac,Research and Development,"According to the chart, **Research and Development** has the least number of com",True,0.00509
pie_192,pie_chart,What type of donors contribute the least percentage to the n,Other,"The **“Other”** donor category contributes the least, at **5%**.",True,0.002834
bar_301,bar_chart,How much funding did startups in Germany receive in billion ,2.7,Startups in **Germany** received **2.5 billion dollars** in funding.,True,0.00264
bar_num_280,bar_chart_num,Which mode of transportation has a higher capacity than rail,Sea,"Rail capacity is **300** and air delivery time is **3 days**.

Modes with capaci",True,0.002822
rose_7,rose,How much higher are the sales of Apparel than Home Decor?,23 units,"Apparel sales are **23 units higher** than Home Decor.

- **Apparel:** 55
- **Ho",True,0.00268
bar_num_152,bar_chart_num,Which location has the highest number of attendees for its s,USA,"The **USA** has the highest number of attendees, with **450**.",True,0.001804
pie_244,pie_chart,What percentage of the Food and Beverage Industry does Onlin,15%,Online Delivery accounts for **15%** of the Food and Beverage Industry in the ch,True,0.00188
rose_259,rose,Which energy source has the highest number of energy plants?,Renewable Energy,"Renewable Energy has the highest number of energy plants, with 100 plants.",True,0.002798
bar_351,bar_chart,How many more million social media users does the USA have c,195 million,"The USA has **195 million** more social media users than the UK.

Calculation:
-",True,0.001892
pie_99,pie_chart,What is the percentage of sports consumption via Television?,45%,The percentage of sports consumption via **Television** is **45%**.,True,0.002796
rose_128,rose,Which sustainable practice topic has the highest number of c,Waste Management,The sustainable practice topic with the highest number of countries adopting it ,True,0.001958
bar_num_181,bar_chart_num,Which category has the lowest expenditure in 2021?,Theatre,"The category with the lowest expenditure in 2021 is **Theatre**, with an expendi",True,0.001594
pie_373,pie_chart,What percentage of production in the manufacturing industry ,60%,International Sources account for **60%** of production in the manufacturing ind,True,0.002322
bar_num_4,bar_chart_num,Which subject has the highest average grade in Grade 3?,Math,"In Grade 3, **Math** has the highest average grade.

- English: **90**
- Math: *",True,0.001828
bar_200,bar_chart,How many houses were sold in the West region?,95,"In the **West** region, **95 houses** were sold.",True,0.001766
rose_29,rose,How many more people are involved in Environmental Policy th,300,"From the chart:

- Environmental Policy = 350 people
- Healthcare = 50 people

D",True,0.00153
bar_34,bar_chart,How many employees are there in the Operations department?,70,"The chart shows absenteeism rates, not employee counts. So the number of employe",False,0.006108
pie_336,pie_chart,What percentage of the distribution does Visual Arts represe,30%,Visual Arts represents **30%** of the distribution.,True,0.002716
bar_num_226,bar_chart_num,Which region has the highest total number of food and bevera,Asia,"Asia has the highest total number of food and beverage outlets in 2021.

Totals ",True,0.003044
bar_num_296,bar_chart_num,Which state has the highest number of nurses?,Florida,"Florida has the highest number of nurses, with **4,000**.",True,0.00201
bar_1,bar_chart,How many more Facebook users does Germany have compared to F,30 million,"Germany has about **23 million** more Facebook users than France.

- **Germany:*",True,0.002004
rose_213,rose,How many nonprofit organizations are operating in the field ,70,There are **70** nonprofit organizations operating in the **Healthcare** field.,True,0.001828
pie_52,pie_chart,How much more popular is Domestic Tourism compared to Cultur,35%,Domestic Tourism is **35 percentage points** more popular than Cultural Tourism ,True,0.00245
rose_205,rose,What is the number of students enrolled in Social Studies?,160,The number of students enrolled in Social Studies is **135**.,False,0.001794
bar_191,bar_chart,How much has the number of research papers increased from 20,60,"From the chart, research papers increased from **300 in 2020** to **360 in 2023*",True,0.002012
bar_num_252,bar_chart_num,How many Factory C units are there in Germany?,60,Factory C units in Germany: **60**.,True,0.003064
pie_75,pie_chart,What is the combined percentage for Astronomy and Ecology?,10%,"Astronomy is 5% and Ecology is 5%, so combined they are 10%.",True,0.001888
rose_236,rose,What is the value for electronics stores?,60,The value for **Electronics** stores is **60**.,True,0.001788
pie_408,pie_chart,What is the combined percentage of Doctorate and Post-Doctor,15%,"Doctorate is 10% and Post-Doctorate is 5%, so combined they make 15%.",True,0.00129
rose_171,rose,How much higher is the value of global sales for Coffee comp,70,"Coffee sales are **70 billion USD higher** than Condiments.

- **Coffee:** 90 bi",True,0.00272
bar_458,bar_chart,How many more cuisine restaurants are there in the USA compa,20,"From the chart:

- USA cuisine restaurants: **200**
- Germany cuisine restaurant",True,0.003388
bar_num_471,bar_chart_num,How much GDP is reported by France in the data provided?,2.4 billion,France’s reported GDP in the chart is **2.8**.,False,0.002044
bar_num_249,bar_chart_num,How many doctors are there in the UK?,2000,"According to the chart, the **UK has 2,000 doctors**.",True,0.001478
bar_32,bar_chart,What is the electricity consumption in the UK?,3000 TWh,"From the chart, the **UK's electricity consumption** is **3000 TWh**.",True,0.001844
rose_191,rose,What is the production value of Maize shown in the chart?,80,The production value of **Maize** shown in the chart is **80**.,True,0.002642
pie_119,pie_chart,What percentage of travelers are Business travelers?,10%,Business travelers make up **10%** of travelers.,True,0.00066
pie_73,pie_chart,How much percent is the total of Chemistry and Biology field,30%,"Chemistry is **14.3%** and Biology is **14.3%**.

Combined:

**14.3% + 14.3% = 2",True,0.002518
rose_180,rose,How many more students were studying Computer Science compar,45,"Computer Science had 90 students and Civil Engineering had 50 students.

So, the",False,0.00409
bar_496,bar_chart,How much more energy was produced than consumed in 2020?, 800 TWh,"In **2020**:

- **Energy production** = **3000 TWh**
- **Energy consumption** = ",True,0.002294
bar_341,bar_chart,Which organization has the highest number of volunteers?,Red Cross,"The **Red Cross** has the highest number of volunteers, with **3,000** volunteer",True,0.00186
bar_176,bar_chart,Which country had the highest number of votes?,UK,"The **UK** had the highest number of votes, with a voting turnout of **60%**.",True,0.001876
rose_85,rose,How many Adventure Tourists were there in 2021?,80,There were **80 Adventure Tourists** in 2021.,True,0.005322
bar_num_121,bar_chart_num,Which country has the least number of hospitals?,UK,"The **UK** has the least number of hospitals, with **200 hospitals**.",True,0.002086
bar_num_42,bar_chart_num,What is the total amount of Investment A and Investment B in,$550 billion,"In Asia:

- Investment A = 250 billion dollars
- Investment B = 300 billion doll",True,0.002094
pie_33,pie_chart,What is the combined market share of MacOS and Linux in 2023,27%,"MacOS is 19% and Linux is 8%, so their combined market share is 27%.",True,0.002888
bar_397,bar_chart,Which region has the highest usage of renewable energy in 20,Europe,"Europe has the highest renewable energy usage in 2021, at **1200 MW**.",True,0.001536
pie_181,pie_chart,How much more in percentage does Health receive compared to ,10%,"Health receives **20%**, while Disaster Relief receives **10%**.

So, Health rec",True,0.002326
rose_290,rose,What is the value difference between Stock investment and Co,$500,"From the chart:

- **Stock investment = 1000**
- **Commodities investment = 500*",True,0.003314
bar_num_21,bar_chart_num,What is the total revenue for the years 2020 to 2023?,$2300 million,"The revenues shown are:

- 2020: 500M
- 2021: 550M
- 2022: 600M
- 2023: 650M

To",True,0.002612
bar_num_268,bar_chart_num,How many freight train shipments does Germany have?,22,Germany has **20 freight train shipments**.,True,0.005708
bar_151,bar_chart,How much did France spend on government spending in 2021?,700 billion,France spent **700 billion** in government spending in **2021**.,True,0.00375
rose_271,rose,How many more units of raw materials are there compared to m,22 units,"Raw materials: 70 units  
Machinery: 48 units  

Difference: **22 units** more r",True,0.002012
pie_247,pie_chart,What is the combined population percentage of Native America,2%,"From the chart:

- Native American: 1%
- Pacific Islander: 1%

Combined populati",True,0.001812
bar_num_312,bar_chart_num,What is the average price in the East region?,600,The average price in the **East** region is **1450**.,False,0.001782
pie_176,pie_chart,What is the percentage of people with an Associate's degree?,20%,The percentage of people with an Associate's degree is **20%**.,True,0.005936
rose_298,rose,Which field has the lowest number of charitable organization,Science and Technology,"According to the chart, **Science and Technology** has the lowest number of char",True,0.00274
pie_266,pie_chart,How much more percentage of public funds is allocated to Edu,15%,"Education receives **30%** of public funds, while Infrastructure receives **15%*",True,0.002182
bar_num_463,bar_chart_num,How many hotel rooms were there in the UK in 2021?,3000,"The UK had **3,000 hotel rooms** in 2021.",True,0.002064
bar_294,bar_chart,Which country has the highest total number of galleries and ,UK,"Adding galleries and museums for each country:

- USA: 150 + 230 = 380  
- UK: 2",True,0.003548
rose_235,rose,Which legal category has the least number of cases?,International Law,"International Law has the least number of cases, with 20 cases.",True,0.001448
bar_num_15,bar_chart_num,Which region has the lowest general energy production?,South,"The **South** region has the lowest general energy production, at **900 MW**.",True,0.004984
bar_69,bar_chart,How many tournaments did Basketball have?,18,Basketball had **25 tournaments**.,False,0.001664
rose_277,rose,How many students are enrolled in Physical Education?,300,Physical Education has **300 students** enrolled.,True,0.004606
bar_num_196,bar_chart_num,How many more theatres are there in Germany than in the USA?,1,"Germany has 21 theatres and the USA has 20 theatres, so Germany has 1 more theat",True,0.001318
bar_479,bar_chart,What is the maximum energy supply in Texas?,140000 kWh,"The maximum energy supply in Texas is **140,000**.",True,0.00125
pie_120,pie_chart,What is the combined percentage of usage for laptop and mobi,65%,"Laptop is **30%** and Mobile Phone is **35%**.

Combined usage: **65%**.",True,0.00196
pie_56,pie_chart,What percentage of renewable energy is sourced from Biomass?,10%,"The chart appears blank and shows no data labels or slices, so the percentage fr",False,0.00284
rose_239,rose,How much higher is the number of trips taken by road compare,200,"From the chart:

- **Road** = 1000 trips  
- **Rail** = 800 trips  

Difference:",True,0.003254
bar_235,bar_chart,What is the stadium capacity in Germany?,100000,"The stadium capacity in **Germany** is **100,000**.",True,0.001762
pie_179,pie_chart,What is the combined percentage of Fruits and Vegetables?,45%,"Fruits are **25%** and Vegetables are **20%**.

So, the combined percentage is *",True,0.002018
bar_228,bar_chart,Which state has the highest production of solar energy?,Florida,"Florida has the highest solar energy production, at about **22,000 kWh**.",True,0.00183
rose_189,rose,How many doctors are there in the field of Orthopedics?,500,There are **500 doctors** in **Orthopedics**.,True,0.002754
bar_num_46,bar_chart_num,Which country has the smallest number of cultural venues whe,Germany,"Add museums, galleries, and theaters for each country:

- USA: 100 + 400 + 50 = ",True,0.002966
pie_51,pie_chart,What is the combined percentage for the Food and Beverage an,15%,"Food and Beverage is **5%** and Furniture is **10%**.

Combined percentage: **15",True,0.002398
bar_num_199,bar_chart_num,How many more research papers were published than patents fi,950,"In 2020:

- Research papers published = 1500
- Patents filed = 550

Difference =",True,0.002368
rose_197,rose,Which education level had the lowest number of students?,Vocational,"The education level with the lowest number of students is **Vocational**, with *",True,0.001904
pie_228,pie_chart,What is the combined percentage of geothermal and nuclear en,25%,"Geothermal is 15% and Nuclear is 10%, so combined they make 25%.",True,0.001552
bar_316,bar_chart,By how much does Germany's export volume exceed that of the ,$5 billion,"Germany’s export volume is **4.5 billion** higher than the UK’s.

- **Germany:**",True,0.002908
bar_num_208,bar_chart_num,Which country has the highest number of students per school?,UK,"To find **students per school**, divide students by schools for each country:

-",True,0.003162
line_468,line_chart,By how much did the average rent price increase from 2001 to,"$40,000","From the chart, the average rent price was:

- **2001:** 50 thousand dollars  
-",True,0.002534
line_445,line_chart,How many more million passengers traveled by air than by rai,80 million passengers,"In 2003:

- Air travel = 160 million
- Rail travel = 80 million

Difference = 16",True,0.00237
rose_158,rose,Which field has the least number of academic programs accord,Religion,"The field with the least number of academic programs is **Religion**, with **20 ",True,0.001896
line_49,line_chart,Which month has the highest solar power production?,October,"October has the highest solar power production, at **600 kW-h**.",True,0.002618
line_319,line_chart,How much were sports sales in April?,200 million dollars,Sports sales in April were **200 million dollars**.,True,0.001484
line_302,line_chart,What is the difference in sales between online and store pla,$120 billion,"In **June**:

- **Online sales** = **200 billion dollars**
- **Store sales** = *",True,0.00321
line_325,line_chart,What is the total number of Painting C sold from January to ,600,"Painting C sales from January to May are:

- January: 120
- February: 125
- Marc",True,0.004902
line_107,line_chart,What was the Employee Retention Rate in 2019?,93%,The Employee Retention Rate in **2019** was **88%**.,True,0.002624
line_486,line_chart,How many more theft cases were there in January compared to ,30 cases,"Theft cases in January: **200**  
Theft cases in April: **170**

Difference: **2",True,0.002542
line_437,line_chart,In which year did the Number of Properties Sold reach 350?,2023,The **Number of Properties Sold** reached **350** in **2023**.,True,0.00182
line_73,line_chart,Which educational institution had the highest increase in en,Enrollment C(%),"Enrollment C had the highest increase from 2001 to 2004.

- Enrollment A: 80% → ",False,0.002754
line_458,line_chart,In which year did the total sales reach the highest value?,2023,The total sales reached the highest value in **2023**.,True,0.002776
line_398,line_chart,What is the pressure at a temperature of 500 Kelvin?,350 kPa,"At **500 K**, the pressure is **9.5 kPa**.",False,0.002624
line_316,line_chart,By how many million copies did music album sales increase fr,15 million copies,Music album sales increased from **10 million** in 2001 to **25 million** in 200,True,0.002334
line_278,line_chart,How many million museum visitors were there in 2022?,550,"In **2022**, there were **550 million museum visitors**.",True,0.001452
line_324,line_chart,Which cultural activity had the highest increase in number f,Concerts,"From the chart, the increases from 2001 to 2004 are:

- **Museums:** 200 → 180 =",True,0.002976
line_150,line_chart,In which year did criminal cases peak according to the given,2004,"Criminal cases peaked in **2004**, at **900,000 cases**.",True,0.00159
line_455,line_chart,In what year did online sales first surpass store sales?,2020,Online sales first surpassed store sales in **2020**.,True,0.003098
line_439,line_chart,What was the total Nitrous Oxide Emissions in 2002 and 2003?,450 million metric tons,"The Nitrous Oxide Emissions were:

- 2002: 200 million metric tons  
- 2003: 250",True,0.003134
line_476,line_chart,In which year did Instagram first surpass Twitter in million,2018,"Instagram first surpassed Twitter in **2016**.

- **2015:** Instagram 0.3, Twitt",True,0.00333
line_196,line_chart,In which year did Twitter reach 200 million users?,2015,Twitter reached **200 million users in 2015**.,True,0.002558
line_122,line_chart,What is the percentage difference between the age groups 18-,5%,"The chart shows:

- **18–24:** 30%
- **25–34:** 25%

So the **difference is 5 pe",True,0.00291
line_431,line_chart,Which month has the highest average review rating?,April,"The highest average review rating is in **June**, with a rating of **4.8**.",False,0.002882
line_118,line_chart,How much does the average test score increase from 9th grade,15,"From the chart, the average test score is:

- **55** in 9th grade
- **70** in 12",True,0.002408
line_12,line_chart,What was the profit of the company in 2003?,300 million dollars,The company’s **profit in 2003 was 300 million dollars**.,True,0.002624
line_87,line_chart,In which year was the production of rice the highest accordi,2004,Rice production was highest in **2004**.,True,0.002176
line_375,line_chart,What is the drop out rate for Grade 11?,2%,The drop out rate for **Grade 11** is **2%**.,True,0.002262
line_388,line_chart,What is the trend in CO2 emissions from January to March?,Increasing,"From **January to March**, CO2 emissions show an **increasing trend**:

- **Janu",True,0.003208
line_215,line_chart,Which type of institution had the most significant increase ,Galleries,"From **January to April**:

- **Museums:** 20,000 → 30,000 = **+10,000**
- **Gal",True,0.003816
line_328,line_chart,By how much did the enrollment rate increase from 2001 to 20,7%,"The enrollment rate increased from **90% in 2001** to **97% in 2004**.

**Increa",True,0.002196
line_326,line_chart,What is the production of Crop D in March?,1000 tons,Crop D production in **March** is **1000 tons**.,True,0.001088
line_127,line_chart,What is the difference between tax revenue and expenditure i,100 billion dollars,"In 2024:

- **Tax revenue** = **1200 billion dollars**
- **Expenditure** = **110",True,0.002436
line_50,line_chart,What is the total decrease in birth rate per 1000 from the y,1 per 1000,"From the chart:

- Birth rate in **2000** = **25 per 1000**
- Birth rate in **20",True,0.00356
line_389,line_chart,Which country has the highest unemployment rate according to,Brazil,"According to the chart, **Brazil** has the highest unemployment rate, at **about",True,0.002752
line_128,line_chart,Which month had the highest Ship Freight tonnage?,May,"The highest **Ship Freight** tonnage was in **May**, at **450 tonnes**.",True,0.001846
line_194,line_chart,How many teachers were there in the year 2018?,18,"In **2018**, there were **18 teachers**.",True,0.00142
line_263,line_chart,Which country received the most donations in 2021?,France,"France received the most donations in 2021, with **1300 million dollars**.",True,0.001514
line_456,line_chart,What was the increase in median home price from 2000 to 2006,"$110,000","From the chart, the median home price was:

- **$300,000** in **2000**
- **$410,",True,0.002838
line_322,line_chart,In which year was the production of rice the highest?,2020 and 2022,"Rice production was highest in **2020 and 2022**, with **1200 bushels** in both ",True,0.002766
line_14,line_chart,In which subject did Grade 3 have the lowest score?,Science,"Grade 3 had the lowest score in **Math**.  
- Math: **75**
- Science: 95
- Langu",True,0.001708
line_446,line_chart,What is the total amount donated by Individual and Other Org,$4000,"From the chart:

- **Individual** = 1,000  
- **Other Organizations** = 3,000  
",True,0.002542
line_376,line_chart,In which quarter did online sales and retail store sales equ,Q2,"Online sales and retail store sales were equal in **Q2**, where both were **8000",True,0.001886
line_432,line_chart,In which year was the attendance gap between Stadium A and S,2022,"The attendance gap between Stadium A and Stadium B was smallest in **2022**.

Di",True,0.004344
line_291,line_chart,In which year was the largest increase in methane emissions ,2021,"The largest increase in methane emissions was observed from **2020 to 2021**.

-",True,0.002394
line_418,line_chart,What is the total distance covered by the car from 00:00 to ,350 km,"From the graph, the car’s cumulative distance at **07:00** is **350 km**.

So, t",True,0.002428
line_491,line_chart,Which organization received the highest total donations over,Donations C,"Organization C received the highest total donations over the four years.

Totals",False,0.00416
line_129,line_chart,How many more rail travelers were there in March compared to,10 million,"Rail travelers in January: **20 million**  
Rail travelers in March: **30 millio",True,0.001498
line_151,line_chart,In which year was the average rent exactly $2000?,2019,The average rent was exactly **$2000 in 2020**.,True,0.001786
line_207,line_chart,By how much did the average home price increase from 2000 to,"$100,000","The average home price increased from **$150,000** in 2000 to **$250,000** in 20",True,0.002582
line_55,line_chart,By how much did the recycled materials increase from 2017 to,200 kg/year,Recycled materials increased from **300 kg/year** in 2017 to **500 kg/year** in ,True,0.004346
line_237,line_chart,In which year did the number of smartphone users reach the s,2014,"Internet users in **2010** were **500 million**.  
Smartphone users reached **50",True,0.002408
line_182,line_chart,How much did E-commerce sales increase from 2017 to 2022?,$5.9 billion,E-commerce sales increased from **2.3 billion dollars in 2017** to **8.2 billion,True,0.002256
line_104,line_chart,What is the difference in employment rate between the age gr,6%,"The employment rate for:

- **Age 25–34**: **54%**
- **Age 55–64**: **48%**

**D",True,0.002332
line_211,line_chart,How much did the average temperature increase from 2016 to 2,6 degrees,"From the chart, the average temperature was:

- **2016:** 15°C  
- **2019:** 16°",False,0.002274
line_255,line_chart,By what percentage did the hotel occupancy rate increase fro,10%,"The hotel occupancy rate increased from **70** in 2018 to **80** in 2021.

Perce",True,0.00271
line_339,line_chart,How many units were produced in June?,750,"In June, **750 units** were produced.",True,0.00138
line_442,line_chart,How much did the average revenue increase from Q1 to Q3?,800,"From the chart:

- **Q1 average revenue = 1000**
- **Q3 average revenue = 1800**",True,0.005602
bar_483,bar_chart,How many more internet users than smartphone users are there,80 million,"In France:

- Smartphone users = 140 million
- Internet users = 220 million

Dif",True,0.00207
bar_231,bar_chart,Which department has the least number of employees?,HR,HR has the least number of employees.,True,0.001054
241,funnel,What is the value associated with the Development stage in t,75.0,The value for the **Development** stage is **75**.,True,0.001168
candlestick_153,candlestick,What was the highest price recorded on 2020-01-05?,195,The highest price recorded on 2020-01-05 was 195.,True,0.00149
candlestick_199,candlestick,On which date did the stock have the highest closing price i,2019-01-15,"The highest closing price appears on **January 15, 2019**.

From the chart, that",True,0.00188
135,funnel,How much was spent on Research and Development?,1000,Research and Development spending was **1000**.,True,0.001086
bar_259,bar_chart,How much is the average rental price in Florida?,2200,"The average rental price in Florida is **$2,200**.",True,0.001536
132,funnel,What is the value for Enrollment according to the given data,400,The value for **Enrollment** is **400**.,True,0.001224
candlestick_291,candlestick,What was the low price of the opening week of February 2021?,1230,"The opening week of February 2021 is the week of **Feb 7, 2021**, and its **low ",True,0.001794
bar_245,bar_chart,Which country has the highest public spending as a percentag,Germany,"Germany has the highest public spending as a percentage of GDP, at 65%.",True,0.001486
candlestick_292,candlestick,On which date did the stock achieve the highest high price i,2019-05-01,"The highest high price occurs on **May 3, 2019**.",True,0.002808
236,funnel,What is the exact value for the Awareness stage in the Envir,800,The exact value for the **Awareness** stage is **800**.,True,0.001188
bar_126,bar_chart,Which country has the highest manufacturing output in catego,The UK and USA are tied for the highest,"In category **B**, the **USA and UK** have the highest manufacturing output, tie",False,0.006062
candlestick_237,candlestick,On which date did the stock have the highest closing price i,2023-02-26,"The highest closing price appears on **Feb 26, 2023**.

From the candlestick cha",True,0.001732
bar_62,bar_chart,Which region consumes the least electricity?,South,"The **South** region consumes the least electricity, at **950**.",True,0.001776
299,funnel,What is the difference in value between the Feasibility Stud,600,"The value at the **Feasibility Study** stage is **900**, and at the **Operation*",True,0.00157
candlestick_165,candlestick,What was the highest High Price recorded during the period d,$60.5,The highest **High Price** shown is **$60.4**.,True,0.001474
candlestick_160,candlestick,On which date was the Opening Price exactly $75.50?,2020-06-08,"The Opening Price was exactly **$75.50 on June 8, 2020**.",True,0.00155
293,funnel,What is the value for the Follow-up stage in patient care?,400,The value for the **Follow-up** stage is **400**.,True,0.001454
230,funnel,How much higher is the 'Awareness' stage value compared to t,8400,"The **Awareness** stage is **10,000**, and the **Others** stage is **1,600**.

S",True,0.003342
candlestick_275,candlestick,What was the highest low price for renewable energy stocks d,$43.9,The highest **low price** shown on the chart was **44**.,True,0.001484
bar_356,bar_chart,Which region has the lowest number of hotels?,South America,"North America has the lowest number of hotels, with 100.",False,0.001778
63,funnel,What is the difference in value between the Feasibility Stud,600,"The **Feasibility Study** stage has a value of **900**, and the **Operation** st",True,0.00216
bar_14,bar_chart,Which region has the lowest average salary?,North,The **North** region has the **lowest average salary**.,True,0.001248
bar_363,bar_chart,Which country has the lowest production output for Product A,France,"France has the lowest production output for Product A, with **800 million**.",True,0.001482
candlestick_217,candlestick,On which day did the stock reach its highest high price?,2019-06-05,"The stock reached its highest high price on **June 26, 2019**, with a high of **",True,0.001628
bar_224,bar_chart,How many more million volunteer hours were recorded in the U,100 million hours,"The UK recorded **100 million** more volunteer hours than Germany.

- **UK:** 50",True,0.001646
candlestick_171,candlestick,What was the High Price on the day with the lowest Closing P,76,"The lowest Closing Price was on June 1, 2020, and the High Price on that day was",True,0.00218
178,funnel,What is the value difference between the Consideration and C,2500,"The value at **Consideration** is **7,500** and at **Conversion** is **5,000**.
",True,0.00289
76,funnel,What is the value difference between the Evaluation and Purc,200000,"The value at **Evaluation** is **400k** and at **Purchase** is **200k**.

**Diff",False,0.001836
bar_375,bar_chart,How many more internet users are there in the USA compared t,120 million,"From the chart:

- **USA internet users** = **220 million**
- **UK internet user",True,0.001768
334,funnel,What is the value at the Application stage in the admissions,400,The value at the **Application** stage is **400**.,True,0.001142
bar_419,bar_chart,What is the difference between the Math and Science scores f,5 points,"For **Grade 10**:

- **Math score** = 90
- **Science score** = 95

**Difference ",True,0.002694
27,funnel,"How many points is the ""Literature Review"" stage valued at?",800,"The ""Literature Review"" stage is valued at **800 points**.",True,0.001472
candlestick_209,candlestick,On which date did the stock reach its highest closing price ,2022-03-04,"The highest closing price was reached on **March 8, 2022**, with a closing price",True,0.00197
candlestick_112,candlestick,By how much did the high price on 2022-06-10 exceed the low ,$3.76,"On **2022-06-10**, the **high price was 101** and the **low price was 97**.

So,",True,0.002482
bar_299,bar_chart,How many more million mobile phone users are there in the US,230 million,"From the chart:

- USA mobile phone users = **550 million**
- France mobile phon",True,0.002434
candlestick_120,candlestick,What was the high price of the week of 2020-03-16?,295000,"The high price for the week of **2020-03-16** was **$295,000**.",True,0.001606
222,funnel,What is the difference in value between the Interest and Con,1500,"The **Interest** stage is **4500** and the **Conversion** stage is **3000**.

**",True,0.001488
bar_471,bar_chart,How many employees are there in the East region?,2500,"There are **2,500 employees** in the **East** region.",True,0.001782
candlestick_288,candlestick,On which date did the stock achieve its highest closing pric,2022-04-26,"The highest closing price appears on **April 26, 2022**, with a close of **91**.",True,0.001602
bar_268,bar_chart,How many more smartphone users does Asia have in comparison ,200 million,"Asia has **200 million more smartphone users** than North America.

- **Asia:** ",True,0.002008
candlestick_286,candlestick,What was the low price on 2021-02-15?,$48.1,The low price on 2021-02-15 was **48**.,True,0.001488
217,funnel,How many have signed up according to the data?,2000,"According to the funnel chart, **2,000** people have **signed up**.",True,0.001512
156,funnel,What is the value of Shipments during the Project Planning s,666,The value of **Shipments** during the **Project Planning** stage is **666**.,True,0.001852
candlestick_255,candlestick,What was the high price on 2021-03-05?,82.2,The high price on **2021-03-05** was **82.2**.,True,0.001536
bar_133,bar_chart,How many paralegals does New York have?,150,New York has **150 paralegals**.,True,0.002182
bar_425,bar_chart,Which region has the highest livestock production in 2021?,Europe,"Europe has the highest livestock production in 2021, with 6,000 units.",True,0.001604
214,funnel,How much higher is the Student Engagement value in the Resea,90,"The Student Engagement value in the **Research** stage is **170**, and in the **",True,0.001428
148,funnel,What is the value at the Processing stage in the food produc,200,The value at the **Processing** stage is **200**.,True,0.001622
candlestick_88,candlestick,How much was the High Price on 2021-01-01?,$890,The **High Price on 2021-01-01** was **870**.,True,0.001678
bar_389,bar_chart,How much capacity does Sea transport have?,800,Sea transport has a capacity of **800**.,True,0.00138
candlestick_264,candlestick,What was the High Price on the date when the Lowest Price wa,$104.2,"The Lowest Price of **$99.8** occurred on **Apr 26, 2019**.  
On that date, the ",True,0.002628
candlestick_83,candlestick,What was the High Price of the stock on 2021-04-01?,109.6,The **High** price on **2021-04-01** was **109.6**.,True,0.001988
301,funnel,What is the value at the Operation stage?,20.0,The value at the **Operation** stage is **20**.,True,0.00182
bar_217,bar_chart,Which country has the highest difference between online and ,France,"From the chart:

- **USA:** 2.1 − 1.5 = **0.6**
- **UK:** 1.7 − 1.2 = **0.5**
- ",True,0.003172
bar_71,bar_chart,Which month had the highest production output for Category A,April,"Category A had the highest production output in **March and April**, tied at **1",True,0.001546
candlestick_99,candlestick,What was the highest high price recorded in the month of Jun,$22.2,"In June 2021, the highest high price shown is **22.2**.",True,0.001464
25,funnel,How many more subscribers are there at the Interest stage th,14000 subscribers,"The Interest stage has 15,000 subscribers and the Conversion stage has 1,000 sub",True,0.002148
candlestick_100,candlestick,What was the High Price on 2021-05-27?,1350,The **High Price on 2021-05-27** was **1350**.,True,0.00195
bar_180,bar_chart,Which country has the highest GDP in 2021?,USA,The **USA** has the highest GDP in 2021.,True,0.001752
8,funnel,How many fewer applicants were there than enrollments?,200,"There were **200 fewer applicants than enrollments**.

Calculation: **1000 - 800",True,0.001592
bar_314,bar_chart,Which charity organization had the highest number of donors?,Charity D,"Charity D had the highest number of donors, with 6,000 donors.",True,0.001814
candlestick_190,candlestick,On which date was the closing price exactly $137?,2021-10-27,"The closing price was exactly **$137 on October 27, 2021**.",True,0.001514
bar_488,bar_chart,Which country has the highest financial investment in start-,Germany,"The **USA** has the highest financial investment in start-ups in 2021, at **$500",False,0.001618
candlestick_93,candlestick,What was the closing price on 2019-08-23?,26.4,The closing price on **2019-08-23** was **26.4**.,True,0.001476
251,funnel,How many more people are at the Interest stage compared to t,70000,"The Interest stage has **70,000 more people** than the Retention stage.

- **Int",True,0.0021
bar_51,bar_chart,How many volunteers does Habitat for Humanity have?,3000,"Habitat for Humanity has **3,000 volunteers**.",True,0.001732
238,funnel,What is the value of Shipments during the Project Planning s,666,The value of **Shipments** during the **Project Planning** stage is **666**.,True,0.004774
bar_432,bar_chart,How many homes were sold in New York?,650,New York sold **650 homes**.,True,0.001668
candlestick_216,candlestick,What was the High Price on 2020-01-01?,80.3,The High Price on 2020-01-01 was **80.2**.,True,0.00152
91,funnel,What is the value associated with the Design and Engineering,800,The value for **Design and Engineering** is **800**.,True,0.002756
330,funnel,What is the value at the Processing stage of the Agri-Food C,66.6,The value at the **Processing** stage is **66.6**.,True,0.001476
candlestick_186,candlestick,What was the difference between the Opening Price and the Cl,$4500,"For December 2019, the opening price was about **275k** and the closing price wa",False,0.002088
bar_100,bar_chart,Which state has the highest difference between e-commerce an,Florida,"Florida has the highest difference.

Differences between e-commerce and retail s",True,0.002362
candlestick_222,candlestick,On which date was the high price the lowest during the given,2018-11-01,"The lowest **high price** occurred on **October 30, 2018**.

- High on Oct 30, 2",True,0.00182
182,funnel,What is the total value for Research and Quality Control sta,70,"Research is 50 and Quality Control is 20.

Combined total: 70.",True,0.002282
bar_156,bar_chart,How many more donors were there in the USA compared to Germa,15 donors,"From the chart:

- **USA donors:** 75 million  
- **Germany donors:** 49 million",False,0.00203
36,funnel,What is the value difference between a Master's degree and a,20,"From the chart:

- **Master’s Degree value:** 40
- **Doctorate Degree value:** 2",True,0.002234
candlestick_230,candlestick,What was the High Price on the week of 2019-07-11?,$16.2,The **High Price** for the week of **2019-07-11** was **16.2**.,True,0.001326
49,funnel,How much greater is the value for Research compared to Imple,60,"Research is **60** greater than Implementation.

Calculation: **100 - 40 = 60**",True,0.001252
bar_484,bar_chart,Which country has the highest difference between retail sale,USA,"From the chart:

- **USA:** Retail 5.8, Online 3.4 → Difference = **2.4**
- **UK",True,0.00417
163,funnel,"What is the value for the ""Initial Consultation"" stage?",1000,The value for the **Initial Consultation** stage is **1000**.,True,0.00583
bar_16,bar_chart,Which region has the highest number of restaurants?,Asia,"Asia has the highest number of restaurants, with **240**.",True,0.001748
candlestick_74,candlestick,What was the high price on 2021-03-07?,$94,The high price on **2021-03-07** was **92**.,True,0.001444
160,funnel,What is the value for the 'Feasibility Study' stage?,60,The value for the **Feasibility Study** stage is **60**.,True,0.000962
candlestick_111,candlestick,On which date did the stock have the lowest closing price in,2019-07-08,"The lowest closing price appears on **July 15**, with a closing price of about *",False,0.001544
candlestick_282,candlestick,What was the High Price ($) on the date with the lowest Low ,35.2,"The lowest Low Price was in **January 2019** at about **$30.8**.  
On that date,",True,0.001698
candlestick_89,candlestick,On which date did the stock achieve the highest high price?,2019-05-20,"The stock reached its highest **high price** on **May 20**, at approximately **6",False,0.001536
198,funnel,What is the difference in value between the Research and Pur,600,"The **Research** stage is **800** and the **Purchase** stage is **200**.

**Diff",True,0.002278
bar_21,bar_chart,Which country hosted the highest number of sports events in ,UK,"The **UK** hosted the highest number of sports events in 2021, with **1,050 spor",True,0.00132
192,funnel,What is the value for Selection in the HR Strategies chart?,800,The value for **Selection** is **800**.,True,0.002544
candlestick_295,candlestick,What was the High Price ($) on the date with the lowest clos,$16,"The lowest closing price is **$12** on **Jan 12, 2022**.

The **High Price** on ",False,0.00178
34,funnel,How many customers are in the Awareness stage of the Custome,1000,"There are **1,000 customers** in the **Awareness** stage.",True,0.001306
bar_491,bar_chart,What was the most common type of donation received by charit,Online donations,"The most common type of donation in 2021 was **online donations**, with **$500**",True,0.001908
candlestick_225,candlestick,What was the Low Price in September 2020?,21.3,The **Low Price in September 2020** was **21.3**.,True,0.001498
96,funnel,What is the value difference between the 'Interest' and 'Con,200,"The value difference between **Interest** and **Consideration** is:

**800 - 600",True,0.00499
bar_438,bar_chart,What is the difference in GW between consumption and generat,10 GW,"For **Nuclear** energy:

- **Consumption** = 90 GW  
- **Generation** = 100 GW  ",True,0.002344
bar_168,bar_chart,How many more million ads were viewed in the USA compared to,200 million,"Ads viewed in the **USA**: **750 million**  
Ads viewed in **Germany**: **550 mi",True,0.003236
candlestick_262,candlestick,What was the high price on 2019-08-05?,20,The high price on **2019-08-05** was **20.0**.,True,0.001176
candlestick_269,candlestick,What was the closing price of the stock on 2019-05-03?,60.7,The closing price on **2019-05-03** was **60.5**.,True,0.001362
274,funnel,What stage has a value of 800?,Production Planning,The stage with a value of **800** is **Production Planning**.,True,0.001462
209,funnel,What is the value associated with the Quality Control stage?,40,The value for the **Quality Control** stage is **40**.,True,0.001312
candlestick_228,candlestick,What was the closing price of the stock on 2019-02-11?,$80.1,The closing price on **2019-02-11** was **80**.,True,0.00151
bar_493,bar_chart,How many employees were promoted in February?,25,"In **February**, **25 employees** were promoted.",True,0.001396
bar_295,bar_chart,Which country has the highest difference between manufacturi,USA,"From the chart:

- **USA:** 20,000 − 17,000 = **3,000**
- **UK:** |15,000 − 18,0",True,0.003162
137,funnel,How many people are at the Evaluation stage according to the,61184,"At the **Evaluation** stage, there are **61.184k people** (about **61,184**).",True,0.002162
bar_442,bar_chart,Which country had the highest manufacturing output in 2021?,UK,"The **UK** had the highest manufacturing output in 2021, at **1500 million**.",True,0.001652
candlestick_202,candlestick,What was the highest high price achieved during the first we,$154,The highest high price during the first week of 2022 was **154**.,True,0.001508
194,funnel,How many individuals reached the Consideration stage?,4000,"The **Consideration** stage reached **4,000 individuals**.",True,0.001446
bar_357,bar_chart,How much is the average home price in Los Angeles?,700000,"The average home price in **Los Angeles** is **$700,000**.",True,0.001318
129,funnel,What is the value of the Review stage in the Legal Cases Res,800,The value at the **Review** stage is **800**.,True,0.00145
bar_451,bar_chart,Which country has the highest service industry revenue?,France,"France has the highest service industry revenue, at **8,000 million**.",True,0.001298
candlestick_161,candlestick,What was the range of the High Price on 2021-01-08?,$18,"On 2021-01-08, the High Price ranged from about **160 to 180**, with the **high ",True,0.002324
292,funnel,What is the value for the Research stage in the customer jou,800,The value for the **Research** stage is **800**.,True,0.001258
candlestick_266,candlestick,What was the high price of the industry on 2019-08-05?,130,The high price on **2019-08-05** was **130**.,True,0.00265
bar_213,bar_chart,How many million tons of crops did France produce?,60,France produced **60 million tons** of crops.,True,0.001702
candlestick_101,candlestick,What was the lowest closing price in the month of April 2016,83.2,The lowest closing price in April 2016 was **83**.,True,0.001872
186,funnel,What is the value difference between the 'Development' and ',50,"The value at **Development** is **60**, and at **Distribution** it is **10**.

S",True,0.001928
bar_462,bar_chart,Which country has the lowest number of Engineering Graduates,Germany,"From the chart, **Germany and France** have the lowest number of **Engineering G",True,0.002018
candlestick_185,candlestick,What was the high price of the stock on 2019-04-29?,$55.7,The high price on 2019-04-29 was **55.8**.,True,0.000978
227,funnel,What is the value at the Development stage of the Science an,600,The value at the **Development** stage in **2020** is **600**.,True,0.00153
bar_115,bar_chart,Which country has the least number of enrolled students?,Germany,"Germany has the least number of enrolled students, with about **350,000** studen",True,0.001332
candlestick_208,candlestick,What was the Low Price ($) in the month with the highest Clo,$125,"The highest Closing Price was in November 2020 at $134, and the Low Price that m",True,0.001622
115,funnel,What is the value for Participation in the Arts & Culture En,6000,The value for **Participation** is **6000**.,True,0.001784
bar_208,bar_chart,Which region has the lowest greenhouse gas emissions?,North America,"From the chart, **Africa** has the lowest greenhouse gas emissions, at about **3",False,0.001394
224,funnel,How many fewer individuals are at the Treatment Plan stage c,15520,"Diagnosis has **88.8k** individuals and Treatment Plan has **73.28k**.

So the d",False,0.002304
candlestick_267,candlestick,What was the High Price on 2019-05-22?,$370,The **High** on **2019-05-22** was **370**.,True,0.001224
candlestick_55,candlestick,What was the closing price of the green energy stock on 2020,$128.50,The closing price on **2020-04-01** was **128.5**.,True,0.001486
112,funnel,Which stage has a value of 4000000?,Feasibility Study,"The stage with a value of **4,000,000** is **Feasibility Study**.",True,0.00115
bar_149,bar_chart,How much more does the USA spend on education than Germany?,$1.7 billion,"From the chart:

- **USA:** 3.6 billion  
- **Germany:** 1.9 billion  

So the U",True,0.001572
bar_305,bar_chart,Which country has the highest number of patents?,UK,"The **UK** has the highest number of patents, with **5,000**.",True,0.00265
candlestick_236,candlestick,What was the highest High Price ($) recorded in the dataset?,86,The highest **High Price ($)** recorded in the dataset was **$86**.,True,0.001502
candlestick_268,candlestick,On which date was the lowest opening price recorded in the g,2019-04-01,"The lowest opening price was recorded on **April 1, 2019**.",True,0.001504
107,funnel,How much is the value at the Operation stage of the project ,20,"The value at the **Operation** stage is **20**, which is **20%**.",True,0.001536
bar_386,bar_chart,How many galleries are there in Germany?,90,Germany has **90 galleries**.,True,0.001152
bar_160,bar_chart,Which country has the highest number of criminal cases?,Germany,"Germany has the highest number of criminal cases, with 700 cases.",True,0.00142
candlestick_180,candlestick,What was the High Price on 2021-06-21?,110 dollars,The **High Price on 2021-06-21** was **$109**.,True,0.001536
213,funnel,What is the value difference between the Feasibility Study a,45,"From the chart:

- **Feasibility Study** = **125**
- **Implementation** = **80**",True,0.005212
210,funnel,What is the value at the Research stage in the Legal Process,60.0,The value at the **Research** stage is **60%**.,True,0.002056
bar_412,bar_chart,How much more does the USA export in volume compared to its ,250 million,"For the USA:

- Manufacturing output = **650 million**
- Export volume = **450 m",False,0.002958
candlestick_144,candlestick,What was the Low Price on 2020-01-07?,$50.9,The **Low** on **2020-01-07** was **50.8**.,True,0.001552
306,funnel,How many people are estimated in the Recovery stage?,2500,"The estimated number of people in the **Recovery** stage is **2,500**.",True,0.001512
candlestick_86,candlestick,On which date did the stock reach its highest high price wit,2021-06-5,"The stock reached its highest high price on **Jun 05**, with a high of **165**.",False,0.001468
303,funnel,What is the value difference between the 'Interest' and 'Con,200,"The value difference between **Interest** and **Consideration** is:

**800 - 600",True,0.00157
bar_417,bar_chart,How much more did the USA manufacture than it exported in 20,700 million,"From the chart for **USA** in 2021:

- **Manufactured goods:** 1500  
- **Export",True,0.00335
70,funnel,What is the difference in value between the Awareness and Ot,600,"The value for **Awareness** is **1000** and for **Others** is **400**.

**Differ",True,0.002326
candlestick_231,candlestick,What was the highest price reached on 2021-01-05?,$200,"On 2021-01-05, the highest price reached was **200**.",True,0.002302
bar_378,bar_chart,What is the trend in CO2 emissions from 2020 to 2023?,Decreasing,"CO2 emissions show a steady downward trend from 2020 to 2023.

- 2020: 3700 mill",False,0.002788
199,funnel,How many people are at the Consideration stage?,10000,"The **Consideration** stage has **10,000 people**.",True,0.001448
bar_402,bar_chart,Which region has the lowest number of restaurants in 2021?,South America,"From the chart, the number of **restaurants** in 2021 by region is:

- North Ame",True,0.002556
196,funnel,What is the value at the Inquiries stage?,1000,The value at the **Inquiries** stage is **1000**.,True,0.001584
bar_381,bar_chart,How many tonnes of animal products were produced in Europe?,600,Europe produced **600 tonnes** of animal products.,True,0.001978
candlestick_78,candlestick,What was the low price on 2021-04-07?,115,The low price on **2021-04-07** was **117**.,True,0.001918
candlestick_246,candlestick,What was the increase in the closing price between 2019-05 a,17 dollars,The closing price increased from **$40** in **2019-05** to **$57** in **2019-10*,True,0.001902
bar_72,bar_chart,What is the difference in average house prices between the E,$40000,"The average house price in the **East** is **240,000**, and in the **North** it ",True,0.002164
193,funnel,What is the value for the Conversion stage in the Consumer J,1000,The value for the **Conversion** stage is **1000**.,True,0.00202
bar_11,bar_chart,What was the expenditure of the business in 2021?,$400 million,The expenditure in **2021** was **400 million**.,True,0.001754
candlestick_287,candlestick,On which date was the difference between the High Price and ,2022-03-10,The largest difference between the High Price and the Low Price occurred on **Ma,True,0.002038
122,funnel,How much greater is the value for the Introduction stage com,168,"From the chart:

- **Introduction** = 200  
- **Review** = 32  

Difference:

**",True,0.001536
bar_17,bar_chart,What is the average score of students in Grade 3?,80,The average score of students in **Grade 3** is **85**.,True,0.001304
candlestick_233,candlestick,In which month did the real estate market see the highest cl,2020-06-01,"The highest closing price occurred in **June 2020**, at **300k**.",True,0.001528
bar_239,bar_chart,What is the milk production of France?,12500 tons,"France’s milk production is **12,500 tons**.",True,0.00173
35,funnel,What is the value difference between the Screening and Selec,400,"From the chart:

- **Screening:** 800
- **Selection:** 400

**Value difference =",True,0.004128
candlestick_167,candlestick,On which date did the stock achieve the highest high price?,2022-01-8,"The stock achieved its highest high price on **January 8, 2022**.",True,0.001516
283,funnel,What is the value at the Implementation stage?,80,The value at the **Implementation** stage is **80**.,True,0.001748
bar_num_330,bar_chart_num,Which city had the highest average home price in 2021?,New York,"New York had the highest average home price in 2021, at **$1,200,000**.",True,0.001598
box_52,box,What is the median user experience score for Online Gaming?,83,The median user experience score for **Online Gaming** is **83**.,True,0.002246
candlestick_248,candlestick,What was the low price of the stock in September 2022?,87,The low price in **September 2022** was **87**.,True,0.001112
103,histogram,How many users are reported to spend between 3-4 hours on th,50 million,The chart shows **50 million users** spend **3–4 hours** on the Internet daily.,True,0.00234
line_num_319,line_chart_num,What is the electricity consumption in the month with the hi,23000 KW-h,"The month with the highest cost is **May** at **$1700**.

The electricity consum",True,0.003438
bar_num_142,bar_chart_num,Which country has the smallest difference between retail sal,France,"From the chart:

- USA: 3.5 − 1.2 = 2.3
- UK: 2.3 − 1.7 = 0.6
- Germany: 2.8 − 1",True,0.003038
box_263,box,What is the median engagement value for Twitter?,6000,"The median engagement value for Twitter is **6,000 likes**.",True,0.001026
candlestick_152,candlestick,What was the lowest Low Price ($) recorded in the given data,117,The lowest **Low Price ($)** recorded in the chart was **117**.,True,0.001488
bar_num_437,bar_chart_num,Which country has the highest number of galleries?,USA,"The **USA** has the highest number of galleries, with **350 galleries**.",True,0.002274
272,histogram,How many countries are aiming to reduce carbon emissions by ,2,"From the chart, the **350–400 million metric tons** range corresponds to **2 cou",True,0.002356
line_num_127,line_chart_num,Which country has the lowest donations in million dollars?,Mexico,"Mexico has the lowest donations, at **50 million dollars**.",True,0.002212
candlestick_148,candlestick,What was the range between the High Price and Low Price on 2,$25,"On 2020-01-23:

- High Price = 165
- Low Price = 140

Range = 165 − 140 = 25

So",True,0.001916
box_250,box,Which legal practice has the highest median settlement amoun,Mediation,"From the boxplot, **Mediation** has the **highest median settlement amount**.

I",True,0.00364
line_num_139,line_chart_num,How much solar power was generated in 2022?,800 GWh,"In **2022**, **solar power generated 800 GWh**.",True,0.001784
166,histogram,Which subject area receives the least average annual researc,Social Sciences,The subject area with the least average annual research funding is **Social Scie,True,0.00594
bar_num_408,bar_chart_num,What is the increase in Crop Production from January to Apri,150,"Crop production increased from **600** in January to **750** in April.

**Increa",True,0.002274
box_150,box,Which crop has the highest median yield?,Corn,"From the boxplot, **Corn** and **Barley** have the highest median yield.

- **Co",True,0.002116
52,histogram,Which product category had the lowest sales volume?,Seafood,"The product category with the lowest sales volume is **Seafood**, at about **16.",True,0.002714
candlestick_91,candlestick,What is the closing price on the first trading day of 2020-0,110,"The first trading day of **2020-06-01** is **June 1, 2020**, and the **closing p",True,0.00228
line_num_255,line_chart_num,How many millions more cars were produced than sold in April,0.2 million,"In April:

- **Cars produced** = **3.3 million**
- **Cars sold** = **3.1 million",True,0.002554
bar_num_487,bar_chart_num,How many more tourists than hotel rooms does France have in ,120,"France has **120 more tourists than hotel rooms** in 2021.

- **Hotel rooms:** 3",True,0.002256
box_168,box,What is the median serving time at 'Casual Dining' restauran,20,The median serving time for **Casual Dining** restaurants is **20 minutes**.,True,0.001822
candlestick_128,candlestick,What was the lowest closing price and on which date did it o,17 on 2022-01-01,"The lowest closing price was **17**, and it occurred on **January 1, 2022**.",True,0.002732
85,histogram,How many bookings were made for Boutique hotels?,"20,000",Boutique hotels had **20 thousand bookings**.,False,0.005834
bar_num_17,bar_chart_num,Which region has the highest number of recycling units?,Asia,"Asia has the highest number of recycling units, with **5,000**.",True,0.001798
line_num_237,line_chart_num,In which month is the difference between online and retail s,December,"The smallest difference is in **December**.

- **Online sales:** 140 million dol",True,0.006126
box_100,box,How many outliers are there in the Clothing category?,2,There are **2 outliers** in the **Clothing** category.,True,0.002014
line_num_96,line_chart_num,How many passengers are traveling by bike at 03:00?,80,"At **03:00**, the number of passengers traveling by **bike** is **80**.",True,0.002142
100,histogram,What is the user population (in millions) for the time spent,65.3,The user population for the **30–60 minutes** category is **65.1 million**.,True,0.005808
candlestick_139,candlestick,What was the low price on 2020-08-01?,185,The low price on **2020-08-01** was **185**.,True,0.001504
box_110,box,What is the median sales value for Books?,700,The median sales value for **Books** is **700 units**.,True,0.002226
bar_num_190,bar_chart_num,Which country has the highest production of wind energy in 2,UK,"The **UK** has the highest wind energy production in 2021, with **60 units**.",True,0.002348
candlestick_62,candlestick,What was the low price for the month with the highest high p,570,"The month with the highest high price is **December**, with a high of **670**.

",True,0.001684
line_num_273,line_chart_num,In which year was the number of homes sold the lowest?,2018,The number of homes sold was lowest in **2018**.,True,0.002438
bar_num_326,bar_chart_num,How many more full-time employees does Sales and Marketing h,40,Sales and Marketing has **40 more full-time employees** than Research and Develo,True,0.005368
163,histogram,"How many more cases per 100,000 are there of Heart Disease c",200 cases,"Heart Disease has **200 more cases per 100,000** than Kidney Disease.

- **Heart",True,0.002934
candlestick_176,candlestick,On which date did the stock achieve the highest closing pric,2020-01-10,"The highest closing price was achieved on **January 10, 2020**.",True,0.00264
box_137,box,How many types of properties have outliers?,3,"There are **4** property types with outliers.

They are:
- **Condominium**
- **M",False,0.004522
49,histogram,How many sporting events are there with ticket prices rangin,75,"There are **75 sporting events** with ticket prices ranging from **$0 to $50**.
",True,0.002914
bar_164,bar_chart,How far (in km) does the train travel?,500,The train travels **500 km**.,True,0.001672
line_num_148,line_chart_num,How many units did Manufacturing A produce in March?,800,Manufacturing A produced **800 units** in **March**.,True,0.001136
candlestick_235,candlestick,What is the Closing Price on the day when the High Price fir,$197.8,"The **High Price first exceeded $220 on June 13, 2019**.

The **Closing Price** ",True,0.002068
bar_num_263,bar_chart_num,How much more time is spent on Facebook compared to Twitter ,3 hours,"From the chart, average usage time is:

- **Facebook:** 3.5
- **Twitter:** 1.2

",False,0.002654
candlestick_119,candlestick,What was the Low Price ($) on 2022-01-05?,46.9,The low price on **2022-01-05** was **$46.9**.,True,0.001738
267,histogram,Which crop type has the lowest yield according to the datase,Rye,"According to the chart, **Rye** has the **lowest yield**.",True,0.002264
box_80,box,Which Social Media Platform has the highest median user coun,Facebook,"From the boxplot, **Facebook** has the highest median user count, at about **200",True,0.00611
bar_num_378,bar_chart_num,How many Facebook users are there in Germany?,120 million,Germany has **120 million** Facebook users according to the chart.,True,0.001978
line_num_33,line_chart_num,What is the difference between the number of cases and the n,8000,"In 2014:

- **Number of cases** = 18,000  
- **Number of sentences** = 10,000  
",True,0.00199
box_121,box,What are the outliers for the Machinery product type?,[3;140],"For **Machinery**, the outliers are the points beyond the whiskers:

- **3 days*",True,0.002392
candlestick_210,candlestick,What was the High Price on 2021-04-29?,56.6,The **High Price on 2021-04-29** was **56.6**.,True,0.002692
line_num_188,line_chart_num,What was the rice yield in the year 2003?,5000,"The rice yield in 2003 was **5,000 metric tons**.",True,0.002624
box_241,box,What is the median network speed for the Office Network?,18.1,The median network speed for the **Office Network** is **18 KB/s**.,True,0.001816
bar_num_459,bar_chart_num,How many more full-time employees are there in IT compared t,15,"IT has **10 more full-time employees** than Finance.

- **IT full-time:** 30  
-",False,0.002008
264,histogram,What is the total number of employees who are either satisfi,140,"The number of employees who are either **Satisfied** or **Very Satisfied** is:

",True,0.00279
158,histogram,What is the total number of employees who are at least moder,950,"“At least moderately engaged” includes:

- Moderately Engaged: 150
- Engaged: 48",True,0.002748
candlestick_273,candlestick,What was the High Price on 2019-01-03?,"$32,500","The **High Price on 2019-01-03** was **32,500**.",True,0.001552
bar_num_51,bar_chart_num,How many employees are there in the HR department?,60,There are **60 employees** in the **HR** department.,True,0.001614
line_num_203,line_chart_num,What is the difference in consumption between coffee and tea,100 cups,"In April:

- Coffee = 400 cups
- Tea = 500 cups

Difference = 500 - 400 = 100 cu",True,0.00221
box_30,box,What is the median examination time for a Blood Test?,20 minutes,The median examination time for a Blood Test is 20 minutes.,True,0.001022
bar_num_358,bar_chart_num,Which organization had the highest number of volunteer hours,World Vision,"World Vision had the highest number of volunteer hours, with 140 thousand hours.",True,0.001798
261,histogram,Which vehicle type has the second highest freight volume?,Ships,"The vehicle type with the second highest freight volume is **Ships**, at **65 mi",True,0.002324
line_num_214,line_chart_num,What was the growth in Total Sales from 2020 to 2023?,500 billion dollars,Total Sales grew from **2000 billion dollars** in 2020 to **2500 billion dollars,True,0.002578
box_15,box,How many outliers does Online Games have in its distribution,2,"Online Games has 2 outliers.

They are the two points above the upper whisker, a",True,0.002042
line_num_193,line_chart_num,What are the catering sales in the month of September? ,70 million dollars,The catering sales in September are **70 million dollars**.,True,0.00256
bar_num_11,bar_chart_num,Which country has the highest number of Football fans accord,Germany,"According to the chart, **Germany** has the highest number of **Football fans**,",True,0.002224
candlestick_290,candlestick,On which date did the stock reach its highest closing price ,2019-05-06,"The highest closing price occurred on **May 6, 2019**.",True,0.001132
box_49,box,What is the difference between Q3 and Q1 for the Accountant ,10 hours,"For the **Accountant** job title:

- **Q1 = 32**
- **Q3 = 42**

So, the differen",True,0.001988
candlestick_80,candlestick,On which date did the stock achieve the highest closing pric,2019-05-20,"The highest closing price was on **May 20**, with a closing price of **68**.",False,0.00197
155,histogram,How many projects have a research expenditure higher than $2,7,Projects with research expenditure higher than **$200 million** are in these ran,False,0.003602
152,histogram,What has been the highest quarterly revenue growth percentag,8.0%,"The highest quarterly revenue growth in the finance sector is **8.0%**, which oc",True,0.002406
candlestick_67,candlestick,What was the High Price of the social media company's stock ,135.6,The High price on 2021-02-08 was 135.,True,0.001898
box_12,box,What is the median sales revenue for Store D?,$100,The median sales revenue for **Store D** is **100 dollars**.,True,0.001782
bar_num_442,bar_chart_num,What is the total revenue of the business from 2021 to 2023?,750 million,"From the chart, the revenues are:

- 2021: 200
- 2022: 250
- 2023: 300

Total re",True,0.002532
259,histogram,What is the product type with the highest annual sales accor,Beverages,"The product type with the highest annual sales is **Beverages**, at about **$73 ",True,0.002178
candlestick_299,candlestick,What was the change in the stock's opening price from 2021-0,$4.5,"From the chart:

- Opening price on **2021-01-02**: **125**
- Opening price on *",False,0.002266
bar_num_31,bar_chart_num,How many fans are there in Germany?,1200,There are **1200 fans** in **Germany**.,True,0.000992
candlestick_105,candlestick,What was the Opening Price ($) on the day that had the highe,124.5,"The highest **High Price** is about **$132.2** on **Jun 02**.

The **Opening Pri",True,0.00178
box_24,box,Which delivery company has the smallest median delivery time,Delivery Company D,"From the boxplot, **Delivery Company D** has the **smallest median delivery time",True,0.002886
line_num_389,line_chart_num,In which year did Football Players' numbers first reach or e,2003,Football players first reached **2000** in **2003**.,True,0.001778
20,histogram,How many thousand units did the Pharmaceuticals sector produ,120,The Pharmaceuticals sector produced **120 thousand units**.,True,0.005686
line_num_167,line_chart_num,In which year did coal consumption increase by the smallest ,2015,"Coal consumption values are:

- 2010: 100,000
- 2011: 110,000
- 2012: 120,000
- ",True,0.005114
bar_num_430,bar_chart_num,What was the increase in the number of engineers from 2000 t,20000,"The number of engineers increased from 40,000 in 2000 to 60,000 in 2020.

Increa",True,0.00216
box_7,box,What is the range of product prices at shopping malls exclud,$105,"For **shopping malls**, excluding outliers, the prices range from about **$15 to",True,0.003776
candlestick_183,candlestick,On which date was the High Price the greatest?,2019-08-31,"The greatest High Price was on **August 31, 2019**, with a high of **37**.",True,0.001592
99,histogram,How many companies have a sales volume between 10 to 15 bill,20,There are **20 companies** with sales volume between **10 and 15 billion USD**.,True,0.001858
box_8,box,What is the median salary of Senior Level employees?,"$130,000","The median salary of **Senior Level** employees is **$130,000**.",True,0.002276
line_num_29,line_chart_num,By how much did the average home price increase from 2000 to,110,"From the chart, the average home price was:

- **2000:** \$200,000  
- **2007:**",True,0.002694
line_num_473,line_chart_num,What is the total production of Crop C from January to April,395 tons,"Crop C from **January to April** is:

- January: 90
- February: 95
- March: 100
",True,0.002412
bar_num_423,bar_chart_num,What is the total renewable energy generation (solar and win,10000,"In Nevada:

- Solar generation = 4,800 MWh
- Wind generation = 5,200 MWh

Total ",True,0.002766
candlestick_184,candlestick,How much did the stock price increase from opening to closin,$7,"On 2020-07-06, the stock opened at **145** and closed at **152**.

So, the incre",True,0.001948
253,histogram,How many total donations were made in the amounts ranging fr,75,"Donations from **$250 to $1000** include:

- **$250–500:** 40
- **$500–1000:** 2",False,0.003052
candlestick_187,candlestick,What was the Low Price of corn on 2022-02-07?,$4.28,The **Low Price** of corn on **2022-02-07** was **4.28**.,True,0.001604
bar_num_87,bar_chart_num,Which country has the lowest Solar Energy production?,France,"France has the lowest solar energy production, at **800 MW**.",True,0.002586
line_num_289,line_chart_num,How many volunteers were there in 2021?,40000,"There were **40,000 volunteers** in **2021**.",True,0.001268
line_num_365,line_chart_num,What is the production of Crop D in the year 2013?,200 tons,The production of **Crop D** in **2013** is **200 tons**.,True,0.001608
17,histogram,How many transactions are there for houses priced between $8,40,"There are **40 transactions** for houses priced between **$800,000 and $1,000,00",True,0.00241
bar_num_467,bar_chart_num,How much higher are the retail sales in USA than the e-comme,8 billion,"In the USA, retail sales are **8 units higher** than e-commerce sales.

Calculat",True,0.003558
candlestick_194,candlestick,What was the closing price on 2020-02-24?,255,The closing price on **2020-02-24** was **255**.,True,0.001822
250,histogram,How many websites have traffic ranging between 20-30 million,200,There are **200 websites** in the **20–30 million visits** range.,True,0.002646
line_num_116,line_chart_num,In which month did retail stores have the lowest sales accor,August,"Retail stores had the lowest sales in **January and August**, with **1200 billio",True,0.001242
box_33,box,Are there outliers in the Sports event duration data?,Yes,"Yes. In the **Sports** category, there is **one clear outlier**, around **240 mi",True,0.002722
box_27,box,Which government program has the lowest median cost?,Welfare,"The government program with the **lowest median cost** is **Welfare**.

From the",True,0.003378
bar_num_316,bar_chart_num,Which country has the highest ratio of lawsuits settled to l,France,"From the chart:

- **USA:** settled/filed = 8/10 = **0.80**
- **UK:** 6/9 = **0.",True,0.002566
box_17,box,Which company has the highest maximum stock value without co,Company C,"Ignoring outliers and looking at the top whisker, **Company D** has the highest ",False,0.001782
198,histogram,How many companies have a revenue range of 0-50 million doll,18,There are **18 companies** in the **0–50 million dollars** revenue range.,True,0.002302
candlestick_198,candlestick,What was the high price on the day when the lowest closing p,23.5,"The lowest closing price in the 15-day period was **21.5** on **Jan 3**.

The **",True,0.002996
box_34,box,What is the median academic performance score at University ,3.4,The median academic performance score at **University C** is **3.4 GPA**.,True,0.002106
bar_num_179,bar_chart_num,How many more million Internet users does the USA have compa,175 million,"The USA has **330 million more** Internet users than Germany.

Calculation: **47",False,0.00246
248,histogram,How many art exhibits have an attendance range of 10-25 thou,21,The **10–25 thousand** attendance range has **21 art exhibits**.,True,0.00263
candlestick_63,candlestick,On which date did the hotel room rates experience the smalle,2021-07-20,"The smallest high-low fluctuation occurred on **July 20**.

- **High:** 160  
- ",False,0.002088
line_num_353,line_chart_num,Which painting had the highest increase in number between 18,Painting D,"From the chart:

- **Painting A:** 10 → 25, increase of **15**
- **Painting B:**",True,0.003962
line_num_416,line_chart_num,How many units of Product A were manufactured in the month o,200,Product A manufactured **200 units** in **April**.,True,0.001742
bar_num_473,bar_chart_num,Which country has the lowest CO2 emission in 2021?,France,"France has the lowest CO2 emission in 2021, at **3200 million tonnes**.",True,0.001868
box_5,box,Which policy type has the highest median expenditure accordi,Defense,"According to the box plot, **Defense** has the **highest median expenditure**.

",True,0.003586
candlestick_159,candlestick,What was the high price on 2021-01-10?,6000,The high price on **2021-01-10** was **6000**.,True,0.00152
195,histogram,How many social media platforms have more than 1000 million ,2,"From the chart, platforms with more than **1000 million** monthly active users f",True,0.003296
bar_num_134,bar_chart_num,How many more teachers are there in France compared to the U,100,"From the chart:

- Teachers in **France** = **1100**
- Teachers in **USA** = **1",True,0.005616
box_25,box,How many outliers are there in the Transportation program co,2,"There are **2 outliers** in the **Transportation** program cost boxplot.

They a",True,0.002504
line_num_426,line_chart_num,In which year was the Unemployment Rate in the U.S. the high,2010,"According to the chart, the **U.S. unemployment rate was highest in 2010**, at *",True,0.001996
245,histogram,What is the average nightly rate for a 5-Star hotel?,320,The average nightly rate for a 5-star hotel is **$320**.,True,0.005788
bar_num_75,bar_chart_num,Which region has the lowest number of ships according to the,North America,"According to the chart, **North America** has the lowest number of ships, with *",True,0.001932
candlestick_114,candlestick,What was the High Price on 2022-03-07?,80,"On **2022-03-07**, the **High** price was **80**.",True,0.00195
candlestick_124,candlestick,What was the High Price on 2020-10-16?,116$,The High on 2020-10-16 was 116.,True,0.001544
192,histogram,What is the crop yield for barley in tons per hectare?,2.8,The crop yield for **barley** is **2.8 tons per hectare**.,True,0.002296
box_44,box,Which food type has the highest median shelf life?,Canned Foods,"**Canned Foods** has the highest median shelf life.

From the boxplot, its media",True,0.0022
line_num_125,line_chart_num,How much did the Data Transfer in MB/s increase from 2001 to,200 MB/s,"The Data Transfer increased from **50 MB/s** in 2001 to **250 MB/s** in 2005.

S",True,0.001666
candlestick_178,candlestick,What was the high price in the month of June 2020?,$35000,"The high price in June 2020 was **35,000**.",True,0.001472
bar_num_183,bar_chart_num,How much more gas was used in April compared to January?,300 kWh,"Gas usage in January was **800 kWh** and in April was **1100 kWh**.

So, the inc",True,0.00266
box_29,box,Which art gallery has the smallest interquartile range (IQR),Gallery D,"From the boxplot, the **interquartile range (IQR)** is the height of each box:

",True,0.00433
line_num_384,line_chart_num,What is the total amount of donations received by Donation C,$470 million dollars,"Donation C received:

- **2017:** 250 million dollars  
- **2018:** 220 million ",True,0.001594
6,histogram,What is the total number of facilities operating more than 6,65,"Facilities operating more than 60 hours per week are in these ranges:

- 60–80: ",True,0.003072
line_num_30,line_chart_num,In which year did the number of tourists reach its peak in t,2022,"The number of tourists reached its peak in **2022**, with **250 tourists** (in t",True,0.001144
candlestick_242,candlestick,What was the Low Price on 2020-08-10?,$50,The **Low Price on 2020-08-10** was **50.0**.,True,0.001192
127,histogram,"What is the production volume of rice, in million metric ton",200,Rice production is **200 million metric tons**.,True,0.00289
box_6,box,Which investment type has the highest maximum value excludin,Mutual Funds,"Excluding outliers, **Options** has the highest maximum value, with the upper wh",True,0.002812
line_num_337,line_chart_num,By how much has Yield A increased from 2020 to 2023?,0.3 tonnes/hectare,Yield A increased from **0.5** tonnes/hectare in 2020 to **0.8** tonnes/hectare ,True,0.002756
bar_num_334,bar_chart_num,Which country has the least difference between housing start,UK,"From the chart:

- USA: |2.3 - 1.5| = 0.8
- UK: |2.1 - 1.2| = 0.9
- Germany: |2.",True,0.00275
bar_num_247,bar_chart_num,What is the average Math score for Grade 8?,89,The average **Math score for Grade 8** is **95**.,True,0.001554
line_num_171,line_chart_num,In which year did Instagram Users first reach or exceed 50 m,They did not reach or exceed 50 million in the given timeframe,"According to the chart, Instagram users first reached or exceeded **50 million i",True,0.002988
83,histogram,Which category has the highest monthly sales value?,Apparel,"The category with the highest monthly sales value is **Apparel**, at **$200 mill",True,0.002322
bar_num_468,bar_chart_num,What is the total increase in debt from 2020 to 2023?,$300 billion,"Debt rises from **200 billion** in 2020 to **500 billion** in 2023.

**Total inc",True,0.00213
candlestick_141,candlestick,What was the High Price in August?,$37,The high price in August was **$37**.,True,0.001484
candlestick_87,candlestick,In which month was the lowest opening price recorded?,August 2020,The lowest opening price was recorded in **August**.,False,0.001814
box_9,box,What is the median salary for a 'Part Time' employee in 2020,40000,"The median salary for a **Part Time** employee in **2020** is **$40,000**.",True,0.001606
124,histogram,How many companies have an employee satisfaction level that ,15,"The number of companies with a **""Moderate"" (3–4)** employee satisfaction level ",True,0.002348
bar_num_267,bar_chart_num,What is the average house cost in Asia?,300000,"The average house cost in **Asia** is **$300,000**.",True,0.001182
line_num_20,line_chart_num,By how much did the soccer attendance increase from 2011 to ,400000,"Soccer attendance increased from **400,000** in 2011 to **800,000** in 2015.

So",True,0.002132
box_39,box,How many outlier values are present in the data for Sociolog,1,"There is **1 outlier** in the **Sociology** data.

It is the **95** value, shown",True,0.002538
box_11,box,What is the median price for Single-Family Homes?,1000,"The median price for **Single-Family Homes** is **$1,000**.",True,0.005818
34,histogram,Which public policy area has the highest annual budget alloc,Defense,"According to the chart, **Defense** has the highest annual budget allocation, at",True,0.002382
line_num_455,line_chart_num,In which age group is the mortality rate the highest?,0-5,"The highest mortality rate is in the **0–5 age group**, at **0.03%**.",True,0.001578
candlestick_215,candlestick,What was the High Price on 2020-09-12?,$4,The High Price on 2020-09-12 was **4.0**.,True,0.000878
bar_num_62,bar_chart_num,Which country has the lowest CO2 emissions according to the ,France,"According to the chart, **France** has the lowest CO2 emissions, at **2000 tonne",True,0.002362
candlestick_213,candlestick,What was the high price on 2019-04-24?,54.0,The high price on **2019-04-24** was **54.0**.,True,0.002136
box_46,box,What is the median compressive strength for Plastic?,225,The median compressive strength for Plastic is approximately 225 kPa.,True,0.002228
187,histogram,How many public policy issues have more than 25 legislative ,5,"There are **5** public policy issues with more than 25 legislative actions:

- E",True,0.00317
bar_num_492,bar_chart_num,Which country has the highest Health Expenditure (% of GDP) ,USA,"According to the chart, the **USA** has the highest **Health Expenditure (% of G",True,0.00139
box_4,box,What is the median number of followers on Twitter?,2500,"The median number of followers on Twitter is **2,500**.",True,0.002228
line_num_194,line_chart_num,Which museum had the highest attendance in 2017?,Museum A,"In **2017**, **Museum A** had the highest attendance, with **30,000** visitors.",True,0.003258
candlestick_300,candlestick,What was the Low Price ($) on 2019-07-20?,1600,"On **2019-07-20**, the **Low Price** was **$1600**.",True,0.001572
box_35,box,What is the maximum pollution level for Sulphur Dioxide?,210,The maximum pollution level for **Sulphur Dioxide** is **400 ppm**.,False,0.002858
line_num_377,line_chart_num,How many more satellites than rockets were launched in 2020?,10,"In 2020, there were **35 satellites** and **25 rockets** launched.

So, the numb",True,0.003434
bar_num_56,bar_chart_num,What is the population difference between Germany and France,10 million,"From the chart:

- Germany population = 280
- France population = 290

Differenc",True,0.002214
candlestick_270,candlestick,What was the High Price on the date when the Lowest Price wa,54.1,"The lowest **Low Price** on the chart was recorded on **May 6, 2020** at about *",True,0.003502
121,histogram,Which three case categories have the highest number of cases,"Civil Litigation, Criminal Law, and Family Law","The three case categories with the highest number of cases filed are:

1. **Civi",False,0.006298
line_num_418,line_chart_num,What is the difference in the amount of donations between th,40 million dollars,"The donations in:

- 2004 = **180 million dollars**
- 2005 = **220 million dolla",True,0.002188
bar_num_154,bar_chart_num,How many more kilometers of roads does the USA have compared,6000 km,"From the chart:

- USA roads: **45,000 km**
- France roads: **39,000 km**

Diffe",True,0.002972
box_32,box,What is the median processing duration for Plating?,12,The median processing duration for **Plating** is **12 hours**.,True,0.001782
47,histogram,What is the exact number of shipments in thousands for Elect,180,Electronic Goods has **180 thousand shipments**.,True,0.002162
candlestick_65,candlestick,How much did the HR Budget increase from January to December,$7500,"Based on the chart, the **closing price** for:

- **January 2020** is about **60",True,0.002728
box_19,box,What is the median yield for soybean?,3400,The median yield for soybean is **3400 kg/ha**.,True,0.001444
line_num_292,line_chart_num,How much did Solar Energy production increase from 2020 to 2,600 kWh,Solar energy production increased from **1000 kWh in 2020** to **1600 kWh in 202,True,0.002148
bar_num_260,bar_chart_num,Which region has the highest percentage of renewable energy ,Europe,Europe has the highest percentage of renewable energy sources at 40%.,True,0.002582
candlestick_254,candlestick,What is the difference between the high price and the low pr,11000,"In December 2021, the **high price** is **232k** and the **low price** is **221k",True,0.002128
bar_num_85,bar_chart_num,Which country has the highest number of votes?,UK,"The **UK** has the highest number of **votes**, with **70,000**.",True,0.002866
181,histogram,How many concerts have ticket prices ranging from $200 to $3,55,There are **35 concerts** in the **$200 to $250** range and **20 concerts** in t,True,0.002624
line_num_245,line_chart_num,How many more million users did Facebook have in 2018 compar,3300 million,"Facebook had about **3300 million more users** in 2018 than in 2014.

Calculatio",True,0.002004
box_45,box,How many outliers are there in the cost data for Artificial ,2,"There are **2 outliers** in the cost data for **Artificial Intelligence**.

They",True,0.002064
14,histogram,How much more does the average monthly healthcare cost for t,$353.55,"From the chart:

- Age **36–45**: **$221**
- Age **56–65**: **$576**

Difference",True,0.00668
candlestick_227,candlestick,On which date was the High Price closest to $110 in June 202,2022-06-04,"The High Price was closest to $110 on June 4, 2022, when it was about $110.5.",True,0.001654
line_num_219,line_chart_num,Which product had the lowest production output in April?,Production C,"In April, **Production B** had the lowest output, with **12,000 units**.",False,0.001862
bar_num_191,bar_chart_num,How much higher were Store D's store sales compared to its o,40 million,"Store D's store sales were **40 million** higher than its online sales in 2021.
",True,0.001786
119,histogram,What is the percentage of the adult population that falls in,35.7%,The **Normal weight** category accounts for **35.6%** of the adult population.,True,0.005842
candlestick_155,candlestick,What was the range of the high and low prices on 2021-09-03?,$17.9,"On **2021-09-03**, the:

- **High price** was **158**
- **Low price** was **140*",True,0.002074
116,histogram,Which cargo type has the least average daily deliveries?,Hazardous Materials,The cargo type with the least average daily deliveries is **Hazardous Materials*,True,0.002996
bar_num_107,bar_chart_num,How much more did the Red Cross receive in donations than it,200 million,"For the Red Cross:

- Donations: 1400 million
- Funds raised: 600 million

Diffe",False,0.001944
box_1,box,What is the median yield of Soybean?,6,The median yield of **Soybean** is **6.0 tonnes**.,True,0.001118
candlestick_234,candlestick,What was the high price of the stock on 2022-01-17?,$90.2,The high price on **2022-01-17** was **90.2**.,True,0.001542
line_num_73,line_chart_num,Which country has the highest GDP per capita according to th,USA,"Using the chart values:

- USA: GDP 20.4, Population 330 → GDP per capita ≈ 20.4",True,0.00344
box_13,box,What is the median sentencing penalty of the State Court?,5,The median sentencing penalty of the **State Court** is **5 years**.,True,0.00203
box_38,box,Which employee group has the smallest interquartile range in,Entry Level,"The **Experienced**, **Managerial**, and **Senior** groups have the **smallest i",False,0.00411
line_num_71,line_chart_num,In which month did production rate B reach its maximum?,January,Production rate **B** reached its maximum in **January** at **120 units/hour**.,True,0.001502
179,histogram,How many firms have a revenue between $150 and $200 million?,20,There are **20 firms** with revenue between **$150 million and $200 million**.,True,0.002676
bar_num_354,bar_chart_num,Which country has the lowest carbon emissions according to t,France,"According to the chart, **France** has the **lowest carbon emissions**, at **230",True,0.0019
176,histogram,Which research funding range contains the maximum number of ,0-1,"The **$0–1 billion** funding range contains the maximum number of projects, with",True,0.002186
box_47,box,What is the median carbon footprint of the Agriculture secto,19.8,The median carbon footprint of the Agriculture sector is approximately 20 kgCO2.,True,0.002262
line_num_391,line_chart_num,By how much did the number of suits pending increase from 20,300,"The number of suits pending increased from **200** in 2001 to **500** in 2004.

",True,0.00636
bar_num_301,bar_chart_num,Which country has the highest number of food banks?,France,"The image appears blank, so I can’t extract data from it.

In general, the **Uni",False,0.002582
candlestick_191,candlestick,What was the High Price ($) in 2019-09?,63,The High Price in 2019-09 was **63**.,True,0.001456
bar_num_195,bar_chart_num,Which country has the highest number of YouTube users?,USA,"From the chart, **the USA** has the highest number of **YouTube users**, with **",True,0.00119
candlestick_132,candlestick,What was the low price of the stock on 2021-08-09?,39.2,The low price on 2021-08-09 was **$39.2**.,True,0.001542
110,histogram,What is the total number of houses sold for property value r,105,"For property value ranges above **500 ($'000)**, the houses sold are:

- **500–6",False,0.00367
line_num_131,line_chart_num,What is the average income for the age group 55-64?,"$55,000","The average income for the **55–64** age group is **$55,000**.",True,0.00187
box_26,box,Which art form has the highest maximum value excluding outli,Dance,"From the boxplot, **Dance** has the highest maximum value excluding outliers, wi",True,0.002832
candlestick_203,candlestick,What is the closing price of the stock on 2022-02-19?,123,The closing price on **2022-02-19** is **$123**.,True,0.001526
box_31,box,What is the maximum recovery time for Allergies without cons,22,"For **Allergies**, the **maximum recovery time without considering outliers** is",True,0.003212
173,histogram,How much larger is the budget for Health & Human Services th,$80.3 billion,"From the chart:

- **Health & Human Services**: **$89 billion**
- **Environmenta",True,0.003764
line_num_198,line_chart_num,In which month did tourists spend the least on average?,March,"Tourists spent the least on average in **March**, at **$800**.",True,0.0058
candlestick_195,candlestick,On which date was the closing price exactly the same as the ,2019-05-18,"The closing price was exactly the same as the opening price in **August 2020**.
",True,0.001714
bar_num_241,bar_chart_num,How much is the expense of Company C?,85,Company C's expense is **85**.,True,0.001684
line_num_253,line_chart_num,What was the increase in maize production from 2001 to 2004?,40 million tons,Maize production increased from 80 million tons in 2001 to 120 million tons in 2,True,0.001994
bar_num_376,bar_chart_num,How much higher is the production output compared to the man,400 million,"In Germany:

- **Manufacturing cost** = **300 million**
- **Production output** ",False,0.002154
box_48,box,What is the median delivery time for Pizza Hut?,30,The median delivery time for Pizza Hut is 30 minutes.,True,0.002196
candlestick_200,candlestick,What was the Low Price in 2019-11?,4900,The **Low Price in 2019-11** was **4900**.,True,0.00114
80,histogram,Which product category has the lowest online sales revenue a,Books & Media,"According to the chart, **Books & Media** has the **lowest online sales revenue*",True,0.005924
64,histogram,How much does the government spend on Welfare according to t,510 Billion dollars,"According to the chart, the government spends **$510 billion** on **Welfare**.",True,0.002676
line_num_369,line_chart_num,How many traffic cases were there in 2004?,250,There were **250 traffic cases** in **2004**.,True,0.001522
candlestick_261,candlestick,On which date did the stock have the highest closing price i,2020-06-01,"The highest closing price was in **June 2020**, with a closing price of **85**.",True,0.00166
108,histogram,Which activity has the least daily average use according to ,Email Communication,"The activity with the least daily average use is **Email Communication**, at **0",True,0.001916
line_num_422,line_chart_num,In which year did the coastal city experience the highest le,2021,"The highest PM2.5 air pollution level was in **2021**, at **25 micrograms/m³**.",True,0.001958
bar_num_79,bar_chart_num,Which country has the lowest number of cafes?,Germany,"Germany has the lowest number of cafes, with 25,000.",True,0.001764
box_3,box,How much higher is the maximum price of Smart TVs compared t,$850,"From the chart:

- **Maximum Smart TV price** = **$1600**
- **Maximum Smartphone",False,0.003736
candlestick_257,candlestick,On which date did the stock have the highest closing price i,2019-05-05,"The highest closing price appears on **May 5, 2019**, with a closing price of **",True,0.00126
bar_num_355,bar_chart_num,How many modes of transportation are more frequently used in,1,"Compare South America to North America for each mode:

- **Air:** South America ",False,0.002638
line_num_187,line_chart_num,What was the quantity of rail freight in April?,45 tons,The quantity of rail freight in April was **45 tons**.,True,0.002772
277,histogram,What is the total number of houses sold in the price ranges ,271,"The price ranges above **700 thousand** are:

- **700–800**: 115 houses  
- **80",True,0.003346
box_14,box,How much higher is the maximum funding in District A compare,$20 million,"From the boxplot:

- **District A maximum funding** = **150 million**
- **Distri",True,0.002782
candlestick_127,candlestick,On which date did the stock reach its highest high price?,2021-01-31,"The stock reached its highest **high price** on **January 31, 2021**, where the ",True,0.002816
box_10,box,"What is the price range for Condos, from Q1 to Q3?","$105,000 to $125,000","For **Condos**, the box shows:

- **Q1 ≈ $105,000**
- **Q3 ≈ $125,000**

So the ",True,0.005542
bar_num_169,bar_chart_num,Which country has the highest overall ratings when summing u,France,"From the chart:

- **USA**: 7.2 + 7.8 + 7.5 = **22.5**
- **UK**: 7.4 + 8.0 + 7.7",True,0.002678
line_num_421,line_chart_num,What is the Wind Energy production in the month of April?,370 KWh,The wind energy production in **April** is **370 kWh**.,True,0.003328
15,histogram,How many employees have low job satisfaction?,95,The number of employees with **low** job satisfaction is **95**.,True,0.00224
candlestick_201,candlestick,On what date did the stock reach the highest high price in J,2020-06-20,"The stock reached its highest **high price** on **June 20, 2020**.",True,0.001378
box_16,box,What is the range of the median user distribution values for,1.5 to 5.0,"From the boxplot, the median user values are approximately:

- Facebook: 5.0 mil",True,0.00274
bar_num_148,bar_chart_num,Which country has the largest difference between the number ,USA,"From the chart:

- USA: lawyers 1.2, judges 0.4 → difference = 0.8
- UK: lawyers",True,0.002744
1,histogram,How many galleries have between 10-15 thousand visitors?,19,There are **19 galleries** with **10–15 thousand visitors**.,True,0.002248
line_num_458,line_chart_num,How many more million users were there in 2018 compared to 2,210 million,"In 2011, there were **100 million** users, and in 2018, there were **310 million",True,0.002388
box_50,box,What is the third quartile (Q3) donation value for Organizat,180,The third quartile (Q3) donation value for **Organization E** is **180 dollars**,True,0.001572
77,histogram,In which month did the Number of Retailers reach the lowest ,"The dataset provided does not include specific figures for the Number of Retailers; thus, this question cannot be answered with the given data",The lowest figure was in **February**.,False,0.005574
candlestick_135,candlestick,What was the High Price on 2020-09-07?,$141.7,The **High** on **2020-09-07** was **141.7**.,True,0.001552
bar_num_393,bar_chart_num,By how many thousands did the enrolment drop from 2019 to 20,7,"Enrolment dropped from **50 thousand** in 2019 to **43 thousand** in 2021.

**Dr",True,0.00215
bar_num_186,bar_chart_num,How many million in charitable donations did France make in ,9,France made **9 million** in charitable donations in 2021.,True,0.001276
line_num_259,line_chart_num,How many more lawyers were there in 2007 compared to 2001?,3000,"From the chart:

- Lawyers in **2001** = **1,000**
- Lawyers in **2007** = **4,0",True,0.002546
box_37,box,How many outliers are there in the Online Shopping category?,2,"There are **2 outliers** in the **Online Shopping** category.

They are the red ",True,0.002074
candlestick_95,candlestick,On which date did the closing price first exceed the opening,2019-04-29,The closing price first exceeded the opening price on **Apr 26**.,False,0.00281
line_num_302,line_chart_num,By how much did the Protein Level increase from 2002 to 2003,1%,"From the chart, the **Protein Level** was:

- **2002:** 10.5%
- **2003:** 11.0%
",True,0.002404
bar_num_321,bar_chart_num,How much does the manufacturing sector contribute in France?,800 million,"In **France**, the **manufacturing sector contributes 800** (based on the chart)",True,0.001846
box_21,box,What is the median score of Team C?,75,The median score of **Team C** is **75 points**.,True,0.001446
274,histogram,How many individuals fall into the Extreme Obesity category?,8,The **Extreme Obesity** category has **8 individuals**.,True,0.005676
line_num_401,line_chart_num,In which year was the consumption of product C the highest?,2003,Product C had the highest consumption in **2003**.,True,0.001968
candlestick_272,candlestick,What was the difference between the high price and the low p,$4.7,"On 2021-09-19, the high price was about **131.2** and the low price was about **",True,0.003362
candlestick_196,candlestick,On which date did the high price reach the maximum value acc,2020-04-30,"The maximum **high price** was reached on **Apr 30, 2020**.",True,0.000992
bar_num_360,bar_chart_num,By how many units do the number of Renaissance Art sculpture,10 units,"In 2021, Renaissance Art sculptures are **60** and Baroque Art sculptures are **",True,0.002374
box_18,box,Which power plant had outliers beyond the higher end of its ,Plant C,"The power plants with outliers beyond the upper end were:

- Plant B
- Plant C
-",True,0.00431
102,histogram,Which crop has the smallest production number according to t,Carrots,"According to the chart, **Carrots** have the smallest production number, at **38",True,0.002378
bar_num_411,bar_chart_num,How many more thousands of injuries were there in 2021 compa,50,"Injuries were **150 thousand** in 2021 and **100 thousand** in 2019.

So, the di",True,0.001332
line_num_121,line_chart_num,How many art exhibitions were there in April?,16,There were **16 art exhibitions** in **April**.,True,0.00228
candlestick_163,candlestick,What was the Low Price ($) of the stock on 2020-03-01?,166,"On 2020-03-01, the Low Price was $166.",True,0.001498
28,histogram,Which Internet connection type has the least number of house,Satellite,"The **Satellite** connection type has the least number of households, at **4.8 m",True,0.00188
bar_num_381,bar_chart_num,How many units of machinery does STU Corp have?,250,STU Corp has **250 units of machinery**.,True,0.00195
271,histogram,Which product category has the highest sales volume accordin,Soft Drinks,"According to the chart, **Soft Drinks** has the highest sales volume, at **about",True,0.002754
box_2,box,What is the median product price in an Online Store?,70,The median product price in an **Online Store** is **70 USD**.,True,0.0018
line_num_190,line_chart_num,What was the total Government Spending on Infrastructure and,$1500 billion,"In 2003:

- Infrastructure = 1000
- Healthcare = 500

Total = 1500.",True,0.005092
box_28,box,What is the median project cost in the Mechanical field?,5000,"The median project cost in the **Mechanical** field is **$5,000**.",True,0.002294
candlestick_92,candlestick,What was the highest high price during the given dates?,$59.3,"The highest **high price** during the dates shown was **59.2**, on **Apr 30**.",True,0.002008
bar_num_184,bar_chart_num,Which state had the highest usage of natural gas in 2021?,New York,"New York had the highest natural gas usage in 2021, at **52 million tonnes**.",True,0.00187
line_num_141,line_chart_num,What is the difference in total sales between June and Janua,19 billion dollars,"Total sales in:

- **January:** 29 billion dollars  
- **June:** 48 billion doll",True,0.0026
209,histogram,How many firms have an annual revenue greater than $5 billio,9,"Firms with annual revenue greater than **$5 billion** are in these bins:

- **5–",True,0.003914
box_40,box,What is the range of the interquartile for Rice?,$400,"For **Rice**, the interquartile range goes from **Q1 = 350 kg/ha** to **Q3 = 750",True,0.002444
206,histogram,How many projects received funding between 200-250 million?,9,9 projects received funding between $200–250 million.,True,0.005646
line_num_165,line_chart_num,What is the difference between Net Orders in 2021 and Net Or,60,"Net Orders in **2021 = 90**  
Net Orders in **2025 = 150**

**Difference = 150 -",True,0.002232
candlestick_240,candlestick,On which date did the stock have the highest closing price?,2019-05-05,"The highest closing price occurred on **May 5, 2019**.",True,0.001484
bar_num_418,bar_chart_num,What is the difference in average home price between the Eas,50 thousands,"The average home price in the East is 300 thousand, and in the South it is 250 t",True,0.00253
269,histogram,What is the total number of cases for Taxation and Environme,160,"Taxation has **100** cases and Environmental has **60** cases.

**Total = 160 ca",True,0.00274
line_num_492,line_chart_num,What was the vacancy rate in the year the average home price,3%,"The average home price was **$450 thousand in 2003**, and the **vacancy rate was",True,0.001742
candlestick_206,candlestick,What was the range of the High Price ($) on 2020-03-09?,$15,"On 2020-03-09, the High Price ranged from the candle’s top wick value of **$160*",True,0.002218
box_36,box,What is the range of the Q3 (3rd quartile) housing prices ac,$2700,"From the boxplot, the Q3 values (top of each box) are approximately:

- Central:",True,0.00297
bar_num_150,bar_chart_num,How many more engineers than scientists were there in 2021?,550,"In 2021:

- Engineers = 1100
- Scientists = 1650

Difference = 1650 - 1100 = 550",True,0.001562
box_43,box,Which disease has the lowest median severity scale?,Measles,"From the box plot, **Measles** and **Mumps** have the **lowest median severity s",True,0.001282
203,histogram,What is the hotel occupancy rate when the number of tourists,82%,"When the number of tourists is between **150–200 thousand**, the hotel occupancy",True,0.001928
radar_73,radar,Which mode of transportation has the highest Volume Capacity,Pipelines,Pipelines have the highest Volume Capacity percentage at 100%.,True,0.002198
bar_236,bar_chart,In which month was the termination rate the lowest?,April,"The termination rate was lowest in **March**, at **10**.",False,0.001448
line_num_318,line_chart_num,What is the percentage increase in the Deforestation Rate fr,5%,"The deforestation rate increased from **5% in 2020** to **10% in 2025**.

Percen",True,0.002736
candlestick_84,candlestick,How much did the opening price increase between 2017-05-01 a,38.8,"From the chart:

- Opening price on **2017-05-01**: **148**
- Opening price on *",True,0.00204
bar_num_266,bar_chart_num,Which country published the most books in Philosophy in 2021,UK,"Germany published the most books in Philosophy in 2021, with 400 books.",False,0.001502
65,funnel,How many people are in the 'Preparing' stage according to th,10000,"The number of people in the **Preparing** stage is **10,000**.",True,0.001148
266,histogram,Which exhibit had the lowest visitor count?,Ceramics,"The exhibit with the lowest visitor count was **Ceramics**, with **47 thousand v",True,0.002304
bar_num_399,bar_chart_num,Which country has the highest average price for homes sold i,USA,"The **USA** has the highest average home price in 2021, at **500,000**.",True,0.002294
bar_101,bar_chart,Which mode of transportation is the most fuel-efficient acco,Bus,"According to the chart, **the car** is the most fuel-efficient mode of transport",False,0.001778
78,funnel,What is the value difference between the 'Interest' and 'Con,200,"The value difference between **Interest** and **Consideration** is:

**800 - 600",True,0.002068
rose_225,rose,What is the value difference between Taxes and Real Estate c,100,"From the chart:

- **Taxes** = 500  
- **Real Estate** = 400  

**Difference = 1",True,0.006144
200,histogram,What are the yearly sales ($Million) for Confectionery & Sna,97.8,Confectionery & Snacks yearly sales are **$98 million**.,True,0.00576
radar_101,radar,Which category has the lowest score in Pollution Management?,Energy Usage,The category with the lowest score in **Pollution Management** is **Energy Usage,True,0.00294
rose_114,rose,Which initiative has the highest level of success according ,Climate Change,"According to the chart, **Climate Change** has the highest level of success, wit",True,0.001974
308,funnel,What is the value for the Application stage?,1400,The value for the **Application** stage is **1400**.,True,0.002226
bar_num_124,bar_chart_num,How many more primary schools are there in the UK compared t,4000,"The UK has **4,000 more primary schools** than the USA.

- **UK:** 18,000  
- **",True,0.002384
bar_110,bar_chart,How much did the UK's Retail Sales exceed its E-commerce Sal,2.8,"From the chart for the **UK**:

- **Retail Sales** = **5.4 billion**
- **E-comme",True,0.00201
radar_189,radar,Which aspect has the highest rating in Gallery C?,Exhibition Quality,"In **Gallery C**, the highest-rated aspect is **MuseumB**, with a rating of **95",False,0.001936
263,histogram,What is the total number of firms with revenue growth betwee,29,"Between **20% and 35%** growth, the relevant ranges are:

- **20–25%**: 15 firms",True,0.003466
bar_15,bar_chart,Which country has the highest public spending?,USA,"From the chart, the **USA** has the highest public spending, at **2500 billion**",True,0.002738
rose_226,rose,Which field has the highest number of tech professionals spe,Cyber Security,"The field with the highest number of tech professionals is **Cyber Security**, w",True,0.005024
bar_num_289,bar_chart_num,Which country has the highest number of galleries?,UK,"The **UK** has the highest number of galleries, with **500**.",True,0.00593
81,histogram,What was the Number of Stores in September?,79,The number of stores in **September** was **79**.,True,0.002612
radar_260,radar,Which sector had the least performance in Q2?,Healthcare,"In Q2, **Healthcare** had the lowest performance.

Approximate Q2 values:
- IT: ",True,0.002368
143,funnel,What is the value of the Feasibility Study stage?,900,The value of the **Feasibility Study** stage is **900**.,True,0.001484
radar_186,radar,Which energy source has the highest Maintenance score?,Gas,"From the radar chart, the **Maintenance** scores are approximately:

- **Solar:*",True,0.006084
bar_num_103,bar_chart_num,How many sports events does the UK have?,60,The UK has **60 sports events**.,True,0.003046
296,funnel,What is the value of the Awareness stage?,20000,The value of the **Awareness** stage is **20k**.,False,0.002062
rose_183,rose,What is the number of learners enrolled in Higher Education?,80,The number of learners enrolled in **Higher Education** is **80**.,True,0.001046
bar_394,bar_chart,Which country has the highest average education expenditure?,France,"France has the highest average education expenditure, at 9000.",True,0.00143
260,histogram,What is the total number of cases for civil and criminal cas,460,"From the chart:

- **Civil** = 262 cases  
- **Criminal** = 198 cases  

**Total",True,0.002964
rose_260,rose,Which technology field has the highest number of companies w,Networking,"The technology field with the highest number of companies is **Networking**, wit",True,0.001894
heatmap_117,heatmap,What is the Volunteer Participation percentage for Education,60%,The Volunteer Participation percentage for Education is 60%.,True,0.002524
radar_184,radar,How much higher is the rental price in Sydney compared to Br,8 units,"From the chart, **Sydney's rental price is 22** and **Brisbane's is 12**.

So, *",False,0.00317
61,histogram,What is the total number of employees who are either dissati,56,"From the chart:

- **Dissatisfied** = 34  
- **Very Dissatisfied** = 22  

Total",True,0.00215
bar_477,bar_chart,Which country has the lowest oil consumption?,USA,"From the chart, **the USA has the lowest oil consumption**.

Oil consumption val",True,0.002642
bar_num_412,bar_chart_num,Which country has the least difference in percentage between,Germany,"From the chart:

- USA: renewable 25%, non-renewable 75% → difference = 50%
- UK",True,0.00306
bar_174,bar_chart,How many more museum visits were there in the UK compared to,100,"The UK had **100 more museum visits** than the USA.

- **UK museum visits:** 800",True,0.002486
bar_num_73,bar_chart_num,What is the amount of credit in millions?,4000,The amount of **credit** is **4000 million**.,True,0.00143
heatmap_165,heatmap,What percentage of program expenses does United Way have?,90%,United Way has **90%** program expenses.,True,0.001492
rose_209,rose,How many more students are enrolled in Music compared to Phi,498 students,"Music has **950** students and Philosophy has **450** students.

So, the number ",True,0.002282
rose_120,rose,Which type of energy has the smallest consumption value?,Nuclear,The energy type with the smallest consumption value is **Nuclear**.,True,0.002764
bar_166,bar_chart,How many more artists are there in Music than in Dance?,100,"Music has **200 artists** and Dance has **100 artists**.

So, the number of more",True,0.002052
94,histogram,How much is the budget allocation for Healthcare?,$59.7 Billion,The budget allocation for **Healthcare** is **$59.5 billion**.,True,0.00578
radar_280,radar,How much higher is Manager D's score in Employee Development,10,Manager D’s score in **Employee Development** is **10 points higher** than Manag,True,0.003348
heatmap_89,heatmap,How many units does Production Line B output?,80,Production Line B outputs **80 units**.,True,0.001638
bar_num_224,bar_chart_num,How many more nurses are there in the South region compared ,20 thousand,"The South region has 220 thousand nurses, and the North region has 200 thousand ",True,0.001764
rose_285,rose,Which activity had 60 nonprofit organizations engaged in it?,Education,The activity with **60 nonprofit organizations** engaged in it was **Education**,True,0.002798
radar_263,radar,What is the difference in Hotel Occupancy Rate between Sprin,10%,"From the chart, the **Hotel Occupancy Rate** is:

- **Spring:** 80
- **Autumn:**",True,0.003156
bar_251,bar_chart,Which country had the highest manufacturing output in Sector,France,"France had the highest manufacturing output in **Sector C** in 2021, with **1500",True,0.00129
12,histogram,Which disease has an incidence rate of 9.4 per 1000?,Asthma,The disease with an incidence rate of about **9.4 per 1000** is **Asthma**.,True,0.005906
heatmap_114,heatmap,By how much did the funding percentage for Sociology increas,8%,"Sociology increased from **20% in 2018** to **28% in 2022**.

**Increase = 28% -",True,0.002154
radar_145,radar,How many more retail properties are there in New York compar,5,"From the chart, **New York** has **85** retail properties and **Chicago** has **",True,0.003156
45,histogram,How many departments are there with a budget ranging from 10,12,There are **12 departments** with a budget in the **100–150 billion dollar** ran,True,0.0027
bar_num_127,bar_chart_num,How many more millions in donations does North America give ,5 million,"North America gives **5 million** more in donations than Europe.

- **North Amer",True,0.002024
bar_num_213,bar_chart_num,Which country has the least air pollution according to the d,USA,"According to the chart, the **USA** has the least air pollution at **30%**.",True,0.001636
bar_459,bar_chart,How many more theaters are there in France compared to the U,15,"France has **15 more theaters** than the USA.

- **France:** 75 theaters  
- **U",True,0.001958
258,histogram,What is the total number of employees who rated their job sa,575,Employees who rated their job satisfaction at level **4 or higher** are at level,True,0.004062
rose_227,rose,How many Specialty Food Stores are there?,60,There are **60 Specialty Food Stores**.,True,0.001724
heatmap_200,heatmap,How many more Music events are there in Impressionism than i,10,"Music events in **Romanticism**: **60**  
Music events in **Impressionism**: **7",True,0.00228
radar_210,radar,Which mode of transportation has the highest safety rating?,Train,"From the chart, **Airplane** has the highest safety rating.

Safety ratings show",True,0.0022
bar_408,bar_chart,Which country has the highest percentage of renewable energy,France,France has the highest percentage of renewable energy use at 45%.,True,0.001434
rose_113,rose,How many more websites are engaged in Social Networking comp,300,"From the chart:

- Social Networking = 400 websites
- Cloud Computing = 100 webs",True,0.003488
bar_num_219,bar_chart_num,What is the difference between the median house price in Los,150000,"The median house price in **Los Angeles** is **$500,000** and in **Houston** it ",True,0.001946
heatmap_136,heatmap,Which country has the highest percentage in Biomedical Engin,USA,"From the heatmap, **the USA** has the highest percentage in **Biomedical Enginee",True,0.001998
255,histogram,How many charities are there that receive donations in the r,36,There are **36 charities** in the **$50k–$100k** donation range.,True,0.002342
bar_114,bar_chart,How many tonnes of CO2 does the UK emit?,900,"According to the chart, the **UK emits 900 tonnes of CO2**.",True,0.001816
rose_13,rose,What is the difference in value between Soybean and Peanuts?,425,"From the chart:

- **Soybean = 500**
- **Peanuts = 80**

**Difference = 500 - 80",True,0.00239
radar_197,radar,Which material has the highest thermal conductivity?,Material E,"From the chart, **Material E** has the highest **Thermal Conductivity**.

Approx",True,0.003464
heatmap_98,heatmap,Which country has the smallest population according to the d,Germany,"According to the chart, the **United Kingdom** has the smallest population, at a",False,0.00206
137,histogram,How many shipments were there in the weight range of 5-6 ton,80,There were **80 shipments** in the **5–6 tons** weight range.,True,0.002288
bar_num_55,bar_chart_num,Which region has the highest number of businesses according ,Asia,"According to the chart, **Asia** has the highest number of businesses, with **12",True,0.0019
radar_229,radar,Which Engineering group has the highest Innovation Index?,Engineering C,"From the radar chart, the **Mechanical Engineering** group has the highest **Inn",False,0.00329
rose_178,rose,What is the difference in student numbers between College an,200,"From the chart:

- **College:** 600 students  
- **University:** 400 students  
",True,0.00338
bar_num_39,bar_chart_num,How many nurses are there in the South region?,300,There are **300 nurses** in the **South** region.,True,0.001614
heatmap_164,heatmap,Which region has the highest Internet Speed (Mbps)?,Asia,Asia has the highest Internet Speed at **75 Mbps**.,True,0.002376
bar_3,bar_chart,Which country has the largest difference between government ,USA,"From the chart:

- **USA:** 1700 - 900 = **800**
- **UK:** 1300 - 700 = **600**
",True,0.002902
radar_277,radar,Which category has the highest performance score in Region D,Public Safety,"In Region D, **Public Safety** has the highest performance score, at **100**.",True,0.00189
134,histogram,How many more intellectual property cases are there than int,100,"There are **95 more** intellectual property cases than international cases.

- I",True,0.002568
rose_47,rose,How many Mobile Health Services are there according to the c,40,"According to the chart, there are **30 Mobile Health Services**.",False,0.002768
bar_435,bar_chart,How many online searches were recorded in France?,800,France recorded **800 online searches**.,True,0.001438
197,histogram,How much is the annual sales (in billion dollars) for bottle,118.9,The annual sales for bottled water are **118.9 billion dollars**.,True,0.002254
heatmap_289,heatmap,Which STEM field has the highest number of research publicat,Engineering,"In the **Robotics** row, the values are:

- Physics: **5**
- Biology: **8**
- Ch",True,0.00323
radar_147,radar,By what percentage did the Market Share increase from Q1 to ,20%,"From the chart, **Market Share (%)** was:

- **Q1:** 18%
- **Q5:** 45%

Percenta",True,0.002746
rose_58,rose,How many scientists are in the field of Chemistry?,40,There are **40 scientists** in **Chemistry**.,True,0.001964
bar_130,bar_chart,What is the Health Index of the UK?,85,The **Health Index of the UK** is **78**.,True,0.002022
bar_num_286,bar_chart_num,By how many does the number of scientists in Germany exceed ,9000,"In Germany:

- Scientists = 27,000
- Engineers = 18,000

Difference = 27,000 − 1",True,0.002434
bar_num_216,bar_chart_num,In which month did Manufacturing B have the lowest output fr,January,"Manufacturing B had the lowest output in **January**.  
Its output was **240 tho",True,0.002356
heatmap_135,heatmap,How much more does the United States spend on education comp,$2.4 billion,"From the chart:

- **United States education spending:** **5.6 billion**
- **Jap",True,0.0026
131,histogram,What is the total number of hospitals with bed occupancy rat,48,"From the chart:

- **60–70%:** 8 hospitals  
- **70–80%:** 17 hospitals  
- **80",True,0.006502
bar_89,bar_chart,How many more high school students are there in the USA comp,2000 students,"From the chart:

- USA high school students: **20,000**
- Germany high school st",True,0.002512
rose_223,rose,What is the total number of researchers in the disciplines o,150,"From the chart:

- **Computer Science** = 40  
- **Biomedical Engineering** = 16",True,0.002376
radar_129,radar,In which academic subject is the Student Engagement score th,Physics,The lowest Student Engagement score is in **Physics**.,True,0.00272
bar_num_310,bar_chart_num,Which country has the highest total expenditure across all t,USA,"From the chart:

- **USA**: 70 + 90 + 120 = **280**
- **UK**: 60 + 80 + 100 = **",True,0.003048
heatmap_241,heatmap,How much electricity does the United States produce compared,500 TWh more,"From the chart:

- **United States:** **1,000 TWh**
- **Japan:** **500 TWh**

So",True,0.003016
194,histogram,How many companies have product sales between $150 million a,13,There are **13 companies** with product sales between **$150 million and $200 mi,True,0.00584
rose_152,rose,What is the category with the lowest value?,Online Streaming,The category with the lowest value is **Online Streaming**.,True,0.00273
bar_187,bar_chart,How many hours on average do 19-21 year olds study per day?,5,19–21 year olds study **5 hours per day on average**.,True,0.002068
heatmap_94,heatmap,What is the percentage of time spent on publication in the f,20%,"In the field of **Economics**, the percentage of time spent on **Publication** i",True,0.002256
bar_num_57,bar_chart_num,How many more smartphone users are there than internet users,200 million,"From the chart for **China**:

- **Internet users:** 1,000 million  
- **Smartph",True,0.003394
191,histogram,How many active users does LinkedIn have?,95 million,LinkedIn has **95 million active users** according to the chart.,True,0.002586
rose_192,rose,Which mode of transport had a volume of 60 in 2021?,Road,The mode of transport with a volume of **60** in 2021 was **Road**.,True,0.005028
radar_297,radar,What is the score for Economic Development in Q2?,92,The score for **Economic Development** in **Q2** is **90**.,True,0.002814
bar_num_105,bar_chart_num,Which country has the least number of physicians among the f,UK,"The **UK** has the least number of physicians in 2021, with **60,000**.",True,0.00273
bar_37,bar_chart,What is the difference between the Inflation rates of UK and,0.1%,"From the chart:

- **UK inflation rate:** 1.8%
- **France inflation rate:** 1.9%",True,0.002652
heatmap_122,heatmap,Which field has the highest Collaboration Index according to,Engineering,Engineering has the highest Collaboration Index at 0.9.,True,0.001146
radar_85,radar,Which product has the highest price?,Whole Foods,"From the chart, **Chipotle** has the highest **price**, at about **$9**.",False,0.001134
26,histogram,How many restaurants have daily sales higher than $10 thousa,35,"Restaurants with daily sales higher than **$10 thousand** are in these ranges:

",True,0.003696
rose_44,rose,How much higher is the value for Visual Arts compared to The,250,"Visual Arts is **250** higher than Theatre.

- **Visual Arts:** 400
- **Theatre:",True,0.00317
bar_num_19,bar_chart_num,Which region has the highest mortgage interest rate accordin,Asia,"According to the chart, **Asia** has the highest mortgage interest rate at **3.2",True,0.003262
heatmap_156,heatmap,Which art genre has the highest value for the Baroque period,Painting,"For the **Baroque** period, the art genre with the highest value is **Painting**",True,0.002262
bar_234,bar_chart,How many tourists visited Europe in 2021?,4000,"Europe had **4,000 tourists** in 2021.",True,0.00152
radar_183,radar,Which energy source has the highest score in the category of,Hydropower,"In the **Renewable Energy Potential** category, **Hydropower** has the highest s",True,0.00295
rose_78,rose,What is the total number of students from Graduate School an,1250,"Graduate School has **1,000** students and Doctoral Program has **300** students",True,0.001472
radar_68,radar,Which organization has the highest Volunteer Satisfaction sc,World Vision,"The highest **Volunteer Satisfaction** score is **88**, held by **Amnesty Intern",False,0.002842
129,histogram,How many films have ticket prices in the range of $15-20?,25,There are **25 films** in the **$15–20** ticket price range.,True,0.00184
bar_450,bar_chart,How many advertisers are there on Twitter?,60,"From the chart, Twitter has **60 advertisers**.",True,0.002736
298,histogram,What is the percentage of total energy production from Hydro,30.1,Hydroelectric accounts for **30.1%** of total energy production.,True,0.00579
heatmap_149,heatmap,How much does North America spend on infrastructure?,400 billion USD,North America spends **400 billion USD** on infrastructure.,True,0.002358
radar_217,radar,Which museum has the highest rating for Staff Friendliness?,Museum E,"From the radar chart, **Museum D** has the highest **Staff Friendliness** rating",False,0.00237
rose_51,rose,How many regulations are there for Environmental Protection?,40,Environmental Protection has **40 regulations**.,True,0.00171
bar_num_157,bar_chart_num,Which state has the highest ratio of scientists to engineers,New York,"Compute scientists ÷ engineers for each state:

- California: 500 / 800 = 0.625
",True,0.003254
heatmap_305,heatmap,Which field has the highest percentage for Computer Science ,Electrical,"For **Computer Science majors**, the percentages by field are:

- Aerospace: **1",True,0.002954
bar_num_389,bar_chart_num,Which category has the highest difference between store sale,Electronics,"From the chart:

- **Clothing:** 1000 − 750 = **250**
- **Electronics:** 1200 − ",True,0.00329
bar_157,bar_chart,Which region has the highest difference between online and o,Europe,"From the chart:

- **North America:** Online 2.0, Offline 3.0 → **difference = 1",True,0.003514
39,histogram,What is the average daily time on social media for the age g,93 minutes,The **25–34** age group spends **93 minutes per day** on social media on average,True,0.002124
radar_209,radar,What is the average Profit Margin for the year 2023?,86.75,"From the chart, the **Profit Margin** values for 2023 are:

- Q1: **80**
- Q2: *",True,0.003046
bar_282,bar_chart,What is the recycling percentage in Rome?,55%,The recycling percentage in Rome is 45%.,False,0.001364
rose_154,rose,How much higher is the value for Grocery than the value for ,80,"From the chart:

- Grocery = 90
- Beauty Products = 10

Difference: 90 - 10 = 80",True,0.002218
bar_num_238,bar_chart_num,How many more fans does the USA have compared to the UK?,1000,"The USA has **1,000 more fans** than the UK.

- USA: **7,000**
- UK: **6,000**

",True,0.002086
heatmap_180,heatmap,What percentage of Company D's revenue comes from Subscripti,70%,"For **Company D**, the revenues are:

- Advertising: **5**
- Product Sales: **5*",True,0.002828
rose_155,rose,What is the global production value for Herbs in 2020?,10,The global production value for **Herbs** in **2020** is **10**.,True,0.001894
189,histogram,How many sports events have ticket prices ranging from 100 t,27,There are **27 sports events** with ticket prices in the **$100–$150** range.,True,0.003072
bar_num_113,bar_chart_num,How many more tons of rice than tea did the USA produce in 2,700 tons,"In the USA, rice production was **1000 tons** and tea production was **300 tons*",True,0.00241
radar_225,radar,How much did the dairy products sales increase from Month 1 ,13 Million $,"From the chart, dairy products sales were:

- Month 1: 30 million $
- Month 6: 5",False,0.006522
heatmap_66,heatmap,What percentage of government spending is allocated to housi,12%,Canada allocates **12%** of government spending to **housing**.,True,0.002188
bar_44,bar_chart,Which platform has the highest average time spent by users?,Instagram,"TikTok has the highest average time spent by users, at about 2.5 hours.",False,0.00153
radar_156,radar,Which type of educational institute has the highest Faculty ,Private School,"From the chart, **Charter School** has the highest **Faculty Quality Score**, at",False,0.001176
rose_206,rose,What is the value allocated to Economic Development in the g,92,The value allocated to **Economic Development** is **95**.,True,0.002566
bar_144,bar_chart,How many more employees are there in Marketing than in HR?,15,"Marketing has **15 more employees** than HR.

- Marketing employees: **60**
- HR",True,0.001844
123,histogram,How many more thousand visitors did Painting exhibits attrac,16.1 thousand,Painting exhibits attracted **16.1 thousand** more visitors than Classical Art e,True,0.006372
heatmap_134,heatmap,How many Events are there for Photography in the Museums cat,70,"For **Photography** in the **Museums** category, there are **70 events**.",True,0.002698
120,histogram,How many patients are in the Hypertension Stage 1 category?,200,There are **200 patients** in the **Hypertension Stage 1** category.,True,0.00504
rose_292,rose,What is the difference in value between Online Marketplaces ,50,"From the chart:

- **Online Marketplaces** = **100**
- **E-Commerce Platforms** ",True,0.003334
bar_num_114,bar_chart_num,What is the average salary for the Marketing department?,4500,The average salary for the **Marketing** department is **4500**.,True,0.001552
radar_168,radar,What is the percentage increase in Hospital Bed Availability,25%,"Hospital Bed Availability increases from **57** in Q1 to **76** in Q4.

Percenta",False,0.002732
bar_num_192,bar_chart_num,How much more electricity does Europe use than South America,7000 MWh,"From the chart:

- **Europe electricity usage:** 25,000 MWh  
- **South America ",True,0.002418
bar_53,bar_chart,How many more students are there in 1st Grade compared to 3r,150,"From the chart:

- **1st Grade students:** 500  
- **3rd Grade students:** 350  ",True,0.001944
bar_210,bar_chart,Which country has the highest number of museums according to,UK,"According to the chart, the **UK** has the highest number of museums, with **210",True,0.002158
rose_118,rose,Which property type has the least value in the US Housing Ma,Multi-Family Homes,"The property type with the least value is **Apartments**, at **5**.",False,0.00265
radar_120,radar,What was the percentage increase in Renewable Energy Usage f,9%,"Renewable Energy Usage increased from **65% in Q1** to **75% in Q4**.

Percentag",False,0.001968
183,histogram,What is the total box office revenue for the genres Horror a,$261.8 million,"From the chart:

- **Horror** = **140 million**
- **Romantic** = **122 million**",True,0.00259
heatmap_256,heatmap,Which region has the highest yield of rice per hectare?,Asia,"Asia has the highest rice yield per hectare, at 6.5 tonnes per hectare.",True,0.002182
bar_num_221,bar_chart_num,How many more lawyers are there in the UK compared to German,60,"The UK has **50 more lawyers** than Germany.

- **UK:** 180 lawyers  
- **German",False,0.001854
heatmap_105,heatmap,Which organization has the lowest administrative expenses as,World Wildlife Fund,The World Wildlife Fund has the lowest administrative expenses percentage at 2%.,True,0.00211
rose_164,rose,What is the Value for Dairy Production?,90,The value for **Dairy Production** is **70**.,False,0.002744
bar_40,bar_chart,How many million Facebook users are there in the UK?,60,The chart shows **60 million** Facebook users in the **UK**.,True,0.002606
4,histogram,How many artworks were sold in total for eras with more than,995,"Eras with more than 300 artworks sold are:

- **Baroque**: 320
- **Impressionism",False,0.002706
bar_num_40,bar_chart_num,What is the difference between the renewable energy percenta,20%,"In the USA:

- Renewable energy percentage = 30%
- Tree cover percentage = 50%

",True,0.002116
radar_267,radar,Which metric showed the most improvement from Q1 to Q4?,Employee Retention,"From the chart, the improvement from **Q1 to Q4** is:

- **Recruitment:** 60 → 7",True,0.004482
radar_254,radar,What is the environmental impact rating of solar energy?,65,The environmental impact rating of **solar energy** is **70**.,True,0.001808
radar_70,radar,Which category has the lowest Student Satisfaction score?,History,"The category with the lowest **Student Satisfaction** score is **History**, with",True,0.002714
bar_22,bar_chart,What is the median home price in the West region?,"$400,000","The median home price in the **West** region is **$400,000**.",True,0.002294
heatmap_86,heatmap,What percentage of GDP does the United States spend on Defen,0.5%,"From the chart, the **United States spends 3.5% of GDP on Defense**.",False,0.00141
180,histogram,How much power does solar energy contribute to the total pow,1340 GWh,"From the chart, **solar contributes 1,340 TWh**.

To estimate its share of total",True,0.006512
bar_num_123,bar_chart_num,How many concert ticket sales were there for the 35-44 age g,300,"For the **35–44** age group, **concert ticket sales were 300**.",True,0.001858
heatmap_184,heatmap,Which category has the least Number of Publications?,Communications,The category with the least Number of Publications is Communications.,True,0.002058
rose_38,rose,What is the popularity value of Music?,70,The popularity value of **Music** is **70**.,True,0.002728
224,histogram,Which region has the lowest CO2 emissions according to the d,Antarctica,"According to the chart, **Antarctica** has the lowest CO2 emissions, at **0 mill",True,0.00241
bar_190,bar_chart,In what year was Air Pollution reduced to less than 25 ppm?,2023,Air Pollution was reduced to **less than 25 ppm in 2023**.,True,0.001822
bar_num_102,bar_chart_num,Which country has the least average internet speed?,UK,"The **UK** has the least average internet speed, at **35 Mbps**.",True,0.001074
rose_134,rose,How many more Condominiums are there than Mobile Homes?,65,"From the chart:

- **Condominium** = 75  
- **Mobile Home** = 10  

Difference: ",True,0.003264
heatmap_127,heatmap,How many more kilometers of roadways does Asia have compared,"200,000 km","Asia has **200,000 km** more roadways than Europe.

- **Asia:** 800,000 km  
- *",True,0.002278
287,histogram,What is the combined number of employees who have attained e,320,"Bachelor's Degree: 200  
Master's Degree: 120  

Combined total = **320 employee",True,0.00237
radar_52,radar,What is the score for Adult Education in terms of Staff Qual,82,The score for **Adult Education** in **Staff Qualification** is **72**.,False,0.002818
rose_14,rose,How many companies are there in the Maintenance category?,30,There are **30 companies** in the **Maintenance** category.,True,0.001158
bar_num_35,bar_chart_num,What is the healthcare expenditure of Germany?,2000 million,Germany’s healthcare expenditure is **2000 million**.,True,0.002736
bar_494,bar_chart,How much higher is the average home value on the East Coast ,"$50,000","The average home value on the **East Coast** is **$50,000 higher** than in the *",True,0.002404
284,histogram,How many users are in the 200-250 TB monthly data usage cate,17000,"There are **17,000 users** in the **200–250 TB** monthly data usage category.",True,0.002712
heatmap_220,heatmap,Which organization has the lowest expenses on administration,Feeding America,The organizations with the lowest administration expenses are **Feeding America*,True,0.00182
radar_169,radar,Which institution has the highest Cultural Significance Scor,History Museum,"The **History Museum** has the highest **Cultural Significance Score**, with a s",True,0.001172
bar_num_342,bar_chart_num,What is the total score of Public Policy B and C in New York,70,"In New York, Public Policy B is 30 and Public Policy C is 40.

Total = 30 + 40 =",True,0.001278
heatmap_246,heatmap,What was the Production Volume in April?,74,"The image shows **beverage consumption by category and region**, not **productio",False,0.002524
rose_57,rose,How much more popular are Search Engines compared to Online ,180,"From the chart:

- **Search Engines** = **200**
- **Online Forums** = **20**

So",True,0.002356
bar_440,bar_chart,How many more food delivery services does USA have compared ,150,"In the **USA**:

- **Restaurants** = 100  
- **Food delivery services** = 50  

",False,0.002142
10,histogram,"What is the sum of active users for Twitter, Reddit, and Pin",1148 million,"From the chart:

- Twitter: **396 million**
- Reddit: **430 million**
- Pinteres",True,0.003728
radar_165,radar,Which category has the highest Volunteer Satisfaction Score?,Animal Welfare,The category with the highest **Volunteer Satisfaction Score** is **Animal Welfa,True,0.00195
bar_481,bar_chart,What was the revenue in 2021?,110 billion,The revenue in **2021** was **110**.,True,0.001414
bar_num_489,bar_chart_num,Which country has the highest broadband speed according to t,UK,"According to the chart, the **UK** has the highest broadband speed at **70 Mbps*",True,0.00289
rose_102,rose,What is the difference in popularity value between Social Ne,10,"Social Networking has a popularity value of 85, and Video Sharing has 75.

Diffe",True,0.001928
heatmap_290,heatmap,Which city has the highest median home price?,New York City,"New York City has the highest median home price at **$1,300,000**.",True,0.002096
43,histogram,What is the average occupancy rate of 3-star hotels?,80%,The average occupancy rate of **3-star hotels** is **80%**.,True,0.002264
bar_312,bar_chart,What was the growth rate in 2021?,12%,The growth rate in **2021** was **12%**.,True,0.001536
rose_105,rose,How many hospitals specialize in Ophthalmology?,33,There are **32 hospitals** specializing in **Ophthalmology**.,True,0.002778
radar_285,radar,What is the difference in score between Collaboration in Q4 ,25,"From the chart:

- **Collaboration in Q4** = **90**
- **Resources in Q2** = **55",False,0.003338
bar_num_271,bar_chart_num,How many more galleries are there in France compared to Germ,200,"From the chart:

- **Germany galleries** = 900  
- **France galleries** = 1100  ",True,0.001996
heatmap_231,heatmap,Which organization has the least Fundraising Revenue ($)?,Charity A,"The organization with the least Fundraising Revenue is **Charity A**, with **$10",True,0.002144
radar_172,radar,How many tons per acre is the Fruit Yield at the Fruit Orcha,6.8,The **Fruit Yield at the Fruit Orchard** is **6 tons per acre**.,False,0.001084
rose_248,rose,By how much does the enrollment in Math exceed the enrollmen,75,"From the chart:

- **Math enrollment** = 200
- **Social Studies enrollment** = 1",False,0.001536
bar_58,bar_chart,What is the number of houses in Germany?,400,Germany has **700 houses**.,False,0.002834
heatmap_223,heatmap,Which category has the highest market share according to the,Cloud Computing,"According to the chart, **Cloud Computing** has the highest **market share at 30",True,0.00152
bar_num_365,bar_chart_num,Which region had the highest electricity consumption in 2021,Asia,"Asia had the highest electricity consumption in 2021, at **7000 TWh**.",True,0.001532
112,histogram,By how many thousands is the number of graduates in Social S,35 thousands,"Social Sciences has **75 thousand** graduates, and Visual and Performing Arts ha",True,0.006172
bar_num_366,bar_chart_num,How many donations in millions did Asia receive?,9,Asia received **9 million** in donations.,True,0.001454
rose_66,rose,How many organizations are there in the field of Poverty All,45,The chart shows **35 organizations** in **Poverty Alleviation**.,False,0.002804
radar_95,radar,Which energy source has the lowest cost in USD Million accor,Geothermal Power,"According to the chart, **Geothermal Power** has the **lowest cost**, at **60 US",True,0.00192
bar_250,bar_chart,How many more ads are there on Facebook compared to YouTube?,5 ads,"From the chart:

- **Facebook ads:** 50  
- **YouTube ads:** 45  

So, **Faceboo",True,0.002108
heatmap_258,heatmap,Which product has the highest net income?,Product I,"Product I has the highest net income, at **$200 million**.",True,0.00218
radar_133,radar,How many more delivery vans does PQR Logistics have compared,3,"PQR Logistics has 10 more delivery vans than ABC Freight.

- PQR Logistics: 40 d",True,0.001486
23,histogram,Which industry has the highest number of units produced?,Food and Beverages,"The chart only shows defect rates, not units produced. So it’s not possible to d",False,0.0025
281,histogram,How many companies have a revenue range between $1.0 billion,26,There are **15 companies** in the **$1.0 billion to $1.5 billion** range and **1,True,0.006634
rose_273,rose,What is the utility type with the least usage?,Telecommunications,The utility type with the least usage is **Telecommunications**.,True,0.002748
bar_num_336,bar_chart_num,What is the total number of retail stores in New York and Fl,800,"New York has **350** retail stores and Florida has **450** retail stores.

**Tot",True,0.001406
bar_369,bar_chart,Which region has the highest production of Production B?,West,"The **West** region has the highest **Production B**.

Production B values by re",True,0.00202
radar_116,radar,Which factory has the highest Production Efficiency percenta,Factory E,Factory E has the highest **Production Efficiency** at **90%**.,True,0.001822
56,histogram,Which energy source contributes less than 1% to the total en,Geothermal,"From the chart, **Geothermal** contributes less than 1% to total U.S. energy pro",True,0.006096
heatmap_293,heatmap,What is the average salary of Team C?,55000,"The average salary of **Team C** is **$55,000**.",True,0.00175
bar_161,bar_chart,Which country has the highest retail output according to the,Germany,The chart does not show countries or retail output. It shows **customer ratings*,False,0.003024
rose_96,rose,How many more initiatives are there in Foreign Affairs compa,34,"From the chart:

- **Foreign Affairs** = **98**
- **Economic Policy** = **65**

",True,0.00322
bar_num_302,bar_chart_num,Which country has the lowest restaurant revenue according to,France,"According to the chart, **France** has the **lowest restaurant revenue**, at **$",True,0.0019
heatmap_14,heatmap,What percentage of Civil Engineering is dedicated to Nanotec,20%,Civil Engineering is dedicated **20%** to **Nanotechnology**.,True,0.00235
radar_195,radar,Which aspect has the lowest performance score for hydroelect,Energy Production,"For **hydroelectric energy**, the **lowest performance score** is **Energy Produ",True,0.002928
rose_279,rose,Which subject has the smallest number of universities offeri,Anthropology,"According to the chart, **Anthropology** has the smallest number of universities",True,0.001994
89,histogram,How many more cases are there of Personal Injury Cases than ,3400 cases,"Personal Injury Cases: **3500**  
Misdemeanors: **100**

Difference: **3500 - 10",True,0.00269
216,histogram,Which crime category has the lowest number of cases?,Others,"The crime category with the lowest number of cases is **Others**, with about **1",True,0.002324
radar_71,radar,Which aspect of law scored the highest in 'Client Satisfacti,Employment Law,"In **Client Satisfaction (Score)**, **Property Law** scored the highest with a s",False,0.002912
bar_448,bar_chart,Which country has the highest production of non-renewable en,Germany,"Germany has the highest non-renewable energy production, at **1100 GWh**.",True,0.001852
bar_num_402,bar_chart_num,How much higher is the Renewable Energy Consumption percenta,10%,Asia’s Renewable Energy Consumption is **10 percentage points higher** than Euro,True,0.001774
bar_165,bar_chart,What is the amount of donations in 2022?,220 million,The amount of donations in **2022** is **220 million**.,True,0.001784
rose_9,rose,How many graduates are there in Biomedical Engineering?,80,Biomedical Engineering has **70 graduates**.,False,0.005818
heatmap_201,heatmap,Which company has the highest energy consumption?,CompanyF,"From the heatmap, **Company F** has the highest **energy consumption**, at **900",False,0.002684
heatmap_207,heatmap,Which field has the highest percentage allocated to Experime,Nuclear Energy,"The highest percentage allocated to **Experiment** is **40%**, shared by:

- **N",True,0.002736
bar_num_133,bar_chart_num,How many more research papers were published in California t,40,"California published **40 more research papers** than New York.

Calculation: **",True,0.006052
276,histogram,What is the total annual sales revenue for Meat and Poultry ,$56.1 Billion,"Meat and Poultry is **$43.5 billion** and Seafood is **$12.5 billion**.

Combine",True,0.003328
rose_59,rose,How many businesses are operating in the Investment field?,100,There are **100 businesses** operating in the **Investment** field.,True,0.001808
radar_99,radar,What is the Production Efficiency percentage of Factory E?,95%,Factory E's **Production Efficiency** is **95%**.,True,0.0059
bar_457,bar_chart,How much more crops does the USA produce compared to France?,90 million tons,"From the chart:

- **USA crops:** 270
- **France crops:** 150

So, the **USA pro",False,0.002122
bar_num_348,bar_chart_num,What is the average salary of a Technician?,6000 USD,"The average salary of a **Technician** is **$6,000**.",True,0.001582
heatmap_34,heatmap,Which country has the lowest water usage?,Brazil,"From the chart, **Brazil** has the lowest water usage at **1500 cubic meters**.",True,0.0019
radar_107,radar,Which product category has the highest customer satisfaction,Groceries,"From the chart, **Groceries** has the highest customer satisfaction score at **9",True,0.002308
rose_253,rose,How many units of fruits were produced globally in 2021?,7000,"The chart shows that **global fruit production in 2021 was 7,000 units**.",True,0.002866
bar_20,bar_chart,Which country has the lowest number of civil cases?,USA,"The **USA** has the lowest number of civil cases, with **180,000**.",True,0.001846
bar_num_37,bar_chart_num,How many doctors are there in South America?,7000,"There are **7,000 doctors** in **South America**.",True,0.001764
210,histogram,How much CO2 do nuclear power sources emit compared to natur,60.2 million metric tons,"From the chart:

- **Nuclear:** about **60**
- **Natural gas:** about **1200**

",True,0.003228
heatmap_91,heatmap,How much coal production is attributed to China as per the g,700 million short tons,China’s coal production is **700**.,True,0.002096
rose_117,rose,How many patients are visiting healthcare providers for Nutr,18,The number of patients visiting healthcare providers for **Nutrition** is **18**,True,0.00148
bar_93,bar_chart,Which country produces the smallest quantity of vegetables?,France,France produces the smallest quantity of vegetables.,True,0.001668
bar_num_323,bar_chart_num,How many more court cases are there in the USA compared to F,3000,"The USA has **3,000 more court cases** than France.

- **USA:** 10,000 court cas",True,0.002962
273,histogram,Which platform has the closest number of daily active users ,TikTok,"From the chart, **WhatsApp** has about **1000 million** daily active users.

The",True,0.003276
heatmap_212,heatmap,What is the adoption rate for Cybersecurity in Europe?,80%,The adoption rate for **Cybersecurity in Europe** is **80%**.,True,0.002442
radar_288,radar,Which school aspect shows the least variation in efficiency ,Literacy Rate,"From the chart, **Student Attendance** shows the least variation between **Prima",True,0.004008
101,histogram,How many millions of individuals spend less than 1 hour onli,8.2 million,"From the chart, the **“<1” hour** category is **8 million** individuals.

**Answ",True,0.00281
radar_104,radar,What is the Cost per unit of Nuclear Energy?,$66,The **cost per unit of Nuclear Energy** is **$65**.,True,0.002244
rose_293,rose,Which policy area has the lowest value?,Social Services,"The policy area with the lowest value is **Social Services**, at about **10**.",True,0.001868
bar_55,bar_chart,Which country has the highest average years of education?,UK,"From the chart, **France** has the highest average years of education at **14 ye",False,0.001862
bar_num_137,bar_chart_num,Which country had the highest ratio of income to investment ,USA,"From the chart:

- USA: \(8.0 / 5.2 \approx 1.54\)
- China: \(7.5 / 4.1 \approx ",True,0.003382
heatmap_160,heatmap,What is the net profit of the finance industry?,10 million,The **net profit of the finance industry** is **10 million**.,True,0.001418
radar_268,radar,Which organisation has the highest Nonprofit Program Expense,Organisation D,"From the chart, **Organisation A** has the highest **Nonprofit Program Expense P",False,0.002926
270,histogram,What is the number of Arson cases?,75,The number of **Arson** cases is **75**.,True,0.005842
rose_151,rose,What is the difference in value between Electronics and Home,40,"From the chart:

- **Electronics = 120**
- **Home Goods = 80**

**Difference = 1",True,0.003282
bar_num_5,bar_chart_num,How many exhibitions are there in France?,13,France has **203 exhibitions**.,False,0.00165
heatmap_159,heatmap,How many thousands of tons are transported by air in Asia?,300,Asia transports **300 thousand tons** by **air**.,True,0.00172
bar_436,bar_chart,How much longer is the usage time on YouTube compared to Ins,70 minutes,"YouTube usage time is **200 minutes**, while Instagram usage time is **130 minut",True,0.00254
rose_84,rose,Which subject had the lowest enrollment among students in 20,Art,"The subject with the lowest enrollment in 2021 was **Art**, with **20 students**",True,0.00233
radar_151,radar,Which court has the highest score in Legal Aid Availability?,Civil Court,"The **Tax Court** has the highest **Legal Aid Availability** score, at **85%**.",False,0.001142
bar_num_450,bar_chart_num,Which country has the highest number of engineers according ,France,"According to the chart, **France** has the highest number of engineers, with **1",True,0.002364
bar_366,bar_chart,How many volunteers are there in Asia?,6000,"There are **6,000 volunteers** in **Asia**.",True,0.001428
208,histogram,How many hotels have an average daily rate between $100 and ,110,Hotels with an average daily rate between **$100 and $250** fall in these ranges,True,0.00642
heatmap_2,heatmap,Which country has the highest healthcare spending per capita,Germany,"Germany has the highest healthcare spending per capita, at **10,500**.",True,0.00214
rose_140,rose,Which type of food production has the lowest number of farms,Fruit Farming,"According to the chart, **Fruit Farming** has the **lowest number of farms**.",True,0.001884
205,histogram,What is the total annual freight volume for rail and pipelin,1900,"Rail is **1,400** million metric tons and Pipeline is **500** million metric ton",True,0.006196
radar_93,radar,What is the Sale Price of a Duplex (in $100k)?,2.75,"The **sale price of a Duplex** is **2.8 ($100k)**.

So in dollars, that is **$28",True,0.002088
bar_63,bar_chart,Which country has the lowest average score?,UK,The **UK** has the lowest average score.,True,0.00174
heatmap_192,heatmap,How many more training hours does HR have compared to Sales?,20 hours,"HR has **20 more training hours** than Sales.

- **HR:** 50 hours
- **Sales:** 3",True,0.002304
radar_82,radar,Which product has the highest Supply Chain Efficiency percen,Organic Food,"From the chart, **Processed Food** has the highest **Supply Chain Efficiency (%)",False,0.001188
rose_166,rose,How much higher is the production volume of automotive compa,350,"From the chart:

- **Automotive** = 400
- **Plastics** = 50

Difference:

**400 ",True,0.003346
bar_57,bar_chart,What is the difference in the number of smartphone users bet,20 million,"Germany has about **65 million** smartphone users, while the UK has about **45 m",True,0.002292
268,histogram,How many more graduates are there in Social Sciences compare,200,"Social Sciences has **300** graduates and Law has **100** graduates.

So, there ",True,0.002506
bar_num_424,bar_chart_num,What is the total number of restaurants and tourists in the ,20000,"From the chart for the **UK**:

- **Restaurants:** 7,000  
- **Tourists:** 9,000",False,0.0023
bar_num_341,bar_chart_num,How many more Engineering patents were there than Bio-techno,660 patents,"In 2021:

- Engineering patents = **900**
- Bio-technology patents = **240**

Di",True,0.003574
heatmap_145,heatmap,How much higher are the Online Sales for Electronics compare,$750K,"Online Sales for **Electronics** are **$1,000,000**, and for **Beauty** they are",False,0.001874
bar_186,bar_chart,How many doctors are there in France?,5000,"From the chart, **France has 3,500 doctors**.",False,0.004918
rose_150,rose,What is the value for Biomedical Engineering?,70,The value for **Biomedical Engineering** is **55**.,False,0.002752
40,histogram,What is the cargo volume range with the highest number of ca,1-5 million metric tons,The cargo volume range with the highest number of carriers is **1–5 million metr,True,0.00277
bar_num_129,bar_chart_num,How many galleries does the UK have?,70,The UK has **70 galleries**.,True,0.002128
heatmap_140,heatmap,What is the air quality percentage in Pakistan?,55%,Pakistan’s **air quality percentage is 55%**.,True,0.001612
202,histogram,What is the total amount raised by Fundraising Events and Te,$130.1 million,"From the chart:

- **Fundraising Events** = **68.3 million**
- **Telethons** = *",True,0.006178
rose_156,rose,How many more graduates are there in Mechanical Engineering ,56,"Mechanical Engineering has about **100** graduates, and Chemical Engineering has",True,0.00228
radar_119,radar,What is the Revenue (Millions) for Baseball?,600,The Revenue for **Baseball** is **620 million**.,True,0.002748
bar_478,bar_chart,How many more galleries are there in the UK than in the USA?,10,"From the chart:

- **UK galleries:** 60  
- **USA galleries:** 50  

So, the **U",True,0.00211
bar_num_346,bar_chart_num,Which platform has the least ad revenue?,Snapchat,"From the chart, **Snapchat** has the **least ad revenue**, at **2.5 billion**.",True,0.001588
24,histogram,How many countries have CO2 emissions in the range of 50-100,14,There are **14 countries** in the **50–100 million metric tons** CO2 emissions r,True,0.002358
radar_234,radar,Which healthcare facility has the highest score for Infectio,Healthcare Facility D,"Healthcare Facility D has the highest score for Infection Prevention, with a sco",True,0.005982
heatmap_226,heatmap,Which organization has the largest difference between revenu,UNICEF,"The largest difference between revenue and expenses is for **UNICEF**.

- **UNIC",True,0.003242
rose_25,rose,What is the energy production value for hydroelectricity?,10,The energy production value for **hydroelectricity** is **10**.,True,0.002798
bar_45,bar_chart,How many artists are there in France?,95,There are **95 artists** in **France**.,True,0.001484
radar_221,radar,What is the average score for Science across all four quarte,74.5,"Science scores are **78, 76, 79, and 80** across the four quarters.

Average:

\",True,0.003584
bar_num_253,bar_chart_num,What is the difference in Median Home Price between 2020 and,150,"The Median Home Price increased from **$500** in 2020 to **$650** in 2023.

**Di",True,0.001806
heatmap_75,heatmap,How much Carbon Dioxide is emitted by the Energy sector?,1000000 tonnes,"The Energy sector emits **1,000,000 tonnes** of **Carbon Dioxide**.",True,0.002252
radar_204,radar,Which policy area has the highest evaluation score in Q4?,Environment,"In Q4, **Environment** has the highest evaluation score, at **95**.",True,0.002832
rose_200,rose,What is the value for projects in Computer Science?,20,The value for **Computer Science** projects is **20**.,True,0.002748
bar_422,bar_chart,Which country has the highest number of viewers?,USA,"The **USA** has the highest number of viewers, with **15,000**.",True,0.00229
bar_num_460,bar_chart_num,How many more vegetables does Germany produce compared to Fr,-70,"Germany produces **450** vegetables, while France produces **470**.

So, Germany",False,0.00196
heatmap_144,heatmap,Which department has the highest salary?,IT and Legal,"The departments with the highest salary are **IT** and **Legal**, both at **$70,",False,0.001886
265,histogram,How many countries have CO2 emissions greater than 2000 Metr,12,"Countries with CO2 emissions:

- greater than 2000 and less than or equal to 250",True,0.006314
radar_53,radar,Which category has the highest popularity percentage?,NBA,"The category with the highest **popularity percentage** is **FIFA**, at **85%**.",False,0.002336
86,histogram,What is the total number of hotels with an Average Daily Rat,56,"Hotels with ADR below $300 are in these categories:

- **< $100**: 12
- **$100–1",True,0.002498
bar_274,bar_chart,How many more truck trips are there in South America compare,800 trips,"South America has **300 more truck trips** than Asia.

- **Asia:** 3000 truck tr",False,0.002764
rose_216,rose,How many more companies are there in the Fast Food category ,160 companies,"Fast Food has **160 more companies** than Organic Foods.

- **Fast Food:** 200
-",True,0.003196
bar_num_308,bar_chart_num,How many more lawyers does Germany have compared to France?,40000,"Germany has **40,000 more lawyers** than France.

Calculation: **70,000 - 30,000",True,0.003046
262,histogram,How many concerts are there with ticket prices ranging from ,30,There are **30 concerts** with ticket prices in the **$200–$250** range.,True,0.002696
heatmap_38,heatmap,What percentage of Total Revenue does Red Cross allocate to ,10%,Red Cross allocates **10%** of its total revenue to **Fundraising Expenses**.,True,0.002616
rose_129,rose,Which product category has the second highest value?,Apparel,The product category with the second highest value is **Apparel**.,True,0.002762
bar_num_283,bar_chart_num,How many new residential constructions were there in the UK ,500,The UK had **500** new residential constructions in 2021.,True,0.001776
heatmap_224,heatmap,What is the average sales per store for the Home Goods categ,350 thousands,"For **Home Goods**, the **average sales per store** is **350 thousand**.",True,0.002118
147,histogram,How many exhibitions had visitor attendance between 150 and ,19,There were **19 exhibitions** with visitor attendance between **150 and 200 thou,True,0.0023
bar_88,bar_chart,How many students are there in UK schools?,25000,"According to the chart, the **UK has 25,000 students**.",True,0.001478
radar_275,radar,Which test has the lowest Recall score?,Test A,"The **lowest Recall score** is in **Test B**, with a Recall of **70**.",False,0.0019
rose_32,rose,How much higher is the enrolment in Social Sciences compared,200,"From the chart:

- Social Sciences enrolment = 550
- Humanities enrolment = 400
",False,0.002768
bar_num_230,bar_chart_num,How much wind energy was produced in Asia in terms of Millio,240,Asia produced **240 million kWh** of wind energy.,True,0.001744
heatmap_181,heatmap,Which category has an energy efficiency of 4 Watts?,Category 4,The category with an energy efficiency of **4 Watts** is **Category 4**.,True,0.002234
144,histogram,How many countries have CO2 emission ranges between 40 and 5,10,There are **10 countries** in the **40–50 MtCO2** emission range.,True,0.002136
radar_86,radar,How many thousands of website traffic does the Books categor,260,The **Books** category has **250 thousand** website traffic.,True,0.002752
rose_283,rose,Which business category has the highest profit?,Technology,"Technology has the highest profit, at **200**.",True,0.001756
radar_295,radar,Which hospital provides the highest number of services for N,Hospital B,"For **Nursing and Residential Care**, **Hospital B** provides the highest number",True,0.002046
bar_349,bar_chart,Which country had the highest voter turnout in terms of abso,USA,"From the chart, the **USA** had the highest voter turnout in absolute numbers, w",True,0.001718
heatmap_137,heatmap,Which country has the highest water consumption per capita?,Russia,"From the chart, **Russia** has the highest **water consumption per capita**, at ",True,0.001744
141,histogram,How many more cases per 1000 are there for Cancer compared t,3.8,"Cancer has **6.8 cases per 1000**, and Infectious Diseases has **3.0 cases per 1",True,0.003404
bar_num_304,bar_chart_num,How much more in grants does France receive compared to the ,$15 million,"From the chart:

- **France grants:** 35  
- **USA grants:** 20  

So, **France ",True,0.00606
radar_65,radar,What is the maintenance cost of a solar panel?,$20K,"From the chart, the **maintenance cost of a solar panel is 15**.",False,0.005838
bar_392,bar_chart,Which region has the highest number of regulations?,Asia,"Asia has the highest number of regulations, with **37**.",True,0.00143
rose_218,rose,How much higher is the electric supply value of renewable re,40,"From the chart:

- Renewable = 90
- Nuclear = 50

Difference: 90 − 50 = 40

So, ",True,0.002316
heatmap_259,heatmap,What is the Instagram usage percentage in Asia?,35%,The Instagram usage percentage in Asia is **33%**.,True,0.001894
bar_num_497,bar_chart_num,What is the total decrease in CO2 emissions from 2015 to 201,350 kg,"From the chart:

- **2015 CO2 emissions:** 5500 kg  
- **2018 CO2 emissions:** 5",True,0.002662
radar_219,radar,Which product has the highest sales in May?,Meat Products,"In **May**, **Meat Products** has the highest sales, at **98**.",True,0.002842
139,histogram,How many hotels have an occupancy rate between 80-90%?,15,There are **15 hotels** with an occupancy rate between **80–90%**.,True,0.005822
bar_num_89,bar_chart_num,What is the percentage of renewable energy sources in German,28%,Germany’s renewable energy percentage is **28%**.,True,0.00172
rose_247,rose,What is the total value for Accounting and Risk Management c,65,"From the chart:

- **Accounting** = 25  
- **Risk Management** = 40  

**Total =",True,0.002036
136,histogram,What is the number of daily active users on Snapchat?,150,Snapchat has **150 million daily active users**.,True,0.002182
rings_269,rings,What percentage of the overview is attributed to Livestock P,25%,Livestock Production accounts for **25%** of the overview.,True,0.001796
box_41,box,What is the maximum greenhouse gas emission value for Countr,9.2,"For **Country C**, the **maximum greenhouse gas emission without considering out",True,0.001748
bar_num_486,bar_chart_num,How many more passenger flights are there in Asia compared t,50,"Asia has **50 more passenger flights** than South America.

- **Asia:** 120 pass",True,0.002238
box_20,box,How many outliers are there in total across all government a,6,"There are **8 outliers in total** across all government agencies.

Breakdown:
- ",False,0.003634
rings_256,rings,What is the ratio associated with Employee Benefits?,10%,The ratio associated with **Employee Benefits** is **10%** (or **10 out of 100**,True,0.002906
box_22,box,What is the median rating of Hotel D?,3.9,The median rating of **Hotel D** is **3.9**.,True,0.00155
bar_num_68,bar_chart_num,Which country has the smallest difference between the number,UK,"Compute the differences:

- USA: 25,000 − 20,000 = 5,000  
- UK: 19,000 − 15,000",True,0.003286
rings_119,rings,Which category has the highest ratio according to the 2023 d,Usage,"According to the 2023 chart, **Usage** has the highest ratio.",True,0.001848
bar_num_1,bar_chart_num,What was the Net Profit in 2020?,23.8 million,The Net Profit in **2020** was **$23.8 million**.,True,0.001814
199,histogram,How much higher are the annual sales of Meat and Poultry tha,8.2 billion dollars,"From the chart:

- **Meat and Poultry**: **$15.8 billion**
- **Seafood**: **$7.6",True,0.006822
70,histogram,How many active users does Instagram have?,1500 million,"Instagram has **1,500 million** active users, i.e. **1.5 billion**.",True,0.005978
rings_197,rings,What is the percentage assigned to Advertising and Overhead ,32%,"Advertising is **18%** and Overhead is **14%**.

Combined:

**18% + 14% = 32%**
",True,0.00312
7,histogram,Which crop has the third highest yield according to the data,Tomatoes,"The crop with the **third highest yield** is **Tomatoes**, with a yield of **240",True,0.002576
box_42,box,How many outliers does the Smartwatch have?,2,"The **Smartwatch** has **2 outliers**.

They are marked by the red **x** symbols",True,0.002548
bar_num_485,bar_chart_num,How much more hydro energy did Germany produce compared to t,400 kWh,"Germany produced **400 kWh** more hydro energy than the USA.

- **Germany hydro:",True,0.002046
rings_265,rings,What is the ratio for Connectivity?,19%,The ratio for **Connectivity** is **19%**.,True,0.001136
bar_num_481,bar_chart_num,Which platform has the highest average time spent by users?,YouTube,"From the chart, **YouTube** has the highest **average time spent** by users, at ",True,0.001094
bubble_160,bubble,How many artworks (in thousands) did Rembrandt sell?,90,Rembrandt sold **120 thousand** artworks.,False,0.002152
21,histogram,What is the difference in annual consumption between Fossil ,2259.9 terajoules,"From the chart:

- **Fossil Fuels** = **3500**
- **Wind** = **1230**

**Differen",True,0.00304
box_23,box,What is the median home price in the super luxury range?,"$1,000,000","The median home price in the **Super Luxury Range** is **$1,000,000**.",True,0.003064
rings_146,rings,What is the ratio for Storage Capacity in the Energy and Uti,27%,The ratio for **Storage Capacity** in 2023 is **28%**.,True,0.002104
54,histogram,How many movie categories had ticket sales between 50 millio,55,"The categories between **50 million USD and 150 million USD inclusive** are:

- ",True,0.003862
bar_num_269,bar_chart_num,Which country has the highest difference between enrollment ,USA,"From the chart:

- USA: 90 − 70 = 20
- UK: 88 − 68 = 20
- Germany: 85 − 65 = 20
",True,0.003424
133,histogram,What is the incidence rate for Diabetes per 100000 populatio,180,"The chart shows **Diabetes = 180 cases per 100,000 population**.",True,0.002298
bubble_104,bubble,What is the Revenue of Amazon?,419,Amazon’s revenue is **$575 billion**.,False,0.005686
rings_153,rings,Which category represents the largest portion of the legal a,Litigation,"The largest category is **Litigation**, representing **29%** of the legal affair",True,0.00292
bubble_233,bubble,How many millions of users do Smart Home Devices have?,700,Smart Home Devices have **700 million users**.,True,0.003164
bar_num_388,bar_chart_num,How many more restaurants are there in France compared to ho,140,"In **France**:

- **Restaurants** = 290
- **Hotels** = 150

So, the number of **",True,0.0021
196,histogram,What is the total number of sales for houses priced below 30,105,"Houses priced below **300 thousand** include:

- **<100**: 20
- **100–200**: 35
",True,0.003334
bar_501,bar_chart,What was the total manufacturing output of Factory C in the ,4500 units,"Factory C's output was:

- January: 800
- February: 1100
- March: 1200
- April: ",True,0.002784
bubble_170,bubble,Which product has the highest profit margin percentage?,Cosmetics,"From the chart, **Books** has the highest profit margin percentage at **10%**.",False,0.001886
67,histogram,What is the total number of homes sold within the price rang,1000,"Within the **$100k–$400k** range, add these categories:

- **100–200:** 200 home",True,0.003816
rings_274,rings,How much higher is the ratio for Employee Retention compared,16%,"From the chart for 2021:

- **Employee Retention** = **31%**
- **Safety** = **15",True,0.002964
bar_num_243,bar_chart_num,What is the English score percentage for Grade 3?,92,The English score for **Grade 3** is **92%**.,True,0.002606
rings_217,rings,What percentage of the healthcare quality evaluation is dedi,18%,"Medication is **15%** and Patient Education is **5%**.

Combined:

**15% + 5% = ",False,0.002644
rings_261,rings,What is the ratio of In-Store Shopping?,41%,The ratio of **In-Store Shopping** is **41%**.,True,0.00278
18,histogram,Which mode of transportation had the least freight volume?,Air,"Air had the least freight volume, at about 990 million tons.",True,0.001766
bar_num_290,bar_chart_num,Which country has the highest average internet speed?,UK,The **UK** has the highest average internet speed at **60 Mbps**.,True,0.001298
bubble_144,bubble,What is the renewable energy use percentage in Brazil?,45%,Brazil’s renewable energy use percentage is **45%**.,True,0.002196
bar_num_309,bar_chart_num,Which region has the lowest number of scientists?,South America,"South America has the lowest number of scientists, with 1,600.",True,0.001462
bubble_270,bubble,Which platform has the highest user satisfaction score?,Instagram,Instagram has the highest user satisfaction score: 90.,True,0.002538
bar_num_328,bar_chart_num,How many part-time employees are in the Sales department?,70,There are **70 part-time employees** in the **Sales** department.,True,0.001466
193,histogram,Which country has the lowest energy production according to ,Tanzania,"According to the chart, **Tanzania** has the lowest energy production, at **50 T",True,0.005882
bubble_91,bubble,Which department has the highest Employee Satisfaction score,Finance,The **Finance** department has the highest Employee Satisfaction score at **85%*,True,0.002274
rings_70,rings,What is the ratio for User Experience?,20%,The ratio for **User Experience** is **20%**.,True,0.001788
237,histogram,How much is the annual budget allocated for Environmental Pr,82 Billion $,The annual budget allocated for **Environmental Protection** is **$80 billion**.,True,0.002622
bar_num_34,bar_chart_num,How much did Africa contribute in charitable donations?,200 million,Africa contributed **200** in charitable donations.,True,0.002506
rings_219,rings,How much higher is the Production ratio compared to the Supp,8%,"From the chart for 2023:

- **Production** = **25%**
- **Supply Chain** = **17%*",True,0.003276
bar_num_294,bar_chart_num,How many students are there in France in millions?,15 million,France has **12 million students**.,False,0.00167
bubble_76,bubble,Which subject has the highest research output?,Computer Science,"From the chart, **Computer Science** has the highest research output.

- **Resea",True,0.003032
190,histogram,How many million tons were transported by Shipping?,250,Shipping transported **250 million tons**.,True,0.005652
rings_171,rings,How much percentage does Location Appeal exceed Accessibilit,15%,"From the chart:

- **Location Appeal = 20%**
- **Accessibility = 5%**

So, **Loc",True,0.003112
bar_num_18,bar_chart_num,What is the Air Quality Index of the UK?,40,The Air Quality Index of the UK is **40**.,True,0.001734
rings_191,rings,What is the ratio for Human Rights?,23%,"From the chart, **Human Rights = 25** out of a total of **110**.

So the ratio i",True,0.002428
128,histogram,Which department has the highest number of employees?,Operations,"The **Operations** department has the highest number of employees, with **200 em",True,0.00229
bubble_56,bubble,How much funding did Psychology receive?,250 million $,Psychology received **$300 million** in funding.,False,0.002534
rings_253,rings,What is the ratio for Diversity in the HR & Employee Managem,10%,The ratio for **Diversity** in the HR & Employee Management Report is **10%**.,True,0.001552
234,histogram,What type of crime has the lowest number of cases according ,Homicides,"According to the chart, **Homicides** has the lowest number of cases, at about *",True,0.003198
bubble_300,bubble,How many more millions of monthly active users does Facebook,1700 million users,"Facebook has **700 million** more monthly active users than Instagram.

- **Face",False,0.00383
bubble_236,bubble,Which product has the highest global demand according to the,Corn,"According to the chart, **Corn** has the highest global demand, at **1,080 milli",True,0.002912
rings_280,rings,Which category has the highest ratio of charitable impact in,Charitable Events,The category with the highest ratio of charitable impact in 2023 is **Charitable,True,0.001876
bar_num_276,bar_chart_num,Which country has the smallest difference between the number,Germany,"From the chart:

- USA: 320 − 270 = 50 million  
- UK: 180 − 160 = 20 million  
",True,0.002356
bar_num_431,bar_chart_num,How many more million restaurant visits were there in the US,2 million,"In the USA:

- Restaurant visits = **4.5 million**
- Hotel bookings = **2.5 mill",True,0.002084
bubble_264,bubble,Which energy source has the highest revenue?,Oil,"From the chart, **Wind** has the highest revenue at **$10 billion**.",False,0.004144
125,histogram,How many thousands of graduates have a Bachelor's Degree acc,2650,"According to the chart, **2,640 thousand** graduates have a **Bachelor’s Degree*",True,0.002332
rings_214,rings,What is the combined ratio for Training & Development and Pa,30%,"Training & Development is 15% and Payroll Management is 15%, so their combined r",True,0.003114
bubble_250,bubble,What is the Quality Life Years score for Heart Disease?,7.5,"From the chart, **Heart Disease** has a **Quality Life Years score of 6.5**.",False,0.002358
bar_num_193,bar_chart_num,How many more patients are there in South America compared t,5000,"South America has **5,000 more patients** than North America.

- **South America",True,0.002414
294,histogram,How many charities receive donations in the range of 20-30 U,38,The **20–30 USD million** donation range has **38 charities**.,True,0.005734
rings_290,rings,What percentage of energy resources utilization is attribute,17%,Hydroelectricity accounts for **17%** of energy resources utilization in 2023.,True,0.002858
bar_num_172,bar_chart_num,Which country has the lowest production of vegetables?,Germany,"Germany has the lowest vegetable production, with 170 tons.",True,0.001414
bubble_107,bubble,How much more funding does Engineering receive compared to C,$150 million,"Engineering receives **$150 million more** in funding than Chemistry.

- **Engin",True,0.004174
122,histogram,Which quarter experienced the highest revenue growth?,Q2,"Q2 experienced the highest revenue growth, at about 7.1%.",True,0.00146
rings_125,rings,"Which category has a higher ratio, Donor Relations or Philan",Donor Relations,"Donor Relations has a slightly higher ratio than Philanthropic Activities.

- Do",True,0.00261
bar_num_319,bar_chart_num,How many more tonnes of pollution does the USA produce compa,500 tonnes,"From the chart:

- USA pollution = **2500 tonnes**
- France pollution = **2000 t",True,0.004516
bar_num_333,bar_chart_num,What percentage of France's energy comes from nuclear power?,15%,France's nuclear energy share is **15%**.,True,0.00172
229,histogram,What is the total annual sales of plant-based milks and dair,$20.9 billion USD,"From the chart:

- **Dairy-Based Beverages** = **11.3 billion USD**
- **Plant-Ba",True,0.003522
bubble_291,bubble,Which charity has the highest annual fundraising but the low,World Vision International,"From the chart, **St. Jude Children's Research Hospital** has the **highest annu",False,0.004364
rings_124,rings,What is the ratio for Energy Efficiency?,27%,"From the chart, **Energy Efficiency = 25%**.

So its ratio is **25:100**, which ",True,0.006184
297,histogram,"How many websites have less than 100,000 visitors per day?",55,"Websites with **less than 100,000 visitors per day** fall in these ranges:

- **",True,0.002446
rings_122,rings,What percentage of the chart does Productivity represent in ,18%,Productivity represents **18%** of the chart.,True,0.00177
bubble_204,bubble,What is the profit margin for washing machines?,18%,"For **washing machines**:

- **Sale price:** \$800  
- **Production cost:** \$60",False,0.002686
226,histogram,How many millions of households have internet speeds between,42,"Between **50 and 100 Mbps**, there are:

- **20 million** households in the **50",True,0.00288
bar_num_448,bar_chart_num,What is the population of Germany in millions?,83,Germany’s population is **83 million**.,True,0.002146
bubble_299,bubble,Which device has the lowest convenience score?,Router,"The **Router** has the lowest convenience score, at **40**.",True,0.004494
rings_103,rings,How much higher is the Website Traffic ratio compared to Onl,10%,"Website Traffic is **30%** and Online Advertising is **20%**.

So, Website Traff",True,0.003042
bar_num_464,bar_chart_num,How many more billion users does YouTube have compared to Fa,0.3 billion,"YouTube has **0.3 billion** more users than Facebook.

Calculation: **2.8 - 2.5 ",True,0.002076
51,histogram,Which crop has the lowest yield per hectare?,Cotton,"The crop with the lowest yield per hectare is **Cotton**, at about **1.5 tons pe",True,0.002386
rings_161,rings,Which category has the smallest ratio?,Arts Funding,The category with the smallest ratio is **Arts Funding**.,True,0.00177
bar_num_394,bar_chart_num,By how much did the Manufacturing Output increase from Febru,50 million,Manufacturing Output increased from **450 million** in February to **500 million,True,0.002286
bubble_69,bubble,Which field has the second-largest number of researchers?,Civil Engineering,The field with the second-largest number of researchers is **Biomedical Engineer,False,0.003084
bubble_147,bubble,How much greater is the Average Annual Salary in the IT depa,$30000,"From the chart:

- **IT average annual salary** = **$90,000**
- **Administration",False,0.003212
289,histogram,What are the CO2 emissions of India in 2023?,2200,"India’s CO2 emissions in 2023 are **2,200 million metric tons**.",True,0.005836
rings_66,rings,What percentage of the Social Sciences and Humanities Indica,37%,Education is attributed **35%** of the Social Sciences and Humanities Indicators,True,0.001052
35,histogram,Which crop has an annual yield of 94 metric tons according t,Soybeans,The crop with an annual yield of **94 metric tons** is **Soybeans**.,True,0.002304
bar_num_250,bar_chart_num,Which country has the least number of amendments?,Canada,"Canada has the least number of amendments, with 18.",True,0.001848
bubble_55,bubble,How much water does Vertical Farming use per hectare?,500 m³ per hectare,Vertical Farming uses **800 m³ of water per hectare**.,False,0.005884
286,histogram,How many retailers have a monthly sales growth percentage of,15,The **20 to 30%** sales growth range has **15 retailers**.,True,0.00265
rings_22,rings,What percentage of the Academic Performance Analysis does Te,30%,Teacher Effectiveness accounts for **30%** of the Academic Performance Analysis.,True,0.001832
bar_num_170,bar_chart_num,How much higher is the attendance at Concerts compared to Th,100,"Concert attendance is **100 higher** than Theater attendance.

- **Concerts:** 5",True,0.003012
bubble_148,bubble,What is the population of Houston?,2.4 million,Houston’s population is **2.4 million**.,True,0.005736
rings_154,rings,Which mode of transportation has the highest ratio in 2023?,Road,The mode of transportation with the highest ratio in 2023 is **Road** at **30%**,True,0.002898
97,histogram,How many sporting events have ticket prices ranging from 100,60,There are **60 sporting events** with ticket prices in the **$100–$150** range.,True,0.002652
bar_num_443,bar_chart_num,Which country has the lowest CO2 emissions and what is the v,UK; 4000 kt,"The **UK** has the lowest CO2 emissions, at **4000 kt**.",True,0.00152
bubble_296,bubble,How much research funding does the Massachusetts Institute o,320,The Massachusetts Institute of Technology receives **$320 million** in research ,True,0.002248
48,histogram,What is the Unit Production Cost (USD) for the Quality Contr,$2.5,The Unit Production Cost for the **Quality Control** phase is **$2.5 USD**.,True,0.002334
bubble_199,bubble,Which department has the highest annual turnover rate?,IT,The **IT department** has the highest annual turnover rate at **20%**.,True,0.00281
bar_num_229,bar_chart_num,By how much does the GDP of the USA exceed the GDP of the UK,18 trillion USD,"From the chart:

- USA GDP = **21 trillion**
- UK GDP = **3 trillion**

So, the ",True,0.00464
rings_227,rings,How much greater is Spectator Attendance than Merchandise Sa,12%,"From the chart:

- **Spectator Attendance = 50**
- **Merchandise Sales = 30**

S",False,0.003398
rings_203,rings,By how much percent does Artificial Intelligence exceed Netw,14%,"Artificial Intelligence has a utilisation ratio of 27%, while Network Security h",True,0.002232
bar_num_101,bar_chart_num,How many more restaurants are there than hotels in France?,300,"In France, there are **300 more restaurants than hotels**.

- Restaurants: **750",True,0.00255
bubble_293,bubble,Which policy has the highest Budget Allocation percentage?,Defense Policy with 40%,"The policy with the highest Budget Allocation percentage is **Defense Policy**, ",True,0.002842
283,histogram,How many daily active users does Instagram have?,122 million,Instagram has about **122 million daily active users** in the chart.,True,0.005688
2,histogram,Which asset classes have an average ROI higher than 7%?,"Stocks, Real Estate, Private Equity","The asset classes with an average ROI higher than 7% are:

- **Stocks** (~8.1%)
",False,0.00289
bubble_194,bubble,What is the annual revenue of Silver Lake farm?,$400 million,Silver Lake farm’s annual revenue is **$500 million**.,False,0.00367
bar_num_66,bar_chart_num,Which country had the smallest difference between online and,Germany,"From the chart:

- USA: 800 − 400 = 400
- UK: 750 − 450 = 300
- Germany: 700 − 4",True,0.001994
rings_110,rings,What is the ratio for Digital Advertising?,17%,"From the chart, **Digital Advertising = 17%**.

So the ratio is **17:100** (or s",True,0.00206
168,histogram,How many retailers are there in the month with the highest s,Cannot be determined from the given data,"The month with the highest sales is **December**, and it has **90 retailers**.",False,0.002658
rings_109,rings,What is the percentage difference between Academic Performan,10%,"From the chart:

- **Academic Performance = 30%**
- **Quality of Faculty = 20%**",True,0.002578
bubble_268,bubble,What is the efficiency score for the Smartphones sector?,90,The efficiency score for the **Smartphones** sector is **90**.,True,0.002244
bar_num_494,bar_chart_num,Which country has the highest number of civil cases?,France,"France has the highest number of civil cases, with 40,000.",True,0.002244
218,histogram,How many artwork sales were made during the duration of 16-2,60,"During the **16–20 days** duration, there were **60 artwork sales**.",True,0.001842
bar_num_420,bar_chart_num,In which year is the difference in the number of engineering,2018,"From the chart:

- **2018:** Engineering 5.3, Science 4.4 → difference = **0.9**",True,0.003366
bubble_155,bubble,What percentage of Civil Litigation cases received a judgeme,70%,Civil Litigation cases received a **70%** judgment in favor.,True,0.003296
bar_num_209,bar_chart_num,How many times longer does sea transportation take compared ,6 times,"Sea transportation takes **6 times longer** than air transportation.

Calculatio",True,0.00221
bubble_297,bubble,Which platform has the highest average time spent?,Facebook,"Facebook has the highest average time spent, at 86 minutes.",True,0.00221
rings_1,rings,Which two categories have the closest percentage contributio,Viewership and Merchandise,"The two categories with the closest percentage contributions are:

- **Advertisi",False,0.002258
165,histogram,How many factories have production efficiency between 95-100,8,There are **8 factories** with production efficiency between **95–100%**.,True,0.005804
rings_241,rings,What percentage of the total is dedicated to Community Servi,33%,Community Service is **33%** of the total.,True,0.002718
bubble_99,bubble,What is the employment rate for Oats?,6.5%,The employment rate for **Oats** is **7%**.,True,0.002586
bar_num_343,bar_chart_num,Which country has the lowest number of Philosophy publicatio,USA,"The **USA** has the lowest number of **Philosophy** publications, with **200**.",True,0.001878
215,histogram,What is the number of restaurants with monthly sales between,50,The number of restaurants with monthly sales between **40–50 million dollars** i,True,0.0058
162,histogram,What was the GDP growth rate in Q1?,2.5,The GDP growth rate in **Q1** was **2.5%**.,True,0.001814
rings_268,rings,How much greater is the Capital Expenditure ratio compared t,27%,"From the chart:

- **Capital Expenditure = 45**
- **Financial Assets = 18**

Dif",True,0.002084
rings_237,rings,What is the percentage ratio of Oil in the Energy and Utilit,15%,The percentage ratio of **Oil** in the 2023 Energy and Utilities Consumption Ove,True,0.002926
bar_num_94,bar_chart_num,Which country has the highest average GPA according to the d,USA,"According to the chart, the **USA** has the highest average GPA at **3.8**.",True,0.001652
bubble_188,bubble,Which platform has the least average time spent but more adv,LinkedIn,"Snapchat has **$1 billion** in advertising revenue.

Platforms with **more than ",True,0.002802
bar_num_106,bar_chart_num,How much higher is the GDP of the USA compared to Germany?,$17900 billion,"From the chart:

- **USA GDP** = **21,300B**
- **Germany GDP** = **3,400B**

Dif",True,0.006756
212,histogram,How many factories have outputs ranging between 150 and 200 ,20,There are **20 factories** with outputs between **150 and 200 metric units**.,True,0.005764
157,histogram,Which product category has the highest annual sales?,Beverages,"The product category with the highest annual sales is **Beverages**, at about **",True,0.002746
bar_num_427,bar_chart_num,How many more sick leave days did Sarah have compared to Ant,3 days,"Sarah had 7 sick leave days and Anthony had 4.

So, Sarah had 3 more sick leave ",True,0.001646
rings_176,rings,What percentage of the chart does Investments and Revenue to,37%,"From the chart, the values appear to be:

- **Investments = 25**
- **Revenue = 1",True,0.00432
rings_199,rings,How much higher is the ratio of Food Quality compared to Ser,9%,"From the chart:

- **Food Quality = 26**
- **Service Quality = 17**

The ratio o",False,0.002678
bar_num_272,bar_chart_num,How many inventions were made in North America?,60,North America made **60 inventions**.,True,0.001668
bubble_222,bubble,Which event has the highest Prize Money?,The Olympics,"The **Olympics** has the highest prize money, at **$0.20 billion**.",False,0.00232
rings_232,rings,What is the ratio for Creative Thinking?,35%,The ratio for **Creative Thinking** is **35%**.,True,0.002744
65,histogram,What is the total number of organizations that have donation,42,"Donations of less than $5,000 include:

- $0–1,000: 18 organizations
- $1,000–5,",True,0.003164
bubble_60,bubble,What was the Production Volume in April?,74,The chart shown is about **healthcare expenditure and access by country category,False,0.00383
rings_247,rings,What is the ratio for Music Concerts?,20%,The ratio for **Music Concerts** is **21%** (or **21:100**).,True,0.001918
98,histogram,"How many millions more is the population with ""Obesity I"" co",23.1 million,"From the chart:

- **Obesity I** = **41.8 million**
- **Extreme Obesity** = **18",True,0.006436
bubble_150,bubble,How much is the healthcare cost per patient for Heart Diseas,$5000,"The healthcare cost per patient for **Heart Disease** is **$5,000**.",True,0.003016
bubble_288,bubble,What was the Production Volume in April?,74,The chart shown is about **social media and web platform analysis** and includes,False,0.006578
rings_82,rings,What is the ratio associated with Recruitment?,10%,The ratio associated with **Recruitment** is **15%**.,False,0.001024
bar_num_270,bar_chart_num,Which country has a closer ratio between the number of Inter,France,"From the chart:

- **USA:** Internet Users = 325, Smartphones = 350 → ratio ≈ **",True,0.002866
207,histogram,Which degree level has the highest number of holders?,High School,The **High School** level has the highest number of holders.,True,0.005734
bubble_234,bubble,Which product has the highest consumer satisfaction score?,Wine,"The product with the highest consumer satisfaction score is **Wine**, with a sco",True,0.002134
154,histogram,Which product category has the second highest annual sales f,Dairy Products,The product category with the **second highest annual sales** is **Packaged Beve,False,0.004606
bar_num_281,bar_chart_num,Which country has the highest average production output in 2,USA,"The **USA** has the highest average production output in 2021, at **2000 million",True,0.006034
rings_38,rings,By what percentage does 'Research and Development' exceed 'Q,17%,"From the chart:

- **Research and Development = 30**
- **Quality Control = 15**
",False,0.002568
bar_num_315,bar_chart_num,How much less renewable energy does Africa use compared to N,200 kwh,"From the chart:

- **North America renewable energy usage:** 800 kWh  
- **Afric",True,0.002284
bubble_173,bubble,What is the difference in Market Capitalization between Appl,$300 billion,"From the chart:

- **Apple Inc. market capitalization** = **2000 billion dollars",True,0.004134
78,histogram,How many countries have an average lifespan between 60 and 7,20,There are **20 countries** with an average lifespan between **60 and 70 years**.,True,0.002318
rings_294,rings,What is the percentage for the Student/Teacher Ratio categor,10%,The **Student/Teacher Ratio** category is **10%**.,True,0.001822
bubble_198,bubble,Which policy has the highest Implementation Cost?,International Trade Policy,The policy with the highest implementation cost is **International Trade Policy*,True,0.001874
bar_num_158,bar_chart_num,How many travelers visited the USA?,3000,"According to the chart, **3,000 travelers** visited the **USA**.",True,0.002038
bar_num_24,bar_chart_num,How many viewers were there in the UK?,400 million,There were **400 million viewers** in the **UK**.,True,0.001926
204,histogram,How many total exhibitions are there with less than 6 thousa,75,"Exhibitions with less than 6 thousand visitors are in these ranges:

- 0–2: 30
-",True,0.003148
bubble_134,bubble,Which policy area has the highest public satisfaction percen,Defense,"The policy area with the highest public satisfaction percentage is **Defense**, ",True,0.002668
rings_198,rings,What is the ratio for Athlete Performance in the Sports and ,35%,The ratio for **Athlete Performance** is **35%**.,True,0.001478
bar_num_275,bar_chart_num,Which region had the highest number of cases filed in 2021?,South,"The **South** region had the highest number of cases filed in 2021, with **4,200",True,0.00172
rings_215,rings,What percentage more does Quality of Service represent in co,20%,"From the chart:

- **Quality of Service = 38%**
- **Amenities = 15%**

Differenc",True,0.002616
bubble_85,bubble,How many training hours are provided to each employee in the,20,The Sales department provides **20 training hours per employee**.,True,0.005876
29,histogram,What percentage of the population has an average daily calor,30%,The chart shows that **30%** of the population has an average daily caloric inta,True,0.002474
rings_156,rings,What percentage of the pie does 'Facilities' represent in th,3%,"From the chart, **Facilities** represents **3%** of the pie.",True,0.00237
bar_num_120,bar_chart_num,How many wins does Team C have in Baseball?,15,Team C has **15 wins** in **Baseball**.,True,0.003112
bubble_65,bubble,How much funding goes into research for Heart Disease?,180 Billion $,"From the chart, **Heart Disease receives about $180 billion in research funding*",True,0.002456
201,histogram,Which mode of transportation has the second highest freight ,Pipeline,The mode of transportation with the second highest freight volume is **Pipeline*,True,0.006192
149,histogram,What is the average sales for Sports & Outdoors?,55.3 million,The average sales for **Sports & Outdoors** is **55 million**.,True,0.002604
bar_num_82,bar_chart_num,How many devices were there per user in 2018?,4.375 billion,"From the chart for **2018**:

- **Users** = **43 billion**
- **Devices** = **35 ",False,0.002602
140,histogram,How many projects are reported to have a carbon emission red,32,The **20–30 million metric tons** range has **32 projects**.,True,0.00264
bubble_205,bubble,By how many percentage points is Hospitality Employment in D,5%,"From the chart:

- **Dubai hospitality employment:** 12%
- **New York hospitalit",False,0.004648
rings_49,rings,How much larger is TV Viewership's ratio compared to Merchan,20%,"From the chart:

- **TV Viewership = 30**
- **Merchandising = 10**

So the ratio",False,0.002692
rings_97,rings,What two categories combined equal the same ratio as Researc,Quality Control and Safety,"Research & Development is 30%.

The two categories that combine to equal 30% are",False,0.003522
rings_207,rings,Which category has the smallest ratio according to the Busin,Market Share,The category with the smallest ratio is **Market Share**.,True,0.001782
82,histogram,What is the total number of individuals who have attained an,16900,"Individuals with education higher than a High School diploma are:

- Some Colleg",True,0.003702
bar_num_318,bar_chart_num,Which country has the highest number of fast food chains?,USA,"The **USA** has the highest number of fast food chains, with **8,000**.",True,0.003226
bubble_209,bubble,Which organization has the highest number of volunteer hours,World Vision,"World Vision has the highest number of volunteer hours, with 12 million hours.",True,0.00226
bubble_226,bubble,Which type of lawsuit has the highest economic impact accord,Medical Malpractice,"According to the chart, **Medical Malpractice** has the **highest economic impac",True,0.001756
247,histogram,How many hotels have an occupancy rate between 60-80%?,26,There are **26 hotels** with an occupancy rate between **60–80%**.,True,0.005822
bar_num_96,bar_chart_num,What is the percentage of non-renewable energy in South Amer,70%,The percentage of **non-renewable energy in South America** is **70%**.,True,0.001262
rings_80,rings,What is the combined ratio for Sponsorship and Merchandise?,19%,"Sponsorship is 14% and Merchandise is 5%.

Combined, they make 19%.

So the rati",True,0.002088
bar_num_141,bar_chart_num,What is the speed of rail travel in mph?,400,The speed of **rail travel** is **400 mph**.,True,0.003292
bar_num_307,bar_chart_num,In which year was the average house price exactly 220?,2021,The average house price was exactly **220** in **2021**.,True,0.001108
bubble_74,bubble,Which renewable source has the largest generation capacity?,Solar,"From the chart, **Solar** has the largest generation capacity at **500 GW**.",True,0.00265
bubble_116,bubble,What was the Production Volume in April?,74,The chart shown is about **energy consumption and environmental impact by region,False,0.003256
rings_117,rings,How much more is the ratio of Artistic Performance compared ,15%,"From the chart:

- **Artistic Performance = 37**
- **Cultural Exchange = 22**

D",True,0.002812
95,histogram,What is the total number of weeks recorded for the attendanc,95,"For the attendance ranges **1–5**, **5–10**, and **10–15** thousand, the weeks a",True,0.006712
13,histogram,How many more shipments are carried out by delivery vans com,400,"Delivery vans carry out **400 more shipments** than motorcycles.

- **Delivery V",True,0.00306
rings_69,rings,What percentage of the evaluated policies is dedicated to So,26%,Social Services accounts for **25%** of the evaluated policies.,True,0.001556
bar_num_43,bar_chart_num,How much wind energy does the UK produce compared to its nuc,15 GW more,"From the chart, the **UK** produces:

- **Wind energy:** **25 GW**
- **Nuclear e",True,0.006372
bar_num_60,bar_chart_num,Which region has the highest wind energy production?,North,"The **West** region has the highest wind energy production, with **450 MWh**.",False,0.002074
bubble_171,bubble,What is the stock for the product category with the highest ,50 million,The product category with the highest annual sales is **Electronics** at **$1500,True,0.002852
rings_168,rings,What percentage of the total is Online Engagement?,23%,"From the chart, the values appear to be:

- Advertising: 15
- Digital Presence: ",True,0.004058
rings_283,rings,What is the combined ratio for Air Quality and Recycling in ,30%,"Air Quality is 15% and Recycling is 15%, so their combined ratio is 30%.",True,0.00234
bubble_192,bubble,What is the difference in research funding between Psycholog,$20 million,"Psychology has **$100 million** in research funding, while Sociology has **$80 m",True,0.003104
bubble_77,bubble,How many millions of units of furniture are produced?,25,Furniture produces **25 million units**.,True,0.002132
bar_num_175,bar_chart_num,Which country has the highest number of doctors?,USA,"From the chart, the **USA** has the highest number of doctors, with **900**.",True,0.003222
rings_224,rings,What is the percentage ratio of Public Transport?,30%,"Public Transport accounts for 30%.

The chart appears to show:
- Public Transpor",True,0.001878
46,histogram,Which social media platform has the highest number of monthl,TikTok,"TikTok has the highest number of monthly active users in the chart, with **1,500",True,0.00598
bar_num_350,bar_chart_num,How many more research papers than books were published in 2,8000,"In 2020:

- Research papers published = 14,000
- Books published = 6,000

Differ",True,0.002494
line_191,line_chart,In what year did solar energy production reach 800 MWh accor,2013,Solar energy production reached **800 MWh in 2013**.,True,0.0
pie_251,pie_chart,What is the percentage contribution of hydroelectric energy ,30%,Hydroelectric energy contributes **30%** of the energy sources used in the USA s,True,0.0
line_num_252,line_chart_num,In what year did the consumption of renewable and non-renewa,2006,The consumption of renewable and non-renewable energy was equal in **2006**. Bot,True,0.0
315,funnel,By how much does the value decrease from the Checking to the,200,"From **Checking (800)** to **Sorting (600)**, the value decreases by **200**.",True,0.0
pie_291,pie_chart,What is the combined percentage of tourist hotspots in Asia ,38%,"Asia is **25%** and South America is **13%**.

**Combined: 38%**",True,0.0
heatmap_88,heatmap,What is the percentage popularity of Tennis in the NBA?,35%,Tennis popularity in the **NBA** is **35%**.,True,0.0
rings_266,rings,What is the percentage difference between Sponsorship and Ti,6%,"From the chart for 2023:

- **Sponsorship = 25%**
- **Ticket Sales = 19%**

**Di",True,0.0
line_450,line_chart,In which year did the US have the highest inflation rate fro,2004,The highest inflation rate was in **2004**.,True,0.0
pie_209,pie_chart,How many more percent of the company's employees are in Mid ,15%,"Mid Management = 30%  
Interns = 15%

Difference = 30% - 15% = 15%

So, there ar",True,0.0
area_chart_49,area_chart,How many Environmental Science projects are there in Categor,25,There are **20 Environmental Science projects** in **Category 9**.,False,0.0
multi-axes_124,multi-axes,How much electricity is generated by Geothermal sources?,500 GWh,Geothermal generates **500 GWh** of electricity.,True,0.0
line_192,line_chart,How much solar energy was produced in August?,550,"In **August**, solar energy production was **550**.",True,0.0
124,treemap,What transportation type has the smallest share of logistics,Pipeline and Intermodal,The transportation type with the smallest share of logistics volume is **Pipelin,False,0.0
rose_184,rose,What is the difference between Revenue and Expense?,50,"From the chart:

- **Revenue = 200**
- **Expense = 150**

So, the **difference b",True,0.0
line_112,line_chart,Which country had the highest number of patients treated wit,Brazil,"Brazil had the highest number of patients treated with **Drug C**, with **1400 p",True,0.0
line_483,line_chart,By how much did the Number of Facebook Posts increase from J,20000 posts,"Facebook posts increased from **40,000 in January** to **60,000 in May**.

**Inc",True,0.0
39,treemap,What is the percentage allocated to Educational Technology?,4%,Educational Technology is allocated **4%**.,True,0.0
line_num_82,line_chart_num,What is the total amount of donations received by Charity A ,$460 million dollars,"Charity A received:

- January: 100 million dollars
- February: 110 million doll",True,0.0
heatmap_215,heatmap,How many pages does Facebook have compared to LinkedIn?,10 more pages,"The chart doesn’t show a metric explicitly called **“pages”**, but if you mean t",True,0.0
bar_num_26,bar_chart_num,How many citations does the discipline of Economics have?,6800,"Economics has **6,800 citations**.",True,0.0
line_405,line_chart,What were the ozone levels in the year 2021?,45,The ozone level in **2021** was **45 DU**.,True,0.0
pie_137,pie_chart,What is the percentage of Air transport?,15%,Air transport is **15%**.,True,0.0
pie_286,pie_chart,Which source contributed the least to charitable donations?,Other,"The source that contributed the least was **Other**, at **5%**.",True,0.0
pie_232,pie_chart,What percentage of the retail market is made up by Tradition,80%,"Traditional Retail is **45%** and Online Shopping is **35%**.

Combined:

**45% ",True,0.0
bar_num_436,bar_chart_num,How much less did Germany spend in government spending compa,$2 billion,"From the chart, Germany’s GDP is **12 billion** and its government spending is *",True,0.0
line_485,line_chart,What is the average body temperature for the age group 16-25,36.6 degrees Celsius,"From the chart, the **average body temperature for the 16–25 age group is about ",True,0.0
bubble_101,bubble,How many lawyers are there in the field of Intellectual Prop,8,There are **8 thousand lawyers** in **Intellectual Property Law**.,True,0.0
area_chart_228,area_chart,What is the English score for a Doctorate level?,170,The English score at the **Doctorate** level is **170**.,True,0.0
radar_28,radar,Which city has the highest score in Shopping and Dining?,Rome and Beijing,"Beijing has the highest **Shopping and Dining** score, with a score of **100**.",False,0.0
rings_174,rings,What is the percentage of 'Donations' category in the Nonpro,45%,The **Donations** category is **45%**.,True,0.0
heatmap_133,heatmap,What is the average price per tonne for soybeans?,$225,The average price per tonne for **soybeans** is **$225**.,True,0.0
pie_273,pie_chart,What is the combined percentage for Rail and Water transport,30%,"Rail is 20% and Water is 10%, so the combined percentage is **30%**.",True,0.0
312,funnel,What is the value at the 'Contract' stage of the home buying,3000,The value at the **Contract** stage is **3000**.,True,0.0
line_36,line_chart,What was the upload speed in May?,40 Mbps,The upload speed in **May** was **40 Mbps**.,True,0.0
rose_221,rose,How much more energy does Fossil Fuels consume compared to S,190 units,"From the chart:

- **Fossil Fuels = 250**
- **Solar = 60**

So fossil fuels cons",True,0.0
heatmap_72,heatmap,Which country has the highest greenhouse gas emissions per c,Russia,"From the chart, **Russia** has the highest greenhouse gas emissions per capita a",True,0.0
rings_289,rings,What is the ratio associated with Cultural Understanding cat,7%,The ratio for **Cultural Understanding** is **7%**.,True,0.0
line_num_327,line_chart_num,What was the difference in energy production between renewab,5 TWh,"In **August**:

- **Renewable energy** = **75 TWh**
- **Non-renewable energy** =",True,0.0
pie_260,pie_chart,What percentage of tax revenue is represented by Income Tax ,50%,"Income Tax is **35%** and Sales Tax is **15%**.

Combined:

**35% + 15% = 50%**
",True,0.0
34,treemap,How many customers are in the Awareness stage of the Custome,1000,"The image shown is a treemap of **e-commerce product categories**, not a **Custo",False,0.0
line_239,line_chart,How many more likes were there in July compared to January?,300 million,"The number of likes in:

- **January** = **200 million**
- **July** = **500 mill",True,0.0
pie_429,pie_chart,What is the combined percentage share of Dairy and Soft Drin,40%,"Dairy is **20%** and Soft Drinks is **20%**, so their combined share is **40%**.",True,0.0
126,treemap,Which month had the highest number of online stores associat,The question is unanswerable with the provided data,"The image shows a **web traffic distribution among social media platforms**, not",False,0.0
line_332,line_chart,Which category had the highest investment in 2020?,Investment D,"In 2020, **Category D** had the highest investment, at **500 million dollars**.",False,0.0
bar_num_14,bar_chart_num,How much is the services output of Germany?,500 million,Germany's services output is **500**.,True,0.0
line_245,line_chart,In which year did Painting C have the lowest price according,2000,Painting C had its lowest price in **2000**.,True,0.0
area_chart_285,area_chart,Which country has the highest average stay in days according,Spain,"According to the chart, **Spain** has the **highest average stay**, at **8 days*",True,0.0
multi-axes_268,multi-axes,What is the average sentence for Family Law cases?,2 years,The average sentence for **Family Law** cases is **2 years**.,True,0.0
heatmap_29,heatmap,Which crop has the highest labor cost per hectare?,Potatoes,Potatoes have the highest labor cost per hectare.,True,0.0
rose_286,rose,What is the value for Environmental Organizations?,40,The value for **Environmental Organizations** is **40**.,True,0.0
radar_249,radar,How much has Online Shopping usage increased from Q1 to Q4?,15,"From the chart, **Online Shopping** is:

- **Q1:** 70
- **Q4:** 85

So the incre",True,0.0
line_259,line_chart,By how many million passengers did road travel increase from,4 million passengers,Road travel increased from **4 million** passengers in 2020 to **8 million** in ,True,0.0
line_146,line_chart,Which charity saw the smallest increase in donations from 20,Donations C,"From the chart:

- **Charity A:** 200 → 240, increase of **40**
- **Charity B:**",False,0.0
line_num_174,line_chart_num,What was the increase in Grocery sales from 2020 to 2023?,$200 million,"Grocery sales increased from **1000** in 2020 to **1200** in 2023.

**Increase =",True,0.0
radar_26,radar,What is the score difference between Cafes and Diners in the,10,"In the **Brand Awareness** category:

- **Cafes**: 75
- **Diners**: 70

**Score ",False,0.0
pie_5,pie_chart,What percentage of donations comes from Foundations and Corp,40%,"Foundations and Corporations each contribute **20%**.

So combined:

**20% + 20%",True,0.0
bubble_95,bubble,How many thousands of beneficiaries does the Salvation Army ,40,The Salvation Army serves **40 thousand beneficiaries annually**.,True,0.0
line_83,line_chart,What was the increase in renewable energy usage from 2010 to,7 GW,"Renewable energy usage increased from **5 GW in 2010** to **11 GW in 2013**.

**",False,0.0
pie_180,pie_chart,What percentage of the sports and entertainment fans prefer ,20%,Streaming Services are preferred by **20%** of sports and entertainment fans.,True,0.0
bar_num_139,bar_chart_num,Which country has the highest data consumption per internet ,USA,"Compute data consumption per internet user:

- **USA:** 450 / 260 ≈ **1.73**
- *",True,0.0
area_chart_50,area_chart,What was the Production Volume in April?,74,"The chart shows **quarters (Q1–Q4)** with **Revenue** and **Expenses**, but it d",False,0.0
rings_201,rings,What is the combined ratio for Research and Development in S,37%,"From the chart:

- Research = 17%
- Development = 20%

Combined ratio for Resear",True,0.0
121,treemap,What percentage of legal expenditures is allocated to Public,15%,"From the chart, **Public Defense = 15** out of a total of:

35 + 30 + 15 + 10 + ",True,0.0
pie_455,pie_chart,What percentage of government spending is allocated to Socia,30%,"Social Security is **20%** and Infrastructure is **10%**.

Combined, they make u",True,0.0
heatmap_206,heatmap,Which factory has the lowest maintenance costs?,Factory A,"Factory A has the lowest maintenance costs at **$50,000**.",True,0.0
153,funnel,How much less is the percentage of Snack Foods as compared t,10%,The image shown is a funnel chart about **Online User Engagement - Technology an,False,0.0
bar_num_234,bar_chart_num,Which country had the lowest number of theater performances ,Germany,"Germany had the lowest number of theatre performances attendees in 2021, with **",True,0.0
rose_119,rose,What is the average price of Vacant Land in 2023?,175000,"The average price of **Vacant Land** in 2023 is **$150,000**.",False,0.0
bar_num_76,bar_chart_num,Which region has the highest production of grains?,East,"The **East** region has the highest production of **grains**, with **480** units",True,0.0
line_336,line_chart,How many units were produced in April for Production B?,9000,"Production B in **April** was **9,000 units**.",True,0.0
line_num_170,line_chart_num,What is the difference in release years between 'The Avenger,7 years,"The difference is **7 years**.

- **The Avengers**: 2012  
- **Avengers: Endgame",True,0.0
multi-axes_184,multi-axes,How much more does an airplane travel on average compared to,9000 miles,"From the chart:

- **Airplane average distance traveled:** 10,000 miles  
- **Sh",True,0.0
line_35,line_chart,How much was spent on healthcare in the United States in 201,460 billion dollars,"In **2016**, healthcare spending in the United States was **460 billion dollars*",True,0.0
line_494,line_chart,Which month had the highest production for Product D?,January,"Product D had its highest production in **January** at **9,000 units**.",True,0.0
line_214,line_chart,Which food category saw the maximum increase in production f,Fruits,"From 2001 to 2004:

- **Fruits:** 200 → 400, increase of **200**
- **Vegetables:",True,0.0
pie_493,pie_chart,What is the combined percentage of donations for education a,45%,"Education is 25% and Health is 20%, so the combined percentage is **45%**.",True,0.0
295,treemap,What is the average GPA of Graduate Students?,3.7,"The image shows a **tourist visits distribution by region**, not student GPA dat",False,0.0
pie_82,pie_chart,What percentage of donations is attributed to Fundraising Ev,10%,Fundraising Events account for **10%** of donations.,True,0.0
pie_76,pie_chart,How much more is the percentage use of Road transport compar,30%,"Road transport is **40%** and Water transport is **10%**.

So, the percentage us",True,0.0
area_chart_277,area_chart,How many fans are there for E-sports in the category of Bask,60000,"For **E-sports** in the **Basketball** category, there are **60,000 fans**.",True,0.0
radar_89,radar,Which food crop requires the highest water usage per hectare,Wheat,"From the chart, **Rice** requires the highest water usage per hectare.

- Wheat:",True,0.0
line_465,line_chart,How many more visitors did the museum receive in July compar,1500 visitors,"From the chart:

- **February:** 2,000 visitors  
- **July:** 3,500 visitors  

",True,0.0
pie_284,pie_chart,Which genre has the smallest percentage share?,"Fantasy, Romance, Sci-Fi, and Thriller","The genre with the smallest percentage share is **Thriller**, at **4.5%**.",False,0.0
55,treemap,What percentage of donations are allocated to Environment an,25%,"Environment and Wildlife is 15% and Arts and Culture is 10%.

Combined, they are",True,0.0
rose_276,rose,How many fewer students pursued Postgraduate studies than Un,3500,"From the chart:

- **University**: 4000 students  
- **Postgraduate**: 500 stude",True,0.0
bubble_88,bubble,What is the customer satisfaction score for dairy products?,7,The customer satisfaction score for **dairy products** is **7**.,True,0.0
bar_num_41,bar_chart_num,Which country has the highest ratio of E-commerce to Retail ,UK,"From the chart:

- **USA:** 4.5 / 15 = **0.30**
- **UK:** 3.5 / 10 = **0.35**
- ",True,0.0
14,treemap,How much percentage is allocated to Medicine and Health?,17%,Medicine and Health is allocated **20%**.,False,0.0
radar_34,radar,What is the pass rate for middle school?,90%,The **pass rate for Middle School** is **90%**.,True,0.0
line_num_403,line_chart_num,What was the soybean production in the year 2017?,190 million tons,The soybean production in **2017** was **190**.,True,0.0
line_390,line_chart,What is the average SAT score for age 20?,80,"From the chart, the average SAT score for **age 20** is **80**.",True,0.0
bar_num_28,bar_chart_num,Which region has the highest number of restaurants?,Asia,"Asia has the highest number of restaurants, with 700.",True,0.0
heatmap_120,heatmap,What is the student-faculty ratio at Harvard University?,6.5,The student-faculty ratio at **Harvard University** is **7:1**.,True,0.0
bar_num_177,bar_chart_num,What is the financial growth of Business C from Q1 to Q4?,3000 million,"Business C grows from **6000 in Q1** to **9000 in Q4**.

So the financial growth",True,0.0
pie_269,pie_chart,What are the two most significant sources of renewable energ,Solar and Hydroelectric,"According to the chart, the two most significant renewable energy sources in the",False,0.0
257,funnel,What is the revenue share percentage for restaurants?,30%,The chart shown does not include restaurants or revenue share percentages. It di,True,0.0
line_250,line_chart,In which year did the CO2 Emission reach 5000 kilotonnes?,2021,CO2 emissions reached **5000 kilotonnes in 2021**.,True,0.0
line_90,line_chart,What is the average grade for 11th grade?,93,The average grade for **11th grade** is **93**.,True,0.0
area_chart_147,area_chart,How many intellectual property cases were there in 2021?,120,"In **2021**, there were **130 intellectual property cases**.",True,0.0
pie_305,pie_chart,Which food group has the smallest percentage allocation in t,Sugars and Sweets,"The food group with the smallest percentage allocation is **Sugars and Sweets**,",True,0.0
pie_484,pie_chart,What percentage of the Digital Marketplace is comprised of D,35%,Desktop usage comprises **35%** of the Digital Marketplace.,True,0.0
pie_81,pie_chart,How much more popular is Cloud Computing compared to Cyber S,15%,"Cloud Computing is **15 percentage points** more popular than Cyber Security.

-",True,0.0
rose_270,rose,By how much does Air Pollution exceed Sustainable Agricultur,60,"From the chart:

- **Air Pollution** = 100  
- **Sustainable Agriculture** = 40 ",True,0.0
line_488,line_chart,What was the total attendance for all three sports in 2005?,58 million,"From the chart for **2005**:

- **Football:** 21 million  
- **Baseball:** 19 mi",True,0.0
line_52,line_chart,How many criminal cases were there in the US Courts in 2017?,"600,000","In 2017, there were **600,000 criminal cases** in the US Courts.",True,0.0
multi-axes_300,multi-axes,Which category has the highest total number when adding laws,Education,"Add each category’s values:

- **Taxation:** 7 + 12 + 2 + 4 = **25**
- **Immigra",True,0.0
line_277,line_chart,By how much has the Water Pollution level decreased from 201,20,"Water Pollution decreased from **30** in 2018 to **10** in 2022.

So, the decrea",True,0.0
line_num_24,line_chart_num,In which month is the truck transportation quantity the high,April,"The **truck transportation quantity is highest in April**, with a value of **160",True,0.0
47,treemap,What percentage of the revenue distribution is made up by Va,23%,"Vacation Rentals are **15%** and Bed & Breakfasts are **8%**.

Combined: **15% +",True,0.0
88,treemap,What profit margin range has the lowest frequency of busines,40-45%,"The image shown is a treemap of **expenditure across legal branches**, not a cha",False,0.0
189,treemap,What percentage of government spending is allocated to Socia,25%,"From the treemap:

- **Social Security** = **12%**
- **Infrastructure** = **10%*",False,0.0
radar_284,radar,What is the average score for Science across all four terms?,87.5,"From the chart, Science scores are **85, 82, 88, and 90**.

Average:
\[
\frac{85",True,0.0
bar_num_54,bar_chart_num,Which region has the highest number of cars?,East,"The **East** region has the highest number of cars, with **480** cars.",True,0.0
radar_4,radar,What is the Delivery Speed score for Q4?,100,The image shown is an **academic performance comparison** radar chart for univer,False,0.0
pie_476,pie_chart,How much more popular is music compared to dance according t,10%,"According to the chart:

- **Music:** 18.2%
- **Dance:** 9.1%

So, **music is 9.",True,0.0
bar_num_298,bar_chart_num,How much more is the tax revenue than the government spendin,$1000 billion,"In the **UK**:

- **Tax revenue** = 4500
- **Government spending** = 3500

So, *",True,0.0
pie_84,pie_chart,What is the percentage of Ambulance Services according to th,20%,Ambulance Services account for **20%** according to the chart.,True,0.0
bubble_294,bubble,Which organization has the highest Impact Score?,World Wildlife Fund,"The **World Wildlife Fund** has the highest Impact Score, with a score of **95**",True,0.0
area_chart_168,area_chart,What was the profit in 2017?,"$30,000","The profit in **2017** was **$30,000**.",True,0.0
rose_234,rose,Which category has the lowest value according to the dataset,Online Security,"The category with the lowest value is **Online Security**, with a value of **40*",True,0.0
bar_num_187,bar_chart_num,Which factory had the highest working hours in February?,Factory B,"In **February**, **Factory B** had the highest working hours with **2300 hours**",True,0.0
line_362,line_chart,How much higher was solar energy production than wind energy,1000 kWh,"In **September**:

- **Solar energy** = **2200**
- **Wind energy** = **1200**

S",True,0.0
line_416,line_chart,Which organization received the highest amount of donations ,UNICEF,"UNICEF received the highest amount of donations in 2021, with **5,000**.",True,0.0
heatmap_277,heatmap,Which country has the highest number of solar energy plants?,Germany,"The **United Kingdom** has the highest number of **solar energy plants**, with *",False,0.0
307,funnel,How many students attended but did not graduate?,4000,"Students who **attended but did not graduate**:

- **Attendance:** 9,000
- **Gra",True,0.0
line_120,line_chart,"Which connection speed, A or B, shows greater fluctuation ov",A,"Between **A and B**, **A shows greater fluctuation** over the period.

- **Speed",True,0.0
pie_104,pie_chart,What percentage of awarded degrees are Doctorate Degrees?,5%,Doctorate Degrees account for **5%** of awarded degrees.,True,0.0
line_num_362,line_chart_num,Which category had the lowest sales in March?,Beverages,"In March, **Beverages** had the lowest sales, at **800 million dollars**.",True,0.0
pie_26,pie_chart,"What percentage of jobs are Contractor-based in the USA, 202",13%,Contractor-based jobs are **13%** of jobs in the USA in 2023.,True,0.0
pie_165,pie_chart,What is the percentage difference between Secondary and Tert,10%,"Secondary is **30%** and Tertiary is **20%**.

The **difference** is:

**30% - 2",True,0.0
pie_439,pie_chart,What percentage of the US population is in the 35-44 age gro,18%,The **35–44** age group makes up **18%** of the US population in the chart.,True,0.0
line_401,line_chart,What is the total Vegetable Production in the first quarter ,6700 tons,"Vegetable production from **January to March** is:

- January: **2000**
- Februa",True,0.0
multi-axes_253,multi-axes,By how much does the total freight in December exceed that o,1100 thousand tonnes,"From the chart, total freight is:

- **January:** 4500 thousand tonnes  
- **Dec",True,0.0
181,treemap,What percentage of total healthcare spending is for Hospital,60%,"Hospital Care is **32%** and Physician Services is **25%**.

Combined: **32% + 2",True,0.0
line_462,line_chart,What was the highest unemployment rate recorded between 2001,5.2%,"The highest unemployment rate between 2001 and 2006 was **6.0%**, recorded in **",False,0.0
232,treemap,How many individuals have 9-11 years of education?,3500,"The image shows department workforce distribution, not education levels, so the ",False,0.0
area_chart_196,area_chart,What is the mode of transportation with the maximum distance,Road,"According to the chart, **Rail** is the mode of transportation with the **maximu",False,0.0
rose_284,rose,What is the value assigned to Soil Pollution?,40,The value assigned to **Soil Pollution** is **40**.,True,0.0
bar_num_30,bar_chart_num,Which country has the greatest number of internet users?,USA,"The **USA** has the greatest number of internet users, with **350 million**.",True,0.0
292,treemap,What is the value for the Research stage in the customer jou,800,The image shown is a treemap of **manufacturing output by production component i,False,0.0
line_274,line_chart,What is the maximum average hours of delay and in which mont,"7, February","The **maximum average delay** is **7 hours**, and it occurs in **February**.",True,0.0
bar_num_111,bar_chart_num,How many more people are in the voting age population in the,"130,000,000 people","From the chart:

- **USA voting age population:** 200 million  
- **UK voting ag",False,0.0
bar_num_180,bar_chart_num,How many hours does it take to transport by Ship?,15,Transport by **Ship** takes **15 hours**.,True,0.0
bubble_141,bubble,What was the Production Volume in April?,74,"The chart shown is about **sports and entertainment performance metrics** with:
",False,0.0
radar_232,radar,Which charity has the highest volunteer participation?,Charity A,"The charity with the highest **volunteer participation** is **Charity A**, with ",True,0.0
line_304,line_chart,How much did offline sales increase from 2009 to 2019?,$5000 billion,Offline sales increased from **4000 billion dollars** in 2009 to **9000 billion ,True,0.0
line_186,line_chart,What is the difference in birth rate between the years 2020 ,1.6,"From the chart, the birth rate is:

- **2020:** 17.8  
- **2024:** 19.3  

**Dif",True,0.0
pie_378,pie_chart,Which type of engineers has the smallest percentage represen,"Aerospace Engineers, Materials Engineers, Nuclear Engineers, and Other each have 5%","The smallest percentage representation is **4.5%**, shared by:

- **Aerospace En",True,0.0
radar_270,radar,Which Nonprofit has the lowest score in Community Outreach?,Nonprofit C,"From the chart, **Nonprofit C** has the lowest **Community Outreach** score.

- ",True,0.0
heatmap_197,heatmap,In which year did Economics reach a percentage of 27%?,2021,Economics reached **27% in 2021**.,True,0.0
pie_20,pie_chart,What percentage of the manufacturing industries does the Foo,15%,The Food and Beverage sector represents **13.6%** of the manufacturing industrie,True,0.0
pie_223,pie_chart,Which energy source has the smallest share of usage in the U,Natural Gas,"Natural Gas has the smallest share of usage in the USA in 2023, at 10%.",True,0.0
area_chart_155,area_chart,Which country has the smallest audience for baseball?,Australia,"From the chart, **Argentina** has the smallest audience for **baseball**, at abo",False,0.0
rose_91,rose,How many more patients received Diagnostics treatment than t,47,"From the chart:

- Diagnostics = 90 patients
- Immunology = 40 patients

Differe",True,0.0
254,funnel,What are the combined percentages for Social Media and Onlin,40%,"According to the Internet Usage Distribution, **Social Media (25%)** plus **Onli",False,0.0
119,treemap,What is the combined market share percentage of Snack Foods ,10%,"From the treemap, **Snack Foods = 12%** and **Seafood = 4%**.

So, their combine",False,0.0
radar_97,radar,What is the total production of wheat in January and Februar,2100 tons,"From the chart, wheat production is:

- **January:** 800
- **February:** 1,100

",True,0.0
117,treemap,What is the market share percentage difference between the B,3%,"Banking has **22%** market share and Insurance has **19%**.

**Difference = 22% ",True,0.0
line_53,line_chart,What was the total number of employees in Department B over ,1050,"Department B had these employee counts from 2015 to 2019:

- 2015: 200
- 2016: 1",True,0.0
multi-axes_99,multi-axes,In which category is the profit exactly one-seventh of the r,Retail,"We need the category where:

\[
\text{Profit}=\frac{1}{7}\times \text{Revenue}
\",True,0.0
line_383,line_chart,How many occupants were in Hotel A in April?,800,Hotel A had **800 occupants** in **April**.,True,0.0
bar_num_265,bar_chart_num,What is the government spending in the UK?,4.5 billion,The government spending in the **UK** is **$4.5 billion**.,True,0.0
line_351,line_chart,What is the reading score of students in Grade 1?,90,The reading score of students in **Grade 1** is **90**.,True,0.0
rose_107,rose,How many more students are enrolled in Mathematics than in P,90,"Mathematics has **90 more students** enrolled than Physical Education.

- **Math",True,0.0
bar_num_383,bar_chart_num,Which company has the largest gap between online sales and s,Amazon,"From the chart:

- Amazon: online 90, store 60 → gap = 30
- Walmart: online 80, ",True,0.0
line_170,line_chart,In which year did hydroelectric production reach 10000 MWh?,2022,"Hydroelectric production reached **10,000 MWh in 2022**.",True,0.0
pie_374,pie_chart,What percentage of the distribution is allocated to Computer,20%,Computer Science is allocated **20%** of the distribution.,True,0.0
radar_138,radar,Which property type had the highest market demand in 2023?,Single-Family,"The **Single-Family** property type had the **highest market demand** in 2023.

",True,0.0
line_236,line_chart,How many more employment cases were there in 2013 compared t,5 cases,"Employment cases in **2010**: **10**  
Employment cases in **2013**: **15**

So,",True,0.0
186,treemap,What is the value difference between the 'Development' and ',50,The image shown is a treemap of **internet usage categories** and does **not inc,False,0.0
area_chart_31,area_chart,What is the renewable energy usage in the Agriculture sector,3000,"The renewable energy usage in the **Agriculture** sector is **3,000**.",True,0.0
radar_164,radar,Which category has the highest percentage for Food Bank and ,Charitable Programs; 100%,"For **Food Bank**, the highest percentage is in **Fundraising (%)** at **80%**.",False,0.0
bar_num_259,bar_chart_num,How many more millions of users does Facebook have compared ,1.3 million,"From the chart:

- Facebook users = **2.5 million**
- Instagram users = **1.2 mi",True,0.0
rose_49,rose,How many more entry-level employees are there compared to ex,1100,"From the chart:

- **Entry-level** employees = **1200**
- **Executive** employee",True,0.0
pie_343,pie_chart,What is the percentage contribution of nuclear energy to the,30%,Nuclear energy contributes **30%** to the energy distribution.,True,0.0
radar_17,radar,What is the difference in the Quality of Service score betwe,15,"From the chart, the **Quality of Service** score is:

- **Shanghai:** 50  
- **G",False,0.0
pie_325,pie_chart,By what percentage does Natural Gas exceed Renewable energy ,10%,"From the chart:

- **Natural Gas = 30%**
- **Renewable = 20%**

Difference:
**30",True,0.0
pie_173,pie_chart,What percentage of the home types does Condominiums represen,10%,Condominiums represent **10%** of the home types.,True,0.0
radar_96,radar,Which museum has the highest score for conservation efforts?,Louvre Museum,"The **Museum of Modern Art** has the highest score for **Conservation Efforts**,",False,0.0
radar_36,radar,What is the cost of Solar energy per MWh?,50 dollars,The cost of **Solar energy** is **$50 per MWh**.,True,0.0
bubble_277,bubble,What was the Production Volume in April?,74,The chart shown does not include **Production Volume** or any **monthly data for,False,0.0
19,treemap,What percentage is Air Transport of the total Freight Volume,10%,"From the treemap, the freight volumes appear to be:

- Road Transport: 40
- Rail",True,0.0
304,funnel,"What is the value difference between the ""Evaluation of Poli",400,"The value difference is **400**.

- **Evaluation of Policies** = 600  
- **Post-",True,0.0
116,treemap,By how much does the percentage of people using Streaming Se,7%,"From the chart:

- **Streaming Services** = **20%**
- **Online Gaming** = **12%*",False,0.0
heatmap_67,heatmap,Which product has the highest market share?,Water,**Water** has the highest market share at **15%**.,True,0.0
line_303,line_chart,How many more millions of patients were diagnosed with hyper,0.6 million,"In the chart, hypertension diagnoses were:

- January: 3.4 million
- August: 4.0",True,0.0
bar_num_160,bar_chart_num,Which country has the highest coal production according to t,USA,"According to the chart, the **USA** has the highest coal production at **250 TWh",True,0.0
radar_77,radar,What is the total revenue for Beverage across all quarters?,$374 million,"The Beverage revenues by quarter are:

- Q1: 85
- Q2: 88
- Q3: 90
- Q4: 92

Tota",True,0.0
area_chart_93,area_chart,How many more employees were there in Sales than in R&D in 2,110 employees,"In **2021**:

- **Sales** = **320** employees  
- **R&D** = **210** employees  
",True,0.0
rose_86,rose,How many attorneys are practicing in Environmental Law?,40,Environmental Law has **40 attorneys** practicing in it.,True,0.0
line_272,line_chart,By how much has the Social Media Usage increased from Januar,1400,"Social Media Usage increased from **1000** in January to **2400** in August.

So",True,0.0
bar_num_256,bar_chart_num,Which grade has the highest average score in Science?,Grade A,"Grade **A** has the highest average score in **Science**, with a score of **100*",False,0.0
multi-axes_203,multi-axes,How many tons of grain products were produced according to t,1230 tons,"According to the chart, **Grain Products produced 1,230 tons**.",True,0.0
line_210,line_chart,In which year did the USA have 80 million foreign tourists?,2019,The USA had **80 million foreign tourists in 2019**.,True,0.0
line_470,line_chart,How much Renewable Energy Production is projected for 2025?,1400 billion watts,The projected Renewable Energy Production for **2025** is **1400 billion watts**,True,0.0
line_428,line_chart,How many more students are there in 12th grade compared to 5,30 students,"From the chart:

- **5th grade:** 50 students  
- **12th grade:** 80 students  
",True,0.0
line_342,line_chart,How much greater is the force in Experiment 4 compared to Ex,15 N,"From the graph:

- **Force in Experiment 1 = 20 N**
- **Force in Experiment 4 = ",True,0.0
pie_475,pie_chart,What percentage of the global market is taken up by Robotics,45%,"Robotics is 25% and Artificial Intelligence is 20%, so combined they take up **4",True,0.0
bar_num_97,bar_chart_num,What is the difference between the crop yield in USA and UK?,1000,"The crop yield in the **USA** is **4000**, and in the **UK** it is **3000**.

**",True,0.0
pie_498,pie_chart,What is the combined percentage of Pop Music and Other Genre,35%,"Pop Music is **25%** and Other Genres is **10%**.

So, the combined percentage i",True,0.0
120,treemap,What percentage of the manufacturing process is taken up by ,22%,Component Fabrication takes up **20%** of the manufacturing process.,True,0.0
rose_3,rose,How much more value do burgers have compared to sandwiches?,40,"From the chart:

- **Burgers = 120**
- **Sandwiches = 80**

So, burgers have **4",True,0.0
radar_178,radar,By how many percentage points did Technology Adoption increa,15%,"Technology Adoption increased from **60% in Q1** to **75% in Q4**.

So, the incr",True,0.0
radar_252,radar,What is the score of Athlete C during Performance Q2?,76,Athlete C’s score during Performance Q2 is **70**.,True,0.0
pie_381,pie_chart,What percentage more is Solar energy compared to Geothermal ,15%,"From the chart:

- Solar = 25%
- Geothermal = 10%

Difference = 25% − 10% = 15 p",True,0.0
bubble_180,bubble,What is the market share of Instagram?,30%,Instagram’s market share is **30%**.,True,0.0
285,treemap,Which crop type has the highest yield according to the given,Sugarcane,"The image shows a **government budget distribution treemap**, not crop yield dat",False,0.0
114,treemap,How much larger is the market share of Professional Sports t,18%,"Professional Sports has a **25%** market share, while Books and Publishing has *",True,0.0
line_208,line_chart,What is the difference in revenue between Sports and Enterta,100,"In 2024:

- Sports revenue = 1500
- Entertainment revenue = 1600

Difference = 1",True,0.0
rose_146,rose,Which academic field has the least number of students enroll,Business,"The academic field with the least number of students enrolled is **Business**, w",True,0.0
radar_14,radar,What is the Advertising Effectiveness score of Instagram?,85,Instagram’s **Advertising Effectiveness score** is **85**.,True,0.0
bar_num_215,bar_chart_num,How many tourists visited Europe in 2021?,25000,"Europe had **25,000 tourists** in 2021.",True,0.0
area_chart_123,area_chart,Which industry has the lowest Net Profits?,Education,The **Healthcare** industry has the **lowest Net Profits**.,False,0.0
heatmap_152,heatmap,Which country has the highest Air Quality Index (AQI) value?,Country E,"From the chart, **Country E** has the highest **Air Quality Index (AQI)** value,",True,0.0
rose_26,rose,Which category has the lowest popularity value?,Blockchain,"The category with the lowest popularity value is **Blockchain**, with a value of",True,0.0
bar_num_248,bar_chart_num,How many more prisoners are there in the USA than in Germany,500,"From the chart:

- USA prisoners: **2000**
- Germany prisoners: **1500**

Differ",True,0.0
145,funnel,How much larger is the percentage of Cereals compared to Pou,33%,"The chart shown is about **Employee Management Strategies in Human Resources**, ",False,0.0
pie_112,pie_chart,Which crop has the smallest percentage in the world distribu,Other,"The smallest percentage is **Other**, at **10%**.",True,0.0
line_124,line_chart,What is the increase in store sales from January to July?,$30 million,Store sales increased from **40 thousand** in January to **70 thousand** in July,True,0.0
line_11,line_chart,How many more millions of tickets were sold in 2020 compared,20 million,"From the chart, tickets sold were:

- **2016:** 90 million  
- **2020:** 110 mil",True,0.0
line_144,line_chart,What is the difference in profit between the years 2022 and ,100 million dollars,"From the chart:

- Profit in 2022 = **800 million dollars**
- Profit in 2023 = *",True,0.0
multi-axes_294,multi-axes,How much is the average cost of a case in Corporate Law?,"$320,000","The average cost of a case in **Corporate Law** is **$320,000**.",True,0.0
radar_115,radar,What is the sales number for Electronics in E-commerce Platf,90,The sales number for **Electronics** in **E-commerce Platform** is **90**.,True,0.0
179,treemap,What percentage of the budget is allocated to Corrections?,15%,Corrections is allocated **15%** of the budget.,True,0.0
line_261,line_chart,How much did the minimum wage increase from 2001 to 2004?,$0.95,"From the chart, the minimum wage was:

- **2001:** \$5.15  
- **2004:** \$5.85  ",False,0.0
pie_106,pie_chart,By what percentage do Fruits and Snack Foods together make u,20%,"From the chart:

- **Fruits** = **11.9%**
- **Snack Foods** = **6.4%**

Together",True,0.0
183,treemap,By how much does the percentage for Health exceed that for t,10%,"Health is **25%** and Environment is **15%**.

So, Health exceeds Environment by",True,0.0
pie_454,pie_chart,How much percentage is accounted for by Instagram?,7%,Instagram accounts for **6.7%**.,True,0.0
radar_211,radar,Which Nonprofit Organization has the lowest Administration C,World Vision,"According to the chart, **Red Cross** has the lowest **Administration Costs**.

",True,0.0
177,treemap,What percentage of the Sustainable Agriculture aspect is rep,10%,"The values shown sum to 100:

- Greenhouse Gas Emissions: 30
- Renewable Energy ",True,0.0
line_6,line_chart,How many donations were made by Sarah Taylor?,4,Sarah Taylor made **3000** in donations.,False,0.0
area_chart_256,area_chart,Which country has the lowest difference between production a,Canada,"From the chart, compare **production** and **imports** for each country:

- Chin",True,0.0
radar_64,radar,What is the change in the Policy Approval Rating from Q1 to ,15%,"From the chart, the **Policy Approval Rating** is:

- **Q1:** 68
- **Q4:** 85

S",False,0.0
rose_99,rose,What is the value of Mutual Funds according to the chart?,700,The value of **Mutual Funds** in the chart is **700**.,True,0.0
bar_num_52,bar_chart_num,How much beverage is consumed in France?,450 litres,Beverage consumption in France is **450**.,True,0.0
bar_num_2,bar_chart_num,What is the salary in the Customer Service department?,2700,The salary in the **Customer Service** department is **2700**.,True,0.0
radar_24,radar,How much higher is the vegetable production in Canada compar,15,"From the chart, **vegetable production** is approximately:

- **Canada:** 90  
-",False,0.0
bar_num_108,bar_chart_num,Which country has the lowest carbon emission?,France,"From the chart, **France** has the lowest carbon emission, at **125 million tons",True,0.0
bubble_261,bubble,How many millions of Electronics sales occurred annually acc,20 million,"According to the chart, **Electronics sales occurred at 80 million annually**.",False,0.0
radar_154,radar,How much fuel does Truck 2 consume?,85 liters,Truck 2 consumes **85 liters** of fuel.,True,0.0
pie_459,pie_chart,Which job categories have the same percentage distribution?,Manufacturing and Sales,"From the chart, the job categories with the same percentage are:

- **Informatio",False,0.0
line_352,line_chart,How much did the average home price increase from 2020 to 20,"$40,000","From the chart, the average home price was:

- **2020:** \$310,000  
- **2023:**",True,0.0
line_167,line_chart,How much did the average price for the tourism industry in t,250,"From the chart, the average price increased from **150** in 2019 to **400** in 2",True,0.0
area_chart_242,area_chart,How much Gas Usage is recorded in the month of September?,190 m^3,The gas usage in **September** is **230 m³**.,False,0.0
heatmap_142,heatmap,What is the Research Funding for Anthropology?,13 Million USD,"From the heatmap, **Anthropology** appears to have **research funding of about 5",False,0.0
pie_39,pie_chart,What is the combined percentage of Air Travel and Other mode,35%,"Air Travel is **25%** and Other is **10%**.

So, their combined percentage is:

",True,0.0
41,funnel,What percentage of the population has at least a Bachelor's ,41.4%,The image is a funnel chart about the **purchasing process in the food and bever,False,0.0
rose_97,rose,How many institutions are liberal arts according to the data,10,"According to the chart, there are **10 liberal arts institutions**.",True,0.0
pie_361,pie_chart,What is the percentage difference between Secondary and Prim,10%,"Primary is **25%** and Secondary is **35%**.

The percentage difference is:

**3",True,0.0
multi-axes_210,multi-axes,"How many more hours, in thousands, did customer service repr",10689 thousands of hours,"Customer service representatives worked **11,000 more hours** than accountants.
",True,0.0
radar_286,radar,Which sport has the highest popularity according to the data,Soccer,"According to the chart, **Soccer** has the highest **Popularity** score, at **90",True,0.0
line_361,line_chart,What was the pressure at the time when the gravity was measu,1009,"When the gravity was **9.6**, the pressure was **1000**.",True,0.0
3,treemap,What percentage is allocated to Compensation and Benefits ac,25%,"According to the chart, **Compensation and Benefits is allocated 20%**.",False,0.0
4,treemap,What percentage of Internet usage is taken up by Online Shop,15%,Online Shopping takes up **15%** of Internet usage.,True,0.0
rose_37,rose,What is the value for Health Education programs?,80,The value for **Health Education** programs is **80**.,True,0.0
pie_413,pie_chart,"What percentage of votes did third parties (Libertarian, Gre",34%,"Third parties cumulatively received:

- Libertarian: 10%
- Green Party: 8%
- Con",True,0.0
113,treemap,Which genre has the third highest number of artworks sold?,Modernism,"The image shows **healthcare spending categories**, not artwork genres. Based on",False,0.0
bubble_243,bubble,Which material has the highest Efficiency Score?,Silicon,"**Silicon** has the highest Efficiency Score, with a score of **10**.",True,0.0
area_chart_230,area_chart,How many vacation rentals are available in the Caribbean?,200,There are **200 vacation rentals** available in the **Caribbean**.,True,0.0
radar_10,radar,How much did the tax rate (%) increase from Q1 to Q4?,15%,"From the chart, the **tax rate** is:

- **Q1:** 80%
- **Q4:** 95%

So the increa",True,0.0
line_204,line_chart,Which category of vehicles has the largest decrease in numbe,Light Trucks,"The category with the largest decrease from 2020 to 2024 is **Light Trucks**.

-",True,0.0
line_419,line_chart,In which year did the grocery revenue reach 2400 billion dol,2002,ERROR: 'NoneType' object is not subscriptable,False,0
bar_num_93,bar_chart_num,Which country has the smallest difference between Retail Sto,Germany,ERROR: 'NoneType' object is not subscriptable,False,0
radar_78,radar,Which aspect has the highest percentage of renewable energy ,Energy Consumption,The aspect with the highest **renewable energy usage (%)** is **Pollution Level ,False,0.0
line_227,line_chart,What is the difference in sales between online and store sal,700,"In August 2020:

- **Online sales** = 3200  
- **Store sales** = 2500  

**Diffe",True,0.0
line_57,line_chart,What is the percentage difference in Employee Retention betw,6%,"Employee Retention was **0.90** in 2020 and **0.97** in 2023.

Percentage differ",False,0.0
area_chart_275,area_chart,Which month has the highest total number of visitors for art,December,"December has the highest combined total number of visitors/attendees.

Total in ",True,0.0
line_293,line_chart,In which month did the number of online orders exceed 1500 f,July,The number of **online orders first exceeded 1500 in July**.,True,0.0
bar_num_49,bar_chart_num,How many more internet users are there in the UK compared to,50 million,ERROR: 'NoneType' object is not subscriptable,False,0
radar_162,radar,By how much did the Market Share (%) increase from Q1 to Q4?,15%,"The **Market Share (%)** increased from **65% in Q1** to **75% in Q4**.

**Incre",False,0.0
pie_261,pie_chart,What is the percentage usage of Smartphones?,25%,The percentage usage of **Smartphones** is **25%**.,True,0.0
pie_80,pie_chart,What is the combined market share of Amazon and Walmart?,60%,"Amazon has **40%** and Walmart has **20%**, so their combined market share is **",True,0.0
pie_57,pie_chart,What is the percentage share of waterways in the transportat,10%,The percentage share of **waterways** is **10%**.,True,0.0
heatmap_218,heatmap,Which country has the highest water usage per capita?,China,China has the highest water usage per capita at **500 litres per capita**.,True,0.0
bar_num_214,bar_chart_num,How many restaurants are there in France?,350,France has **350 restaurants**.,True,0.0
87,funnel,How much higher is the market share of Banking compared to C,13%,The chart shown is a funnel about **Scientific Achievement in Science and Engine,False,0.0
174,treemap,Which housing category has the smallest market share accordi,Mobile Homes,"The smallest market share is **Mobile Homes**, with **2%**.",True,0.0
110,treemap,Which department has the lowest percentage allocation?,Finance,The **Finance** department has the lowest percentage allocation at **5%**.,True,0.0
rose_48,rose,What is the value of Wind energy generation?,20,The value for **Wind** energy generation is **20**.,True,0.0
line_313,line_chart,Which crop had the highest increase in yield from 2017 to 20,Corn,"From the chart:

- **Wheat:** 100 → 130 = **+30**
- **Rice:** 200 → 230 = **+30*",True,0.0
bar_num_262,bar_chart_num,What is the Air Quality Index of Germany?,90,Germany’s Air Quality Index is **90**.,True,0.0
area_chart_261,area_chart,Which region has the highest number of Livestock heads?,Middle East,The **Middle East** has the highest number of **Livestock (heads)**.,True,0.0
area_chart_156,area_chart,Which sector has the highest consumption of Natural Gas?,Residential,"From the chart, **Natural Gas consumption is highest in the Residential and Comm",True,0.0
227,treemap,What is the combined market share percentage of Firefox and ,7.3%,The chart shown is about **research funds across science and engineering fields*,False,0.0
bar_num_409,bar_chart_num,How much more rice does Germany produce than the USA?,500 tons,"From the chart:

- **Germany rice production** = **3000 tons**
- **USA rice prod",True,0.0
bar_num_50,bar_chart_num,Which region has the highest vegetable production?,South and West,"The **South** and **West** regions have the highest vegetable production, at **5",False,0.0
line_385,line_chart,How much did the sea level rise from 2020 to 2023?,0.3 mm,"From the chart, sea level rise went from **3.2 mm in 2020** to **4.1 mm in 2023*",False,0.0
line_251,line_chart,In which year did art museum attendees first surpass theater,2012,Art museum attendees first surpassed theater attendees in **2012**.,True,0.0
radar_61,radar,What is the fuel efficiency of river barges?,10 MPG,"From the chart, **river barges have a fuel efficiency of about 80 MPG**.

If you",False,0.0
radar_214,radar,Which category has the highest score in Quarter 4?,Performance Assessment,"In **Quarter 4**, the category with the **highest score** is **Performance Asses",True,0.0
line_386,line_chart,How many internet users were there in the United States in t,6000,"In 2017, the chart shows **6,000 internet users** in the United States.",True,0.0
pie_399,pie_chart,How much more is the percentage of Hospitals compared to Nur,15%,"Hospitals are **15 percentage points** more than Nursing Homes.

- **Hospitals:*",True,0.0
rose_76,rose,"How many more practices are there in ""Visual Arts"" compared ",50,"“Visual Arts” has 90 practices and “Cinema” has 40 practices.

So, the differenc",True,0.0
pie_236,pie_chart,Which age group has the highest percentage of healthcare spe,18-45,The **18–45** age group has the highest percentage of healthcare spending at **3,True,0.0
pie_430,pie_chart,What percentage of the food and beverage industry distributi,15%,Convenience Stores make up **15%** of the food and beverage industry distributio,True,0.0
area_chart_163,area_chart,What was the highest productivity recorded in the given year,250 units in 2020,The highest productivity recorded was **250 units in 2020**.,True,0.0
radar_42,radar,Which category had the highest increase in its figures from ,Fertilizer Use (kg),"From the chart, the Q1 to Q4 changes are:

- **Crop Yield:** 300 → 350 = **+50**",True,0.0
bubble_287,bubble,What is the dropout rate at Harvard University?,2%,Harvard University’s dropout rate is 2%.,True,0.0
line_num_99,line_chart_num,How many arrests were made in 2014?,600,"In **2014**, the number of arrests was **600**.",True,0.0
radar_276,radar,What is the score for Cost Efficiency for a Medium Law Firm?,65,The **Cost Efficiency** score for a **Medium Law Firm** is **70**.,True,0.0
multi-axes_97,multi-axes,What was the renewable energy consumption in trillion Btu fo,3400 trillion Btu,"From the chart, renewable energy consumption in **2013** was **3,550 trillion Bt",True,0.0
173,treemap,What percentage of the renewable energy utilization is accou,21%,"From the treemap:

- **Geothermal = 15%**
- **Nuclear = 12%**

So together:

**1",False,0.0
171,treemap,How much larger is the market share of Single-Family Homes c,25%,"From the chart:

- **Single-Family Homes:** 30%
- **Condominiums:** 15%

So, **S",False,0.0
9,funnel,What is the combined percentage of Email and Blogs and Forum,8%,"The chart shown is a **ticketing system funnel** with stages like:

- Online Boo",False,0.0
line_202,line_chart,How much did the retail store sales increase from Q1 2021 to,140,"Retail store sales increased from **200** in Q1 2021 to **340** in Q4 2021.

**I",True,0.0
bar_num_387,bar_chart_num,How many breakfast meals are served in the South region?,110,"In the South region, **110 breakfast meals** are served.",True,0.0
heatmap_239,heatmap,Which category has the lowest average Internet speed?,Messaging Apps,"From the chart, the **average Internet speed** values appear to be:

- Search En",True,0.0
rose_74,rose,How many more full-time employees are there than contractors,300,"From the chart:

- Full-time Employees = 420
- Contractors = 120

Difference: 42",True,0.0
line_295,line_chart,What is the highest output recorded for Output B throughout ,1100,"The highest recorded value for **Output B** is **1100 units**, in **June**.",True,0.0
bar_num_338,bar_chart_num,How many tournaments were held for Badminton in 2021?,15,Badminton had **15 tournaments** in 2021.,True,0.0
line_484,line_chart,By how much did smartphone usage increase from 2011 to 2018?,50,"Smartphone usage increased from **50% in 2011** to **100% in 2018**.

So, the in",True,0.0
bar_num_130,bar_chart_num,What is the ratio of active users to total users for Twitter,0.75,"For Twitter:

- Total users = 0.8 million
- Active users = 0.6 million

Ratio of",True,0.0
line_292,line_chart,By how much did tablet use(%) increase from 2013 to 2015?,15%,"Tablet use increased from **15% in 2013** to **30% in 2015**.

So, the increase ",True,0.0
radar_80,radar,How much higher is the fuel efficiency of a plane compared t,285 MPG,"From the chart, the **plane** has a fuel efficiency of **5 MPG**, and the **carg",False,0.0
180,treemap,What percentage of freight volume is transported by air?,15%,Air transports **15%** of the freight volume.,True,0.0
area_chart_195,area_chart,What was the healthcare spending in 2019?,3400 million,The healthcare spending in **2019** was **3400 million**.,True,0.0
pie_114,pie_chart,How much larger is the production share of Automobiles compa,20%,"From the chart:

- **Automobiles** = **27.3%**
- **Medical equipment** = **9.1%*",True,0.0
line_num_307,line_chart_num,How many more million airline passengers were there in July ,1.4 million,"From the chart:

- **February airline passengers** = **2.8 million**
- **July ai",True,0.0
pie_50,pie_chart,What is the percentage of research in Computer Science?,25%,The percentage of research in **Computer Science** is **22.7%**.,True,0.0
pie_189,pie_chart,What percentage of the US housing market in 2023 is made up ,18%,Townhouses make up **18%** of the US housing market in 2023.,True,0.0
bubble_279,bubble,What is the capital investment for wind energy?,$160 billion,"From the chart, the **capital investment for wind energy is 20**.

If you want, ",False,0.0
line_341,line_chart,What was the average salary in the year 2023?,8000,"The average salary in **2023** was **$8,000**.",True,0.0
rose_109,rose,Which beverage has the lowest sales volume according to the ,Tea,"According to the chart, **Tea** has the lowest sales volume, at **20**.",True,0.0
heatmap_101,heatmap,Which country has the lowest infant mortality rate?,Japan,"Japan has the lowest infant mortality rate, at 2.8 per 1,000 live births.",True,0.0
278,treemap,What is the percentage difference between Social Networking ,30%,"From the treemap, **Social Networking = 30%** and **Blogging Platforms = 8%**.

",True,0.0
80,treemap,What percentage of the initiatives is allocated for Water Co,15%,Water Conservation is allocated **15%** of the initiatives.,True,0.0
area_chart_263,area_chart,How many artists are associated with the Visual Arts categor,150,The **Visual Arts** category has **150 artists**.,True,0.0
pie_238,pie_chart,"What percentage of energy consumption in the USA, 2023, is f",15%,"Natural gas accounts for **15%** of energy consumption in the USA in 2023, accor",True,0.0
radar_255,radar,Which aspect has the highest rating for Court A?,Judicial Fairness,"For **Court A**, the **highest rating** is **Case Clearance**, with a score of *",False,0.0
radar_67,radar,What is the Teacher-Student Ratio at Lee University?,12,The Teacher-Student Ratio at **Lee University** is **10:1**.,False,0.0
multi-axes_169,multi-axes,How many trees were planted in the year 2019?,"36,000","In **2019**, **36,000 trees** were planted.",True,0.0
bar_num_327,bar_chart_num,Which region has the highest number of sports fans according,Asia,"According to the chart, **Asia** has the highest number of **sports fans**, with",True,0.0
bar_num_70,bar_chart_num,By how much did the company's profits increase from 2020 to ,$20 billion,"From the chart, profits were:

- **2020:** 80
- **2021:** 100

So the increase i",True,0.0
area_chart_165,area_chart,By how much did the number of Instagram users increase from ,110 users,"Instagram users increased from **120** in January to **230** in June.

So, the i",True,0.0
heatmap_161,heatmap,What is the air pollution level listed for Germany?,35 ppm,Germany’s air pollution level is **50 ppm**.,False,0.0
multi-axes_176,multi-axes,"Which category has a higher total expense, Pharmaceuticals o",Hospitals,"From the chart, **Hospitals** has the higher total expense.

- **Hospitals:** ab",True,0.0
rose_45,rose,By how many tonnes is the production of wheat more than the ,40000 tonnes,"From the chart:

- **Wheat** = **80,000 tonnes**
- **Sorghum** = **40,000 tonnes",True,0.0
38,funnel,How much larger is the Banking sector's market share compare,15%,The chart shown does not include any data for **Banking** or **Real Estate** in ,False,0.0
line_22,line_chart,Which country has the smallest population according to the d,Canada,"According to the chart, **Canada** has the smallest population, at about **38 mi",True,0.0
pie_87,pie_chart,How much larger is Facebook's usage percentage compared to I,20%,"Facebook usage is 35% and Instagram usage is 15%.

So, Facebook is 20 percentage",True,0.0
214,histogram,What is the combined percentage of the pharmaceuticals and h,33%,"The chart shown is about **employee job satisfaction levels**, not **pharmaceuti",False,0.0
line_300,line_chart,In which year was the difference between Gross Domestic Prod,2004,"From the chart:

- 2001: |10 - 12| = 2  
- 2002: |12 - 14| = 2  
- 2003: |14 - 1",True,0.0
line_num_451,line_chart_num,How much did the online store revenue increase from 2017 to ,70 million dollars,The online store revenue increased from **$40 million** in 2017 to **$110 millio,True,0.0
rings_193,rings,How much larger is the Profit ratio compared to Market Share,22%,"From the chart:

- **Profit = 33%**
- **Market Share = 11%**

So, **Profit is 22",True,0.0
candlestick_30,candlestick,On what date was the Closing Price exactly $11.4?,2019-07-28,"The Closing Price was exactly **$11.4 on July 28, 2019**.",True,0.0
106,treemap,What percentage of research funding is allocated to Computer,15,Computer Science is allocated **15%** of the research funding.,True,0.0
line_346,line_chart,Which website had decreasing number of users from 2016 to 20,Users A,"From 2016 to 2017, the websites with a decreasing number of users were:

- **Web",False,0.0
rose_70,rose,What is the value for Psychology majors?,70,The value for **Psychology** majors is **70**.,True,0.0
radar_92,radar,Which sector has the lowest Operating Cost (%) as per the da,Banking,"The sector with the lowest **Operating Cost (%)** is **Banking**, at **60%**.",True,0.0
line_111,line_chart,How much is Salary C for the UK?,5000,Salary C for the **UK** is **4000**.,False,0.0
candlestick_43,candlestick,What was the Lowest Price of the stock in February 2020?,$54,The lowest price in **February 2020** was **54**.,True,0.0
heatmap_103,heatmap,"What is the crime rate in Los Angeles per 100,000 residents?",250,"The crime rate in **Los Angeles** is **250 per 100,000 residents**.",True,0.0
bubble_133,bubble,In which category did sales exceed the advertising budget by,Clothing,"To find where **sales exceeded the advertising budget by the largest margin**, c",True,0.0
line_2,line_chart,Which region has the highest percentage of voter participati,West,"The **West** region has the highest voter participation, at **75%**.",True,0.0
bar_num_125,bar_chart_num,Which region has the highest vegetable production?,South America,"South America has the highest vegetable production, with **5,000 tonnes**.",True,0.0
72,treemap,What is the sum of the percentages allocated to Conservation,40%,"Conservation Efforts is 25% and Sustainable Agriculture is 15%.

Their sum is 40",True,0.0
114,funnel,How much larger is the market share of Professional Sports t,18%,The chart shown is an **engagement funnel for Arts and Culture in 2020** with st,False,0.0
rings_88,rings,What is the percentage ratio for Traffic Sources?,7%,"From the chart, **Traffic Sources = 8%**.

Breakdown shown:
- User Engagement: 3",False,0.0
line_306,line_chart,What is the price difference of Product C between February a,1,"Product C costs **7** in February and **8** in March, so the price difference is",True,0.0
candlestick_22,candlestick,What was the high price of the market on 2021-02-05?,$47.5,The high price on **2021-02-05** was approximately **45.5**.,True,0.0
heatmap_236,heatmap,How much did Football generate from TV Rights?,400 million,Football generated **400 million** from **TV Rights**.,True,0.0
60,histogram,What percentage of funding is going toward Environmental Cau,15%,"The chart shown is about **annual electricity production by energy source**, not",False,0.0
line_num_496,line_chart_num,How many million units of robots were produced globally in 2,9,"In 2020, global robot production was **9 million units**.",True,0.0
pie_109,pie_chart,By what percentage is Automation more prevalent than Robotic,10%,"Automation is **30%** and Robotics is **20%**.

The percentage by which Automati",True,0.0
line_381,line_chart,By how much did the Average Home Price increase from 2018 to,"$60,000",The Average Home Price increased from **180 thousand dollars** in 2018 to **240 ,True,0.0
bar_num_457,bar_chart_num,How many total houses are there in the South West region?,450,The South West region has **450 houses**.,True,0.0
rose_195,rose,What is the value difference between Climate Change and Air ,50,"From the chart:

- **Climate Change** = **90**
- **Air Quality** = **40**

**Dif",True,0.0
0,histogram,How much is the yield for rice?,960 metric tons,The yield for **rice** is **960 metric tons**.,True,0.0
radar_224,radar,What is the food and beverage revenue score in Q2?,82,The **Food and Beverage Revenue** score in **Q2** is **75**.,True,0.0
rings_144,rings,What percentage of the ratios is allocated to Employee Engag,15%,Employee Engagement is allocated **15%** in 2023.,True,0.0
rose_69,rose,How many employees are involved in Training and Development?,50,Training and Development involves **50 employees**.,True,0.0
pie_44,pie_chart,How much greater is the percentage of people with Primary ed,25%,"Primary is **45%** and Tertiary is **20%**.

So, the percentage of people with P",True,0.0
heatmap_202,heatmap,Which region has the largest amount of pasture land in hecta,South America,"South America has the largest amount of pasture land, with **400,000 hectares**.",True,0.0
bubble_295,bubble,What is the Citizen Satisfaction score for Germany?,75,Germany’s Citizen Satisfaction score is **75**.,True,0.0
line_248,line_chart,What is the efficiency percentage in August?,85%,The efficiency percentage in **August** is **86%**.,True,0.0
candlestick_25,candlestick,On which date did the stock have the lowest closing price?,2019-05-03,"From the candlestick chart, the **lowest closing price** appears on **May 04**.
",False,0.0
line_477,line_chart,What is the maximum average spending reported in the given m,$200,"The maximum average spending is **$200**, reported in **April** and **November**",True,0.0
3,funnel,What percentage is allocated to Compensation and Benefits ac,25%,The chart shown is about **Social Media Engagement – Web Trends in 2020** with s,False,0.0
bar_num_7,bar_chart_num,How much more non-renewable energy does Asia consume compare,"10,000 MWh","From the chart, **Asia** has:

- **Renewable energy:** 20,000 MWh  
- **Non-rene",True,0.0
line_17,line_chart,What is the total sales volume of Beverage B over the period,360 tons,"Beverage B sales from 2018 to 2021 are:

- 2018: 60 tons
- 2019: 80 tons
- 2020:",True,0.0
rings_284,rings,What is the ratio for Manufacturing?,17%,"Manufacturing is **17%** of the total, so its ratio is **17:100**.",True,0.0
rose_75,rose,How many more full-time employees are there compared to cont,60,"From the chart:

- Full-time employees = 80
- Contract employees = 20

Differenc",True,0.0
heatmap_221,heatmap,Which research topic has the highest percentage in Sociology,"Linguistics and Anthropology, both at 25%","In the **Sociology** row, the highest percentage is **25%**.

The research topic",True,0.0
line_num_478,line_chart_num,What is the production of Product C in March?,3000,The production of **Product C in March** is **3000 units**.,True,0.0
41,histogram,What percentage of the population has at least a Bachelor's ,41.4%,"“At least a Bachelor’s degree” includes:

- Bachelor’s Degree: 18.4%
- Postgradu",True,0.0
103,treemap,How much greater is the market share percentage for Dairy Pr,8%,"From the treemap:

- **Dairy Products** = **15%**
- **Confectionery** = **10%**
",False,0.0
line_373,line_chart,Which art movement saw the highest number of paintings produ,Baroque,"For **Painting D**, the highest number of paintings was produced during the **Ba",True,0.0
bubble_72,bubble,What is the Bureaucratic Complexity score of the Climate Cha,400,The **Bureaucratic Complexity score** of **Climate Change Policies** is **400**.,True,0.0
line_203,line_chart,How many Facebook users were there in 2017?,3000,"In 2017, Facebook had **3000 users** according to the chart.",True,0.0
candlestick_48,candlestick,What was the increase in closing price from 2019-05-01 to 20,$20,"From the chart:

- Closing price on **2019-05-01**: **150**
- Closing price on *",True,0.0
pie_115,pie_chart,What percentage of people favor baseball over hockey accordi,20%,"According to the chart:

- **Baseball:** 20%
- **Hockey:** 15%

So, **5% more pe",True,0.0
rings_102,rings,Which category has the highest ratio?,Online Shopping,The category with the highest ratio is **Online Shopping**.,True,0.0
radar_236,radar,Which product category has the smallest difference in scores,Service Quality,"From the chart, comparing **Cafe B** vs **Restaurant B**:

- **Coffee Quality:**",True,0.0
333,funnel,What is the difference in value between Cultivation and Dist,600,"Cultivation is **1000** and Distribution is **400**.

**Difference = 1000 - 400 ",True,0.0
243,histogram,"What percentage of the market share does ""Bakery and Snack F",17%,"The chart shown is about **monthly active users of social media platforms**, not",False,0.0
166,treemap,What is the combined percentage of Classicism and Impression,33%,"Classicism is 18 and Impressionism is 15.

Combined: **18 + 15 = 33%**.",True,0.0
rose_73,rose,What is the value assigned to Pollution according to the cha,60,"According to the chart, **Pollution = 60**.",True,0.0
line_464,line_chart,What is the average GPA for Grade 11?,3.4,The average GPA for **Grade 11** is **3.5**.,True,0.0
line_16,line_chart,What was the unemployment rate in the year when the tax rate,5.2%,"The tax rate was **41% in 2003**, and the **unemployment rate** that year was **",True,0.0
heatmap_245,heatmap,Which country has the lowest coal consumption according to t,Japan,"According to the heatmap, **Japan** has the lowest coal consumption, at **100.4 ",True,0.0
bar_num_491,bar_chart_num,How many more million daily active users does Twitter have c,340 - 1.85 = 338.15 million more daily active users,"From the chart, Twitter has **340 million** daily active users and Facebook has ",True,0.0
240,histogram,Which crop type has the lowest percentage distribution in gl,Sugar Crops,"The image shown is about **CO2 emissions by energy source**, not **global agricu",False,0.0
pie_111,pie_chart,Which platform has the lowest usage percentage according to ,LinkedIn and Snapchat,The platforms with the lowest usage percentage are **LinkedIn** and **Snapchat**,False,0.0
candlestick_1,candlestick,On which date did the stock reach the highest high price?,2019-05-21,The stock reached its highest high price on **May 21**.,False,0.0
rings_202,rings,"What is the ratio difference between ""Profit"" and ""Revenue"" ",30%,"From the chart:

- **Profit = 43%**
- **Revenue = 13%**

So:

- **Difference in ",True,0.0
line_num_379,line_chart_num,How much does the viscosity increase when the temperature ri,1.2 cP,"From the graph:

- At **500 K**, viscosity = **2.4 cP**
- At **600 K**, viscosit",True,0.0
rose_33,rose,Which sector has the highest allocation of government resour,Healthcare,"The sector with the highest allocation is **Healthcare**, with **60 resources** ",True,0.0
radar_139,radar,What is the quality score of dance?,90,The **quality score of Dance** is **95**.,True,0.0
52,treemap,What is the market share percentage of Dairy Products?,10%,The market share of **Dairy Products** is **22%**.,False,0.0
candlestick_14,candlestick,What was the High Price on 2019-06-15?,$12.2,The **High Price on 2019-06-15** was **12.2**.,True,0.0
bubble_158,bubble,Which university has the highest research output score?,MIT,"MIT has the highest research output score, with a score of 92.",True,0.0
line_360,line_chart,What was the tax rate when the voter turnout was 70%?,30%,"When voter turnout was **70%** in **2019**, the **tax rate was 30%**.",True,0.0
line_169,line_chart,What was the increase in health care spending from 2000 to 2,$2.5 trillion,"From the chart, health care spending was about **1.4 trillion dollars** in 2000 ",True,0.0
bar_num_244,bar_chart_num,How much higher is the Restaurant Revenue in USA compared to,$10 billion,"From the chart, **Restaurant Revenue** is:

- **USA:** 100 billion  
- **UK:** 9",True,0.0
235,histogram,What is the combined percentage of Clothing and Home & Garde,35%,"The image shown is a bar chart of **average hospital visits by age group**, not ",False,0.0
174,funnel,Which housing category has the smallest market share accordi,Mobile Homes,"The chart shown is about **healthcare stages**, not housing categories.

From th",False,0.0
rings_56,rings,What is the combined ratio of Education and Human Developmen,49%,"From the chart for 2023:

- **Education = 30**
- **Human Development = 18**

Com",True,0.0
rose_282,rose,What is the sales value for Spirits from the given data?,80,The sales value for **Spirits** is **80**.,True,0.0
heatmap_295,heatmap,How much is the median home price in Philadelphia?,"$350,000","The median home price in Philadelphia is **$350,000**.",True,0.0
line_220,line_chart,What is the total Renewable Energy Usage from January to Apr,1750,"Renewable Energy Usage from **January to April**:

- January: **400 kWh**
- Febr",True,0.0
heatmap_211,heatmap,What is the Theater score for France?,35,France’s **Theater** score is **35**.,True,0.0
line_414,line_chart,What is the difference in average score between the 8th grad,10,"The average score in:

- **8th grade** = **95**
- **12th grade** = **85**

**Dif",True,0.0
line_num_47,line_chart_num,How many more students are enrolled in 11th grade compared t,1500 students,"11th grade has **1,500 more students** than 8th grade.

Calculation: **4500 - 30",True,0.0
candlestick_2,candlestick,What was the range between the High Price and Low Price on 2,$4.1,"On **2019-04-24**, the **High Price** was about **16.4** and the **Low Price** w",True,0.0
rings_221,rings,Which category has the smallest ratio in the Energy Utilizat,Hydroelectricity,"The category with the smallest ratio is **Hydroelectricity**, at **10%**.",True,0.0
85,treemap,What is the percentage difference between Social Networking ,30%,"From the chart:

- **Social Networking = 35**
- **Blogging Platforms = 10**

Dif",False,0.0
pie_451,pie_chart,How much more is Irrigation Water's percentage compared to I,15%,"Irrigation Water is **15 percentage points more** than Industrial Water.

- **Ir",True,0.0
line_305,line_chart,What is the Median Home Price in the year 2023?,430,The median home price in **2023** is **$430 million** according to the chart.,True,0.0
radar_152,radar,Which category has shown a consistent increase of 5 units pe,All of them,"From the chart, **all categories** show a consistent increase of **5 units per q",False,0.0
bar_num_432,bar_chart_num,What is the total number of Literature and History courses t,420,"For **France**:

- **Literature**: 220
- **History**: 200

**Total = 220 + 200 =",True,0.0
bubble_62,bubble,Which department has the highest annual turnover percentage?,HR,The **HR department** has the highest annual turnover percentage at **20%**.,True,0.0
88,histogram,What profit margin range has the lowest frequency of busines,40-45%,"The **40–45%** profit margin range has the **lowest frequency**, with only **1 b",True,0.0
heatmap_102,heatmap,How many days is the average hospital stay for patients with,5,The average hospital stay for patients with **diabetes** is **5 days**.,True,0.0
rose_280,rose,What is the Value difference between Green Building and Wast,70,"From the chart:

- **Waste Management** = **90**
- **Green Building** = **20**

",True,0.0
candlestick_28,candlestick,On which date was the closing price the highest within the g,2019-04-30,"The highest closing price was on **Apr 30, 2019**.",True,0.0
line_106,line_chart,In which year did the US hit the peak of its average carbon ,2020,"The peak was in **2020**, with average carbon emissions of **700 tons**.",True,0.0
pie_16,pie_chart,What percentage of employees falls within the 26-35 age grou,30%,The **26–35 age group** makes up **30%** of employees.,True,0.0
109,funnel,What is the percentage of market share for Intermodal transp,5%,The chart shown is **“Food and Beverage Industry Growth in 2021”** with funnel s,False,0.0
232,histogram,How many individuals have 9-11 years of education?,3500,"The **9–11 years** education group has **3,500 individuals (in thousands)**, i.e",True,0.0
line_481,line_chart,At what pressure is the volume of the gas 7 Liters?,30 psi,"From the graph, the gas volume reaches **7 liters** at about **30°C**.

At that ",True,0.0
line_497,line_chart,By how much did the revenue increase from 2020 to 2023?,$30000,"Revenue increased from **20,000** in 2020 to **50,000** in 2023.

**Increase = 5",True,0.0
rings_143,rings,What is the difference in ratio between Statutory Regulation,2%,"From the chart:

- **Statutory Regulation = 25**
- **Case Law = 25**

So their r",True,0.0
100,treemap,What is the market share percentage of Fresh Produce?,15%,Fresh Produce has a market share of **15%**.,True,0.0
line_num_76,line_chart_num,What are the Reading Scores for the 7th grade?,90,The **7th grade Reading score** is **90**.,True,0.0
heatmap_285,heatmap,Which country has the highest Renewable Energy Generation in,The United States,The **United States** has the highest **Renewable Energy Generation** at **500 M,False,0.0
candlestick_23,candlestick,What was the high price exactly one week after the lowest lo,$81.2,"The **lowest low price** was recorded on **Jun 14** at about **74.1**.

Exactly ",True,0.0
radar_244,radar,What is the energy efficiency ratio of Wind Power?,85%,The **energy efficiency ratio of Wind Power** is **50%**.,False,0.0
bar_num_235,bar_chart_num,How many more nurses are there in Asia compared to North Ame,150,"From the chart:

- **Asia nurses:** 600  
- **North America nurses:** 450  

**D",True,0.0
rose_36,rose,What is the sum of the production values for soybeans and st,28,"From the chart:

- **Soybeans** = 15  
- **Strawberries** = 13  

**Sum = 28**.",True,0.0
line_499,line_chart,Which month has the highest in-store sales?,May,"The highest **in-store sales** occur in **May**, with sales of **1200**.",True,0.0
line_84,line_chart,Which product had the lowest production output in April?,Production D,"In April, **Production D** had the lowest output, with **800 units**.",True,0.0
rings_118,rings,Which category has the highest ratio according to the Human ,Employee Performance,The category with the highest ratio is **Employee Performance** at **30%**.,True,0.0
pie_500,pie_chart,Which mode of transport has the smallest share in the USA in,Water and Pipeline,"The smallest share is **Water and Pipeline**, tied at **5% each**.",True,0.0
bubble_89,bubble,Which department has the smallest employee size and what is ,HR; 8%,"The smallest employee size is **40**.

The departments with **40 employees** are",False,0.0
rose_299,rose,How many people utilized Air transport for logistics in 2021,80,Air transport was utilized by **80 people** in 2021.,True,0.0
53,histogram,What is the difference in yield between potato and tomato cr,7.8 tons per hectare,"From the chart:

- **Potato yield:** 17.5 tons/hectare  
- **Tomato yield:** 25.",True,0.0
heatmap_172,heatmap,Which state has the highest healthcare expenditure per capit,New York,"New York has the highest healthcare expenditure per capita, at **550**.",True,0.0
106,funnel,What percentage of research funding is allocated to Computer,15,The chart shown is about **Project Advancement in Science and Engineering in 202,False,0.0
line_20,line_chart,How much time does it take for the object to cover a distanc,4 seconds,"From the graph, the distance reaches **40 meters** at **4 seconds**.

**Answer: ",True,0.0
256,histogram,How many countries have annual CO2 emissions greater than or,21,Countries with emissions **greater than or equal to 350 million metric tons** fa,False,0.0
line_408,line_chart,In which month was the difference in sales between online an,March,"From the chart:

- January: |1000 - 1200| = 200  
- February: |1500 - 1000| = 50",True,0.0
line_num_470,line_chart_num,What was the renewable energy production in 2022?,900 megawatts,The renewable energy production in **2022** was **900**.,True,0.0
bar_num_251,bar_chart_num,Which country has the highest carbon emissions according to ,USA,"According to the chart, the **USA** has the highest carbon emissions at **600 mi",True,0.0
candlestick_32,candlestick,What is the lowest low price reported over these months?,$100,"The lowest low price shown is **2,500**, in **May 2020**.",False,0.0
line_93,line_chart,How many people attended Basketball events in 2003?,1300,Basketball attendance in **2003** was **1300**.,True,0.0
rings_30,rings,What is the ratio for 'Facility Quality'?,10%,The ratio for **Facility Quality** is **10%** (or **0.10** of the whole).,True,0.0
bubble_123,bubble,What is the Economic Impact of the Defense policy area?,$450 billion,The **Economic Impact** of the **Defense** policy area is **450 billion dollars*,True,0.0
36,treemap,What is the value difference between a Master's degree and a,20,The value difference between a **Master’s degree** and a **Doctorate degree** is,False,0.0
heatmap_166,heatmap,What is the Defense Spending (Billions) of the United Kingdo,150,The United Kingdom's **Defense Spending** is **160 billion**.,True,0.0
rose_177,rose,What is the value for the age group 19-35?,900,The value for the **19–35** age group is **900**.,True,0.0
pie_299,pie_chart,How much more is Rice’s percentage compared to Soybean in th,30%,"Rice is **35%** and Soybean is **5%**.

So, Rice’s percentage is **30 percentage",True,0.0
candlestick_49,candlestick,What was the high price on 2019-05-06?,33.1,The **high price on 2019-05-06** was **32.9**.,True,0.0
line_384,line_chart,What is the average BMI for the 45-55 age group?,32,The average BMI for the **45–55** age group is **32**.,True,0.0
radar_83,radar,What is the average cost for commercial property?,50,The average cost for **commercial property** is **$50**.,True,0.0
328,funnel,What is the difference in value between the Planting and Har,450,"Planting is **750** and Harvesting is **300**.

**Difference = 750 - 300 = 450**",True,0.0
bar_num_461,bar_chart_num,How many more theaters are there in France compared to the U,6,"France has **6 more theaters** than the USA.

- **France:** 46 theaters  
- **US",True,0.0
rings_32,rings,How much higher is the ratio of Hospitality Services than Re,19%,"From the chart:

- **Hospitality Services = 32**
- **Revenue Generation = 13**

",True,0.0
163,treemap,"What is the value for the ""Initial Consultation"" stage?",1000,"The image does not show an **""Initial Consultation""** stage. It’s a treemap with",False,0.0
heatmap_3,heatmap,How much government spending is dedicated to Healthcare?,200 billion USD,Government spending dedicated to **Healthcare** is **200 billion USD**.,True,0.0
line_212,line_chart,By how many percentage points does the Hotel Room Occupancy ,5 percentage points,The Hotel Room Occupancy Rate decreases from **75% in March** to **50% in April*,True,0.0
33,histogram,Which grade level has an average test score of 85.3?,Middle School,"No grade level has an average test score of exactly **85.3** in the chart.  
The",True,0.0
rose_43,rose,By how much does Crop Production exceed Horticulture in valu,35,"Crop Production is **35 units** higher than Horticulture.

- **Crop Production:*",True,0.0
line_435,line_chart,How many more visitors did museums have compared to cinemas ,600 visitors,"In **January 2021**:

- **Museum visitors:** 1000  
- **Cinema visitors:** 1400 ",False,0.0
line_num_256,line_chart_num,What is the average salary for the 30-35 age group?,82000,"The average salary for the **30–35** age group is **$82,000**.",True,0.0
candlestick_50,candlestick,What was the low price for the stock on 2019-05-01?,125.8,The low price on **2019-05-01** was **125.8 USD**.,True,0.0
pie_312,pie_chart,What percentage of the distribution is accounted for by Meat,15%,Meat and Poultry accounts for **15%** of the distribution.,True,0.0
rings_296,rings,What percentage of the Education Quality Measurement is attr,18%,School Administration accounts for **18%** of the Education Quality Measurement.,True,0.0
line_448,line_chart,In which year did property crimes see the least reduction co,2004,"Property crimes saw the **least reduction in 2004**.

Year-to-year reductions:
-",True,0.0
radar_294,radar,What is the difference in Visitor Satisfaction between Galle,10,"From the chart, **Visitor Satisfaction** is:

- **Gallery B:** 72  
- **Gallery ",False,0.0
49,treemap,How much greater is the value for Research compared to Imple,60,Research is **20 units greater** than Implementation.,False,0.0
bubble_164,bubble,Which company has the largest User Base according to the dat,Google,"According to the chart, **Amazon** has the largest user base, with **386 million",False,0.0
line_68,line_chart,What was the profit of the XYZ Company in 2021?,$5000,"The profit of XYZ Company in **2021** was **5,000**.",True,0.0
heatmap_175,heatmap,Which platform has the highest percentage of usage in the We,LinkedIn,"In the **Web** category, **LinkedIn** has the highest usage at **90%**.",True,0.0
rose_194,rose,How much higher is the popularity of Groceries compared to B,60,"From the chart:

- **Groceries** = 80
- **Books** = 20

So, **Groceries is 60 po",True,0.0
66,histogram,What percentage of the efforts is dedicated to Conservation ,25%,"The chart shown is about **educational attainment**, not effort categories like ",False,0.0
275,funnel,What is the combined percentage of Beverage Manufacturers an,20%,"The chart shown is a **web traffic funnel**, not a **Food and Beverage Industry ",False,0.0
line_498,line_chart,In which month is the difference between the bakery sales an,March,"From the chart:

- **Bakery sales**: Jan 100, Feb 120, Mar 150, Apr 180, May 130",True,0.0
bar_num_151,bar_chart_num,What is the GDP Growth Rate of Germany?,1.8%,"From the chart, **Germany's GDP Growth Rate is 2.5%**.",False,0.0
242,histogram,What is the consumption of Hydroelectric energy?,900 TWh,The consumption of **Hydroelectric energy** is **900 TWh**.,True,0.0
line_467,line_chart,In which year did the number of tourists increase the most c,2020,"The number of tourists increased the most in **2016** compared to **2015**.

Yea",True,0.0
rings_184,rings,What is the combined percentage ratio of overhead and machin,36%,"Overhead is **11%** and Machinery is **25%**.

So, the combined percentage is:

",True,0.0
candlestick_24,candlestick,What was the highest Low Price ($) recorded across the given,$70.5,"The highest **Low Price ($)** recorded was **$71.9**, on **Aug 25**.",True,0.0
pie_416,pie_chart,What is the combined percentage of donations from 'Foundatio,15%,"From the chart:

- **Foundations** = **10%**
- **Special Events** = **5%**

**Co",True,0.0
heatmap_260,heatmap,What is the Average Daily Rate for a hotel room in France?,$200,The **Average Daily Rate** for a hotel room in **France** is **$200**.,True,0.0
candlestick_40,candlestick,What was the High Price on the date when the Lowest Closing ,357$,"The lowest **Closing Price** was **320**, recorded on **Mar 2, 2019**.

On that ",True,0.0
line_num_89,line_chart_num,By how much did Production A exceed Production C in Q1?,100 thousand,"In **Q1**:

- **Production A** = **500**
- **Production C** = **600**

So, Produ",True,0.0
160,treemap,What is the value for the 'Feasibility Study' stage?,60,The image shown is about **online usage distribution across internet activities ,False,0.0
rose_243,rose,What is the combined value of Sustainable Agriculture and En,40,"From the chart:

- **Sustainable Agriculture = 30**
- **Environmental Conservati",True,0.0
line_234,line_chart,What was the average temperature in the year 2003?,26.5 degrees Celsius,The average temperature in **2003** was **26.5°C**.,True,0.0
bubble_66,bubble,How much is the difference in revenue between basketball and,$31 billion,"From the chart:

- **Basketball revenue:** **$40 billion**
- **Baseball revenue:",True,0.0
bar_num_362,bar_chart_num,How much more livestock does Brazil produce compared to Mexi,5 million tons,"From the chart, livestock production is:

- **Brazil:** 35
- **Mexico:** 30

So,",True,0.0
50,histogram,"How many nonprofits received donations in the range of $50,0",18,"The donation range **$50,000–$100,000** corresponds to **18 nonprofits**.",True,0.0
radar_81,radar,Which court has the highest conviction rate?,International Court,"The **Federal Court** has the highest conviction rate, at **88%**.",False,0.0
line_244,line_chart,How many millions of Instagram users were there in 2015?,50 million,"In **2015**, Instagram had **50 million** users.",True,0.0
rings_12,rings,How much greater is the ratio for Artificial Intelligence co,10%,"From the chart for 2023:

- **Artificial Intelligence** = **30%**
- **Internet o",True,0.0
heatmap_26,heatmap,Which city has the highest number of museums?,New York City,"New York City has the highest number of museums, with **50**.",True,0.0
rose_103,rose,How many points does Adventure Tourism have?,25,Adventure Tourism has **30 points**.,False,0.0
169,funnel,What is the combined percentage for Online Gaming and Educat,15%,"The provided image shows a **technology adoption funnel**, not a **Global Intern",False,0.0
candlestick_39,candlestick,On which date was the highest closing price recorded?,2019-06-26,"The highest closing price was recorded on **May 22, 2019**.",True,0.0
pie_288,pie_chart,How much larger is the percentage of spending on Social Secu,10%,"Social Security is **25%** and National Defense is **15%**.

So, the percentage ",True,0.0
line_217,line_chart,What is the difference in average height between the age gro,60 cm,"From the chart:

- Average height for **0–10** = **110**
- Average height for **",True,0.0
line_178,line_chart,How much did the average rent increase from 2014 to 2015?,3,"From the chart, average rent went from **15** to **18** (in **hundreds of dollar",True,0.0
267,treemap,"What is the total percentage for Apartments, Townhouses, and",40%,"The total is **45%**.

- Apartments: **25%**
- Townhouses: **12%**
- Multi-famil",False,0.0
line_num_195,line_chart_num,What was the total increase in take-out sales from 2001 to 2,5,"Take-out sales increased from **15** in 2001 to **20** in 2004.

**Total increas",True,0.0
rings_231,rings,What percentage of the chart does Music Appreciation represe,25%,Music Appreciation represents **25%** of the chart.,True,0.0
96,histogram,How many companies have an average yearly revenue of less th,37,Companies with average yearly revenue of less than $5 million are in these two c,True,0.0
rose_250,rose,"What value does the ""Performance Management"" category have?",17,The **Performance Management** category has a value of **15**.,False,0.0
radar_289,radar,What is the client satisfaction score for Employment Law?,89,The **client satisfaction score for Employment Law** is **90**.,True,0.0
heatmap_58,heatmap,What is the solar energy capacity in India?,140 MW,India’s solar energy capacity is **140 MW**.,True,0.0
line_434,line_chart,What is the production output of Product D in April?,1100,Product D’s production output in **April** is **1100 units**.,True,0.0
candlestick_41,candlestick,What was the Low Price on the date when the High Price was t,35.5,"The highest **High Price** is on **Dec 28, 2020** at about **39.2**.

The **Low ",True,0.0
bar_num_8,bar_chart_num,Which country has the highest number of publications in Hist,France,"France has the highest number of publications in **History**, with **430** publi",True,0.0
bubble_159,bubble,How much higher is the job availability in Arts compared to ,25 thousand,"From the chart:

- **Arts job availability** = **50 thousand**
- **Anthropology ",False,0.0
line_267,line_chart,By how much did airline passenger numbers increase from 2002,10 million,"From the chart, airline passenger numbers were:

- **2002:** 110 million  
- **2",True,0.0
pie_388,pie_chart,Which category has the highest percentage in online shopping,Home and Garden,Home and Garden has the highest percentage at 30%.,True,0.0
264,treemap,What is the combined market share percentage of Private Equi,15%,"From the treemap:

- **Private Equity** = 10%
- **Real Estate** = 7%
- **Venture",False,0.0
rings_29,rings,What are the combined ratios of Social Media and Web Design?,30%,"From the chart:

- **Social Media = 15%**
- **Web Design = 15%**

So their **com",True,0.0
184,histogram,What is the combined percentage of the bottom three categori,7%,"The chart shown does not include the categories **Toys & Hobbies, Books, and Sta",False,0.0
72,funnel,What is the sum of the percentages allocated to Conservation,40%,"The chart shown is a **technology user funnel** with stages like Search, Engagem",False,0.0
rose_141,rose,"What is the total value of investment in Stocks, Bonds, and ",195,"From the chart:

- Stocks = 85
- Bonds = 50
- Mutual Funds = 60

Total investmen",True,0.0
heatmap_146,heatmap,How many more tickets were sold for Football compared to Gol,4500000 tickets,"Football sold **5,000,000** tickets and Golf sold **500,000** tickets.

So, the ",True,0.0
line_101,line_chart,How much did Government Spending increase from 2015 to 2021?,$70 billion,Government Spending increased from **100 billion dollars in 2015** to **170 bill,True,0.0
line_num_317,line_chart_num,At what age does the actual calorie intake exceed the recomm,22,The actual calorie intake exceeds the recommended amount at ages **22** and **23,True,0.0
candlestick_16,candlestick,What was the closing price of the stock on 2019-04-15?,55.4,The closing price on **2019-04-15** was **55.4**.,True,0.0
bar_num_115,bar_chart_num,What is the difference in attendance between the Painting an,1700,"From the chart:

- **Painting attendance** = **7,500**
- **Theatre attendance** ",True,0.0
line_59,line_chart,What was the tax rate in the US in 2011?,8.2%,"From the chart, the **US tax rate in 2011 was 8.2%**.",True,0.0
radar_269,radar,What is the score of Teamwork Quality in Q2?,80,The **Teamwork Quality** score in **Q2** is **80**.,True,0.0
line_135,line_chart,How much did Store C Sales increase from January to July?,$150 million,"Store C sales increased from **500** in January to **650** in July.

**Increase ",True,0.0
285,histogram,Which crop type has the highest yield according to the given,Sugarcane,"According to the chart, **Sugarcane** has the highest yield, at **about 1,890 mi",True,0.0
bubble_174,bubble,What is the market capitalization of Facebook in billion dol,800,Facebook’s market capitalization is **1750 billion dollars** (about **$1.75 tril,False,0.0
rose_5,rose,Which HR Category has the least number of employees involved,Diversity and Inclusion,The HR category with the least number of employees involved is **Diversity and I,True,0.0
pie_12,pie_chart,Which age group has the highest percentage in the US populat,45-54,"Among the age groups, **45–54** has the highest percentage at **10%**.",True,0.0
rings_262,rings,What percentage of the Housing Market Analysis does Home Pri,30%,"From the chart, **Home Prices = 25** out of a total of:

- Home Prices: 25
- Mor",True,0.0
heatmap_208,heatmap,In which year did solar energy production reach 1050 kWh?,2020,Solar energy production reached **1050 kWh in 2020**.,True,0.0
bar_num_479,bar_chart_num,How much more did Production B produce in February compared ,100 million,"Production B produced **100 more units** in February than in January.

- **Janua",True,0.0
candlestick_34,candlestick,What was the closing price on 2019-04-29?,385.2,"On **2019-04-29**, the **closing price was 385**.",True,0.0
line_105,line_chart,How many tourists were there in August?,25000,"In **August**, there were **25,000 tourists**.",True,0.0
103,funnel,How much greater is the market share percentage for Dairy Pr,8%,"From the chart:

- **Dairy Products** = **25%**
- **Confectionery** = **15%**

D",False,0.0
158,treemap,What is the combined market share percentage of Condos and T,25%,"Condos are **10%** and Townhouses are **8%**, so their combined market share is ",False,0.0
23,treemap,What percentage is allotted to Law Enforcement?,25%,Law Enforcement is allotted **25%**.,True,0.0
radar_150,radar,Which topic has the highest Societal Impact score according ,Education,"According to the chart, **Culture** has the highest **Societal Impact** score, a",False,0.0
line_159,line_chart,How much did Donation C increase from 2012 to 2015?,200 million dollars,Donation C increased from **300 million dollars** in 2012 to **500 million dolla,True,0.0
line_num_101,line_chart_num,What is the donation amount from Germany?,15000,"Germany’s donation amount is **$15,000**.",True,0.0
line_num_144,line_chart_num,What is the production of Product B in June?,20 million,Product B in June is **20 million**.,True,0.0
line_110,line_chart,In what year was the Energy Output the highest from 2000 to ,2003,"The **Energy Output** was highest in **2003**, at **1400 Mega Watts**.",True,0.0
bar_132,bar_chart,Which country has the highest salary per employee?,USA,"To find the **highest salary per employee**, divide total salary by number of em",True,0.0
bar_num_116,bar_chart_num,Which country has the highest public safety score according ,USA,"According to the chart, the **USA** has the highest **public safety** score, wit",True,0.0
radar_18,radar,What is the difference in public image score between Social ,5,"From the chart:

- **Social Services public image score:** 150  
- **Animal Resc",True,0.0
line_num_241,line_chart_num,How many millions of users did Facebook gain from January to,0.8 million,"Facebook went from **2.0 million** users in January to **2.8 million** in May.

",True,0.0
radar_76,radar,Which activity shows the highest percentage increase from Q1,Program Expenses (%),"From the chart, the Q1 to Q4 values are:

- **Donations Received (%)**: 80 → 95 ",True,0.0
heatmap_15,heatmap,What is the average settlement amount in the area of Corpora,$75000,"The average settlement amount for **Corporate Law** is **$75,000**.",True,0.0
bubble_108,bubble,What is the safety rating for the production of smart phones,8,The safety rating for **smartphones** is **8**.,True,0.0
radar_131,radar,What is the TV rating percentage for the NBA?,85%,The NBA’s **TV rating** is **65%**.,False,0.0
249,funnel,How many more millions of tons are transported by trucking c,192 million tons,"The chart shown is about stages of science and engineering, not transportation, ",False,0.0
line_335,line_chart,Which country has the highest GDP according to the data?,USA,"According to the chart, the **USA** has the highest GDP, at about **21,000 billi",True,0.0
56,treemap,What percentage of government spending is allocated to Socia,25%,"From the chart:

- **Social Security:** 15%
- **Infrastructure:** 10%

Combined:",True,0.0
line_num_122,line_chart_num,How many Instagram users were there in January 2021 (in mill,1000,"In **January 2021**, Instagram had **1000 million** users.",True,0.0
bar_226,bar_chart,How many more graduates does Harvard have compared to Yale?,50,"Harvard has **50 more graduates** than Yale.

- **Harvard graduates:** 1000  
- ",True,0.0
multi-axes_127,multi-axes,How much did the global production of rice increase from 201,103 million tons,"From the chart, global rice production was about **750 million tons** in **2011*",True,0.0
bubble_207,bubble,What is the Impact Score of Intellectual Property Law accord,87,The **Impact Score of Intellectual Property Law** is **90**.,True,0.0
line_num_60,line_chart_num,How many more cases were there in 2004 than in 2000?,800,"From the chart, the **number of cases** was:

- **2000:** 1000  
- **2004:** 180",True,0.0
bar_num_498,bar_chart_num,How many doctors are there in Germany?,23000,"According to the chart, **Germany has 23,000 doctors**.",True,0.0
line_num_291,line_chart_num,By how much did wind energy production exceed solar energy p,400 megawatts,"In 2016:

- Wind energy = **1000 megawatts**
- Solar energy = **600 megawatts**
",True,0.0
radar_3,radar,Which energy source has the lowest efficiency but highest Av,Thermal,"From the chart:

- **Lowest efficiency**: **Solar** at about **90%**
- **Highest",False,0.0
bar_196,bar_chart,Which country has the highest number of doctors per 1000 peo,France,"From the chart, **France** has the highest number of doctors per 1,000 people, a",True,0.0
heatmap_303,heatmap,How many devices per household are there on average in North,5,"In **North America**, the average number of devices per household is **5**.",True,0.0
radar_54,radar,Which element has the lowest Waste Recycling Ratio?,Noise,"From the chart, the **lowest Waste Recycling Ratio** is for **Noise**, at about ",True,0.0
multi-axes_269,multi-axes,How many legal firms were there in the year 2000?,280,"In **2000**, there were **250 legal firms**.",False,0.0
heatmap_195,heatmap,What percentage of total production is corn responsible for?,40%,Corn is responsible for **40%** of total production.,True,0.0
188,funnel,What is the combined percentage of web traffic for Online Ed,20%,"The image shown is a funnel chart about **student engagement**, not web traffic,",False,0.0
line_238,line_chart,How much has the usage of solar energy increased from 2015 t,800 Kwh,"Solar energy usage increased from **1000 kWh in 2015** to **1800 kWh in 2019**.
",True,0.0
89,treemap,What is the combined percentage of grants for Sociology and ,31%,"Sociology is 16% and Psychology is 15%, so combined they account for **31%**.",True,0.0
radar_158,radar,What is the difference between the Streaming Subscriptions r,$600,"Streaming Subscriptions revenue is **$1900 on Monday** and **$2500 on Sunday**.
",True,0.0
radar_79,radar,What is the market share percentage of Bakery Items?,25%,The market share of **Bakery Items** is **25%**.,True,0.0
line_num_152,line_chart_num,In which year did Crop Yield D have the highest yield?,2002,"Crop Yield D had the highest yield in **2002**, with a yield of **1600 tons**.",True,0.0
bar_num_207,bar_chart_num,What is the total energy consumption in the UK according to ,800000 kWh,"According to the chart, the UK has:

- Renewable energy consumption: 250,000 kWh",True,0.0
line_228,line_chart,What is the total number of art galleries visits in the peri,20 million,"From the chart, **Art Galleries Visits** for **2006–2010** is **20 million**.

*",True,0.0
line_num_472,line_chart_num,What is the salary difference between employees in the age g,$10000,"From the chart:

- Age **40–50** salary = **$50,000**
- Age **50–60** salary = *",True,0.0
bubble_263,bubble,How much irrigation water is used for corn compared to cotto,100 billion cubic metres more,"From the chart:

- **Corn** uses about **140 billion cubic meters** of irrigatio",True,0.0
heatmap_6,heatmap,How many planes are there in North America according to the ,400,"According to the heatmap, **North America has 400 planes**.",True,0.0
bubble_154,bubble,What is the Fuel Efficiency difference between Planes and Sh,0.35 Miles/Gallon,"From the chart:

- **Planes fuel efficiency:** **0.45 miles/gallon**
- **Ships f",True,0.0
bar_num_197,bar_chart_num,How many hours does Jack work?,45,Jack works **45 hours**.,True,0.0
multi-axes_128,multi-axes,How much did e-commerce sales increase from 2011 to 2019?,$2318 billion,"From the chart, e-commerce sales were about **$550 billion in 2011** and **$3,00",True,0.0
radar_227,radar,Which energy source has the lowest utility cost according to,Geothermal,"According to the radar chart, **Wind** has the **lowest utility cost**.

Utility",True,0.0
235,funnel,What is the combined percentage of Clothing and Home & Garde,35%,The image does not show **Clothing** or **Home & Garden** categories. It shows f,False,0.0
line_num_39,line_chart_num,How many criminal cases were filed in 2014?,700,"In **2014**, **700 criminal cases** were filed.",True,0.0
line_num_262,line_chart_num,How much did the solar energy capacity increase from 2016 to,100 GW,"Solar energy capacity increased from **80 GW in 2016** to **180 GW in 2020**.

S",True,0.0
bubble_229,bubble,"Out of the materials listed, which has the highest annual pr",Steel,"From the chart, **Steel** has the highest annual production, at **about 1,900 mi",True,0.0
line_449,line_chart,"In which year was the water usage exactly 12,000 liters?",2020,"The water usage was exactly **12,000 liters in 2020**.",True,0.0
219,treemap,How many average hospital visits per person are there in the,3.5,"The image provided is a treemap about **financial sectors**, not hospital visits",False,0.0
line_185,line_chart,In which month did Production A see its highest production n,May,Production A reached its highest production in **May**.,True,0.0
heatmap_203,heatmap,What is the attendance for MLB games in millions?,10,"From the heatmap, **MLB attendance is 10 million**.",True,0.0
multi-axes_263,multi-axes,In which month did Trucks Shipped peak?,July,Trucks Shipped peaked in **July**.,True,0.0
radar_106,radar,Which team scored the lowest on Resource Allocation?,Team A,"On **Resource Allocation**, **Team D** scored the lowest, with a score of **70**",False,0.0
216,treemap,What percentage of healthcare expenditure is allocated to Me,10%,"Mental Health Services is **5%** and Long-Term Care is **5%**.

Combined, they a",True,0.0
bubble_118,bubble,What was the Production Volume in April?,74,"The chart shown is **Employee Details and Performance Index**, with data for age",False,0.0
bubble_73,bubble,Which product has the highest reliability score?,Home essentials,"The product with the **highest reliability score** is **Home essentials**, with ",True,0.0
radar_241,radar,How much higher is Region D's score in Waste Management comp,15,"Region D’s Waste Management score is **10 points higher** than Region A’s.

- **",False,0.0
line_num_240,line_chart_num,How many volunteers were there in the year 2004?,500,There were **500 volunteers** in **2004**.,True,0.0
71,funnel,How much larger is the share of Consumer Electronics compare,19%,The image shown is a funnel chart about **Education Level Achievement in Academi,False,0.0
line_76,line_chart,What was the Number of Likes(million) at the time when Numbe,31,"The Number of Visitors peaked at **23 million** at **06:00**.

At that time, the",True,0.0
line_262,line_chart,By how much did the number of users increase from 2010 to 20,100 million,"From the chart, the number of users was:

- **2010:** 450 million  
- **2011:** ",True,0.0
line_num_175,line_chart_num,By how much did the number of High School graduates increase,20,"From the chart, High School graduates increased from **20** in 2001 to **40** in",True,0.0
line_num_100,line_chart_num,How many millions of dollars in donations were made in 2021?,1200,"In 2021, donations were **1,200 million dollars**.",True,0.0
multi-axes_224,multi-axes,"What is the average session duration of TikTok, according to",45 minutes,"According to the chart, TikTok’s average session duration is **45 minutes**.",True,0.0
heatmap_219,heatmap,How much is the percentage for Sociology in Category.8?,22%,The percentage for **Sociology** in **Category.8** is **21%**.,True,0.0
bar_num_311,bar_chart_num,How much more revenue did the UK generate compared to the US,500 million,"From the chart:

- **UK revenue** = **1500 million**
- **USA revenue** = **1000 ",True,0.0
213,treemap,How much more is the Healthcare budget allocation than the W,$529.8 billion,"The chart shown is for **Law and Legal Affairs**, not for **Healthcare** or **We",False,0.0
bar_num_220,bar_chart_num,Which country has the lowest average time spent on the inter,France,"France has the lowest average time spent on the internet, at **3.0 hours**.",True,0.0
bubble_260,bubble,Which category has the lowest average transaction price?,Home Improvement Stores,The category with the **lowest average transaction price** is **Home Improvement,True,0.0
line_num_276,line_chart_num,By how much did the number of tourists increase from 2001 to,0.8 million,"From the chart, tourists increased from **1.0 million in 2001** to **1.8 million",True,0.0
radar_180,radar,Which organization has the highest focus on Disaster Relief?,Red Cross,"From the radar chart, **Save the Children** has the highest **Disaster Relief Fo",False,0.0
radar_233,radar,Which website has the highest user engagement according to t,Web C,"According to the chart, **Web D** has the highest **User Engagement**.

User Eng",True,0.0
radar_238,radar,Which exhibition has the highest score for 'Accessible for E,Exhibition D,"The **""Accessible for Everyone""** category has the highest score for **Exhibitio",True,0.0
bar_46,bar_chart,"How many total visits to theaters, cinemas, and museums did ",84,"For Germany in 2021:

- Theater visits: 18
- Cinema visits: 28
- Museum visits: ",True,0.0
line_363,line_chart,How much revenue was generated in the month of March?,5 billion dollars,"In **March**, the **revenue generated was 5**.

If the chart’s revenue is in **b",True,0.0
22,funnel,What percentage of the budget is allocated for Energy?,3%,The chart shown is a shopping funnel and does not include any category named **E,False,0.0
radar_282,radar,How much did Residential Sales increase from Q1 to Q4?,15,"From the chart, **Residential Sales** were:

- **Q1:** 60  
- **Q4:** 75  

So t",True,0.0
multi-axes_138,multi-axes,By how much did the Total Sales (in Thousands) increase from,660 thousands,"From the chart, Total Sales were about:

- February: 5,380 (thousand)
- March: 6",True,0.0
line_num_468,line_chart_num,In which year did the Average Water Quality Index reach its ,2004,The Average Water Quality Index reached its highest value in **2004**.,True,0.0
line_num_361,line_chart_num,Which age group has the highest number of employees?,26-30,"The chart does **not show the number of employees** in each age group.

It only ",False,0.0
276,treemap,What percentage of resources is allocated to Legal Services?,15%,Legal Services is allocated **20%** of the resources.,False,0.0
line_438,line_chart,How much did the average home price increase from 2018 to 20,"$50,000","From the chart, the average home price was:

- **2018:** \$300,000  
- **2019:**",True,0.0
bar_num_77,bar_chart_num,How many more attendees were there for Hockey than for Volle,10,"Hockey had **10 more attendees** than Volleyball.

Calculation: **70 - 60 = 10**",True,0.0
line_num_330,line_chart_num,By how much did the investment in Research D increase from 2,100 million dollars,Research D increased from **300 million dollars in 2015** to **400 million dolla,True,0.0
radar_58,radar,What is the Donation Efficiency percentage for the Red Cross,80%,The Red Cross donation efficiency is **70%**.,False,0.0
line_141,line_chart,What is the GDP difference between the UK and Germany?,$1 trillion,"From the chart, the **UK GDP** is about **2.7 trillion dollars** and **Germany’s",True,0.0
bubble_51,bubble,How many factory workers are employed in the production of s,1200 thousand,"The chart appears blank, so there’s no visible data point for smartphones.

If y",False,0.0
line_num_271,line_chart_num,What is the average number of hours on the internet in Septe,10,"In **September**, the average number of hours on the internet is **10 hours**.",True,0.0
210,treemap,What is the value at the Research stage in the Legal Process,60.0,The image provided shows **“Proportional Investments in Sustainability Initiativ,False,0.0
multi-axes_222,multi-axes,How many more training hours do full-time employees have com,1500 hours,"Full-time employees have **1,900 more training hours** than contractors.

- **Fu",False,0.0
bar_219,bar_chart,What is the difference between the average home price in New,"$200,000","The average home price in **New York** is **$600,000**, and in **Chicago** it is",True,0.0
radar_87,radar,Which activity has the highest media coverage per week?,Football,"From the chart, **Football** has the highest **Media Coverage (hrs/week)** at **",True,0.0
bar_num_385,bar_chart_num,Which region has the least number of doctors per 1000 people,Asia,"Asia has the least number of doctors per 1000 people, with 1.8.",True,0.0
line_num_173,line_chart_num,How much were the offline sales in October?,1100 billion dollars,Offline sales in **October** were **1100 billion dollars**.,True,0.0
55,funnel,What percentage of donations are allocated to Environment an,25%,The image shown is a funnel chart about **Tourism and Hospitality visitor profil,False,0.0
line_74,line_chart,Which crop experienced a decrease in production from 2002 to,Rice,"From **2002 to 2003**, **rice** experienced a decrease in production.

- **Rice:",True,0.0
line_213,line_chart,By how much did the Corporate Tax Rate increase from 2001 to,15%,"The Corporate Tax Rate increased from **15% in 2001** to **30% in 2004**.

So, t",True,0.0
line_num_344,line_chart_num,By how much did the GNP exceed the GDP in 2004?,$1.8 trillion,"In 2004:

- **GNP = 17.0**
- **GDP = 15.2**

So, **GNP exceeded GDP by 1.8 trill",True,0.0
radar_293,radar,What is the difference in the score for Schedule Adherence b,15,"For **Schedule Adherence**:

- **Factory A** = **85**
- **Factory D** = **95**

",False,0.0
bubble_227,bubble,How many million people does the Red Cross reach?,40,The Red Cross reaches **40 million people**.,True,0.0
multi-axes_204,multi-axes,What was the Production Volume in April?,74,"The chart shown is about **education data**: **Enrollment, Graduation Rate, and ",False,0.0
bar_num_236,bar_chart_num,How much is the public spending of the UK?,4500 billion,The UK's public spending is **4500 billion**.,True,0.0
bar_112,bar_chart,Which country has the highest crop production according to t,Germany,"According to the chart, **Germany** has the highest crop production, with **7,00",True,0.0
88,funnel,What profit margin range has the lowest frequency of busines,40-45%,The profit margin range with the lowest frequency of businesses is the **25%–30%,False,0.0
104,treemap,What is the combined market share percentage of Rail Transpo,13%,"Rail Transport is 10% and Intermodal Transport is 3%.

Combined market share = *",True,0.0
bar_70,bar_chart,By how much did Total Sales increase from February to March?,100 million,"Total Sales increased from **800 in February** to **900 in March**, so the incre",True,0.0
line_num_367,line_chart_num,By how many millions did the number of mobile users increase,70 million,"From the chart, mobile users were:

- **50 million** in **2011**
- **120 million",True,0.0
line_232,line_chart,In which year did the number of cases rejected equal the num,2017,The number of accepted cases equaled the number of rejected cases in **2017**. B,True,0.0
radar_167,radar,What is the Job Satisfaction Score for Training?,80,The **Job Satisfaction Score for Training** is **85**.,True,0.0
bar_486,bar_chart,Which country has the highest tax rate according to the data,France,"According to the chart, **France** has the highest tax rate at **35%**.",True,0.0
line_num_280,line_chart_num,What was the employment rate in 2004?,81%,The employment rate in **2004** was **81%**.,True,0.0
line_282,line_chart,In which year did the difference between smartphone sales an,2011,"From the chart:

- 2011: |200 - 100| = 100  
- 2012: |220 - 150| = 70  
- 2013: ",True,0.0
multi-axes_88,multi-axes,How much revenue is generated from baseball?,$100 million,"From the chart, **Baseball generates about $100 million in revenue**.",True,0.0
bar_109,bar_chart,How many more cinemas does France have compared to the USA?,150,"France has **150 more cinemas** than the USA.

- **France:** 500 cinemas
- **USA",True,0.0
270,treemap,What percentage of Health Expenditure is attributed to Denta,7%,Dental Services account for **8%** of total health expenditure.,False,0.0
radar_51,radar,Which platform has the highest Ad Reach (%)?,Facebook,"The highest **Ad Reach (%)** is on **Instagram**, at **85%**.",False,0.0
line_num_164,line_chart_num,In which month was wind energy production the highest?,April,"Wind energy production was highest in **April**, at **1200 kWh**.",True,0.0
bar_num_173,bar_chart_num,Which country has the lowest average test score according to,Germany,"According to the chart, **Germany** has the lowest average test score, with a sc",True,0.0
bubble_195,bubble,How many hours a day is Amazon used on average?,1.5 hours,"From the chart, **Amazon is used on average 1.5 hours per day**.",True,0.0
bar_50,bar_chart,How many more hospital beds are there in the West compared t,500,"The West has **500 more hospital beds** than the North.

- **West:** 1500 beds  ",True,0.0
line_230,line_chart,By how much did the number of home sales increase from 2001 ,900,"From the chart, the number of home sales was:

- **2001:** 3000  
- **2005:** 39",True,0.0
232,funnel,How many individuals have 9-11 years of education?,3500,"The chart shown is a funnel chart about **user engagement**, not **years of educ",False,0.0
line_66,line_chart,What is the average height for the age group 31-40?,165 cm,"For the **31–40** age group, the average **height** is **165 cm**.",True,0.0
multi-axes_171,multi-axes,What was the average spend per day in April?,250 dollars,The average spend per day in **April** was **$250**.,True,0.0
line_num_224,line_chart_num,How many family cases were reported in 2001?,800,"In **2001**, **800 family cases** were reported.",True,0.0
208,treemap,What is the combined market share percentage of Confectioner,28%,"From the chart:

- **Confectionery** = **10%**
- **Bakery Products** = **10%**

",False,0.0
bar_423,bar_chart,Which country had the highest number of civil cases in 2021?,UK,"The **UK** had the highest number of civil cases in 2021, with **220 cases**.",True,0.0
radar_279,radar,Which parameter shows the least improvement from Experiment ,Maintainability,"From the chart, comparing Experiment 1 to Experiment 4:

- Precision: 80 → 92, i",True,0.0
line_num_371,line_chart_num,How much did Convenience Food Sales increase by from 2000 to,50 billion dollars,Convenience Food Sales increased from **30 billion dollars** in 2000 to **80 bil,True,0.0
multi-axes_228,multi-axes,How many programs has the Health Department implemented?,320,The **Health Department** has implemented **320 programs**.,True,0.0
bubble_112,bubble,Which university has the highest graduation rate according t,Harvard,"According to the list, **Harvard** has the highest graduation rate at **98%**.",True,0.0
bar_num_417,bar_chart_num,What is the difference in the number of attendees between Mu,1000,"Music has **4000** attendees and Drama has **3000** attendees.

**Difference = 4",True,0.0
radar_190,radar,Which policy area has the highest score in Q2?,Security,"In Q2, **Security** has the highest score, with **96**.",True,0.0
bar_290,bar_chart,How much did the Oil production increase from 2020 to 2023?,3000,"Oil production increased from **25,000** in 2020 to **28,000** in 2023.

So, the",True,0.0
radar_281,radar,Which category showed a decrease in the fourth quarter compa,Product Returns,None of the categories showed a decrease in Q4 compared to Q1. All categories in,False,0.0
bar_102,bar_chart,How much data usage is reported in Asia?,1800 GB,The reported data usage in **Asia** is **1800 GB**.,True,0.0
line_7,line_chart,"Which city has a higher median house price, Seattle or Los A",Los Angeles,"Seattle has the higher median house price.

- Seattle: about **$900k**
- Los Ang",True,0.0
68,funnel,How much more is the percentage of Single-Family Homes compa,20%,The image provided does not show **housing segments** or percentages for **Singl,True,0.0
line_406,line_chart,By how many million passengers did road travel increase from,45 million passengers,Road travel increased from **45 million** passengers in 2000 to **90 million** i,True,0.0
bar_num_67,bar_chart_num,How many sports events took place in the UK in 2021?,40,"In the **UK**, there were **40 sports events** in **2021**.",True,0.0
bar_243,bar_chart,What is the production output of Manufacturing B in April?,15,Manufacturing B in April is **15 units**.,True,0.0
line_num_14,line_chart_num,By how many millions did the number of Instagram users incre,22 million,"From the chart, Instagram users were:

- **2011:** 3 million  
- **2016:** 25 mi",True,0.0
line_num_387,line_chart_num,By how much did User Count C increase from 2010 to 2014?,1500 users,"User Count C increased from **500** in 2010 to **2000** in 2014.

So the increas",True,0.0
205,treemap,Which legal branch has the same expenditure allocation as th,Law Enforcement,The branch with the same expenditure allocation as the **Legislative** branch is,True,0.0
line_num_466,line_chart_num,What is the Data Transfer Rate at 03:00?,30 Gbps,"At 03:00, the data transfer rate is **30 Gbps**.",True,0.0
bubble_276,bubble,What was the Production Volume in April?,74,"The chart shown is about **transportation modes** and includes:

- Number of Veh",False,0.0
line_369,line_chart,In which month was the difference in the number of passenger,May,The difference between **Highway** and **Railway** passengers was highest in **M,True,0.0
117,funnel,What is the market share percentage difference between the B,3%,The image shown is a funnel chart for **science and engineering project stages**,False,0.0
radar_134,radar,What is the average score for Player Performance in the give,86,"The **Player Performance** scores are:

- Basketball: **85**
- Football: **90**
",True,0.0
268,treemap,What percentage of the utility usage is covered by Nuclear e,20%,"From the treemap, the values appear to be:

- Coal: 30
- Natural Gas: 35
- Nucle",True,0.0
line_num_420,line_chart_num,How much did fast food revenues increase from 2018 to 2022?,200 billion dollars,"Fast food revenues increased from **550** in 2018 to **750** in 2022.

**Increas",True,0.0
multi-axes_67,multi-axes,What are the Sales and Revenue figures for Alcoholic Beverag,"Sales: 510 millions of dollars, Revenue: 204 millions of dollars","For **Alcoholic Beverages**:

- **Sales:** **510 million dollars**
- **Revenue:*",True,0.0
line_452,line_chart,In what year did the average number of users reach 180?,2019,The average number of users reached **180 in 2019**.,True,0.0
line_num_108,line_chart_num,How much does an individual in the 41-50 age group typically,60 kg,An individual in the **41–50** age group typically weighs **60 kg**.,True,0.0
bar_num_284,bar_chart_num,How much did the USA spend in trillions on government spendi,3.1,The chart shows that the **USA spent 3.1 trillion dollars** on government spendi,True,0.0
radar_264,radar,Which aspect has the highest value in Location A?,Housing Prices,"In **Location A**, the aspect with the highest value is **Housing Prices**.",True,0.0
radar_174,radar,What is the Customer Satisfaction score for the French B&B?,82,The Customer Satisfaction score for the French B&B is 88.,True,0.0
bar_343,bar_chart,By how much does restaurant revenue in Asia exceed that in N,150 million,"From the chart, restaurant revenue is:

- **Asia:** 350 million  
- **North Amer",True,0.0
radar_166,radar,What is the percentage for Energy Efficiency in Q4?,80%,Energy Efficiency in **Q4** is **75%**.,True,0.0
radar_63,radar,Which platform has the highest user engagement percentage?,YouTube,"From the chart, **YouTube** has the highest **User Engagement (%)** at **85%**.",True,0.0
multi-axes_79,multi-axes,How many more research grants are there in Psychology compar,50 grants,"From the chart, **Psychology** has **80** research grants and **Sociology** has ",True,0.0
bubble_239,bubble,What was the Production Volume in April?,74,"The chart shows **energy utilities** with:

- **Consumption** on the x-axis
- **",False,0.0
202,treemap,What percentage of research funding is allocated to Psycholo,6%,Psychology is allocated **6%** of the research funding.,True,0.0
bar_num_254,bar_chart_num,Which project received the least funding in 2022?,Projects funded A,"In **2022**, **Project A** received the least funding, with **800 million**.",False,0.0
area_chart_296,area_chart,"In which year did the Revenue ($) first exceed $150,000?",2020,"The revenue first exceeded **$150,000 in 2020**.",True,0.0
19,funnel,What percentage is Air Transport of the total Freight Volume,10%,The image shown is a funnel chart for **Project Development in Energy Sector in ,True,0.0
113,histogram,Which genre has the third highest number of artworks sold?,Modernism,"The genre with the **third highest** number of artworks sold is **Modernism**, w",True,0.0
line_269,line_chart,What was the Total Sales amount in June?,300 billion dollars,The Total Sales amount in **June** was **300 billion dollars**.,True,0.0
radar_130,radar,Which event has the highest Media Coverage in hours?,Olympic Games,"The **Olympic Games** has the highest **Media Coverage**, with **350 hours**.",True,0.0
line_436,line_chart,In which month did Renewable Energy Sources first reach the ,February,Renewable Energy Sources first reached the same level as Carbon Emissions in **F,True,0.0
heatmap_170,heatmap,By how many tons is the cargo weight on the New York to Chic,7 tons,"From the chart:

- **New York to Chicago cargo weight** = **12.5 tons**
- **Seat",True,0.0
rose_11,rose,Which region had the highest number of tourists in 2021?,Europe,"Europe had the highest number of tourists in 2021, with about 800 tourists.",True,0.0
multi-axes_250,multi-axes,How much is the average ticket price for Basketball?,$89,The average ticket price for **Basketball** is **$89**.,True,0.0
radar_258,radar,Which crop has the highest yield in the autumn season?,Corn,"In the **autumn** season, **Corn** has the highest yield, at about **95**.",True,0.0
255,treemap,How much percentage does Nursing Home Care represent in the ,6%,Nursing Home Care represents **6%** of the healthcare expenditures.,True,0.0
44,treemap,What percentage of the revenue is attributed to Cultural Att,5%,Cultural Attractions account for **8%** of the total revenue.,False,0.0
candlestick_5,candlestick,What was the difference between the highest closing price an,$5.9,"From the candlestick chart:

- **Highest closing price** = **177**
- **Lowest op",False,0.0
multi-axes_76,multi-axes,What is the Profit Margin of Microsoft in the year 2020?,30.96%,Microsoft’s profit margin in 2020 is approximately **32%**.,True,0.0
bar_num_110,bar_chart_num,By how much does Germany's debt exceed its savings?,$23 billion,"From the chart for **Germany**:

- **Savings** = 22
- **Debt** = 45

So, Germany",True,0.0
bar_num_324,bar_chart_num,How much is the Manufacturing Output (million) in the UK?,90,The **Manufacturing Output in the UK** is **90 million**.,True,0.0
rose_106,rose,"What are the total combined values for Dairy Products, Organ",35,"From the chart:

- Dairy Products = 20
- Organic Products = 10
- Frozen Food = 5",True,0.0
area_chart_162,area_chart,In which year did Physics have the highest number of publica,2022,Physics had the highest number of publications in **2023**.,True,0.0
223,treemap,In which month did the number of retailers hit the lowest fi,"The dataset does not provide information regarding the number of retailers for each month, only the sales figures","The provided image is a **utility usage breakdown by energy source**, not monthl",False,0.0
282,histogram,"How many individuals fall under the category of ""Obesity Cla",15,“Obesity Class II” includes **15 individuals**.,True,0.0
candlestick_35,candlestick,What was the highest High Price ($) recorded in the given da,27.1,The highest **High Price ($)** recorded in the chart was **27.0**.,True,0.0
211,treemap,What is the percentage for Food Services in the revenue dist,25%,Food Services accounts for **25%** of the revenue distribution.,True,0.0
line_78,line_chart,How much total energy is produced by both solar and wind sou,25 MW,"At **07:00**, the chart shows:

- **Solar:** 12 MW  
- **Wind:** 13 MW  

**Tota",True,0.0
multi-axes_57,multi-axes,What is the total revenue generated from Food Products?,"$10,000,000","The total revenue generated from **Food Products** is **$10,000,000**.",True,0.0
170,histogram,How many more million users spend 1-2 hours daily compared t,47.6 million,"From the chart:

- **1–2 hours**: **75 million**
- **6–7 hours**: **27 million**",True,0.0
radar_170,radar,Which category has the highest average percentage across all,Streaming Media Consumption (%),"From the chart, the category averages across all device types are:

- **Active U",True,0.0
radar_60,radar,Which platform has the highest Ad Revenue according to the d,YouTube,"According to the chart, **Twitter** has the highest **Ad Revenue ($M)**.",False,0.0
heatmap_141,heatmap,What is Harvard University's teacher to student ratio?,10:1,Harvard University's teacher-to-student ratio is **10:1**.,True,0.0
area_chart_136,area_chart,In which category is the training of employees the highest?,Education,"The **highest Training** value is in the **Mobile** category.

- **Training in M",False,0.0
rose_50,rose,What is the utilization value for Telecommunications?,20,The utilization value for **Telecommunications** is **20**.,True,0.0
57,treemap,What is the combined percentage of usage for Online Educatio,13%,"Online Education is 10% and Web Development is 3%, so combined they are **13%**.",True,0.0
multi-axes_281,multi-axes,How much revenue did Seafood generate in millions of dollars,$5000 million,"Seafood generated **$5,000 million** in revenue.",True,0.0
radar_88,radar,What is the Sustainability Index Score for Bioenergy?,95,"From the radar chart, the **Sustainability Index Score for Bioenergy is 95**.",True,0.0
bar_num_27,bar_chart_num,How many tonnes of vegetables did the UK produce?,17000,"The UK produced **17,000 tonnes** of vegetables.",True,0.0
candlestick_20,candlestick,What was the High Price ($) on 2020-08-05?,134.2,The **High Price** on **2020-08-05** was **134.2**.,True,0.0
radar_291,radar,Which aspect does Web D score the lowest?,Content Quality,Web D scores the lowest in **User Engagement**.,False,0.0
35,treemap,What is the value difference between the Screening and Selec,400,The chart shown is about **educational spending categories** and does **not incl,False,0.0
bar_num_288,bar_chart_num,How many million donations were made by France?,15,France made **15 million** donations.,True,0.0
line_147,line_chart,What was the average global temperature in 2002?,14.8 degrees Celsius,The average global temperature in **2002** was **14.7°C**.,True,0.0
138,histogram,Which degree field has the least number of graduates?,Other Fields,"The degree field with the least number of graduates is **Other Fields**, with ab",True,0.0
31,histogram,How many organizations have a revenue range greater than or ,20,Organizations with revenue **greater than or equal to $300 million** are in thes,True,0.0
252,treemap,Which sector has the smallest percentage of revenue distribu,Live Theatre,The sector with the smallest percentage of revenue distribution is **Live Theatr,True,0.0
156,treemap,What is the value of Shipments during the Project Planning s,666,"The image shows an **e-commerce sales distribution by product category**, not pr",False,0.0
multi-axes_87,multi-axes,Which field has the lowest number of patents filed?,Environmental Science,"The field with the lowest number of patents filed is **Physics**, with **60 pate",False,0.0
candlestick_11,candlestick,What was the high price on 2019-04-29?,$56.6,The high price on **2019-04-29** was **56.6**.,True,0.0
bubble_184,bubble,Which sport has the highest Athlete Salaries in millions of ,Football,"From the chart, **Basketball** has the highest athlete salaries.

- **Basketball",True,0.0
heatmap_229,heatmap,How much more popular is Painting over Sculpture during the ,5%,"During the **Baroque** period:

- **Painting** = 75
- **Sculpture** = 70

So, **",True,0.0
radar_206,radar,Which aspect of the housing market has the highest value in ,Availability,"For **Midtown**, the highest-value aspect is **Housing Prices**, at about **80**",False,0.0
area_chart_47,area_chart,How many legal cases were settled in 2020?,20,"In **2020**, the number of legal cases **settled** was **20**.",True,0.0
220,treemap,How many houses were sold in the price range of 500-600 thou,40,The image provided is a treemap about **Human Resources Management focus areas**,False,0.0
line_487,line_chart,What is the average electricity usage in the month of Septem,280 kWh,The average electricity usage in **September** is **280 kWh**.,True,0.0
rose_20,rose,How many more utilities are using renewable energy compared ,60,"From the chart:

- Renewable Energy = 80 utilities
- Hydroelectricity = 20 utili",True,0.0
58,histogram,Which policy area has the highest budget allocation accordin,Defense,"According to the chart, **Defense** has the highest budget allocation, at approx",True,0.0
multi-axes_122,multi-axes,What is the total revenue generated by Auto and Truck transi,$65 billion,"From the chart, the **revenue** values are:

- **Auto** = **50 billion dollars**",True,0.0
bar_num_396,bar_chart_num,How much solar energy was produced in March?,40 GWh,"In **March**, **solar energy produced 40 units**.",True,0.0
153,treemap,How much less is the percentage of Snack Foods as compared t,10%,"From the chart:

- **Meat & Poultry** = **15%**
- **Snack Foods** = **5%**

So, ",True,0.0
radar_235,radar,By how much did the score for Quality increase from Q1 to Q4,15,"From the chart, **Quality** is **65** in **Q1** and **85** in **Q4**.

So the in",False,0.0
rose_159,rose,How many more students are at the secondary school level com,100,"Secondary school has **400** students and undergraduate has **300** students.

S",True,0.0
79,histogram,Which department has a higher percentage of workforce distri,Marketing,"The image shown is about **R&D expenditure across scientific disciplines**, not ",True,0.0
bar_num_218,bar_chart_num,How much food supply does Germany have?,6000,"Germany’s **food supply is 6,000**.",True,0.0
candlestick_7,candlestick,What was the Low Price ($) in 2019-05?,48,The **Low Price in 2019-05** was **48**.,True,0.0
area_chart_27,area_chart,How many contract employees are there in the IT department?,70,There are **70 contract employees** in the **IT** department.,True,0.0
59,histogram,How much greater is the percentage of Single-Family Homes co,10%,"The image shown is about **electricity generation**, not **real estate market co",False,0.0
radar_193,radar,What month had the highest Website Traffic in the first half,January,The month with the highest **Website Traffic** in the first half of the year was,True,0.0
48,treemap,What percentage of the revenue is attributed to the 'Health ,10%,"From the treemap, the category revenues appear to be:

- Electronics: 30
- Fashi",True,0.0
42,histogram,Which category has the smallest percentage of revenue distri,Amusement Parks,The **400–450 million** revenue range has the **smallest percentage of revenue d,False,0.0
rings_252,rings,What is the ratio for Supply Chain?,23%,"From the chart, **Supply Chain = 22** out of a total of **100**.

So the ratio i",True,0.0
multi-axes_283,multi-axes,What is the Visitor Satisfaction Rating for Music Concerts?,4.7,The **Visitor Satisfaction Rating for Music Concerts** is **4.7**.,True,0.0
137,treemap,How many people are at the Evaluation stage according to the,61184,"The image shows donation allocations among charity and nonprofit sectors, not st",False,0.0
150,treemap,Which crop type has the lowest production share according to,Beverages,"According to the treemap, **Beverages** has the **lowest production share**.",True,0.0
heatmap_240,heatmap,What is the average time spent per day on LinkedIn?,250 minutes,"From the chart, the average time spent per day on **LinkedIn** is **0.5 hours**,",False,0.0
bar_num_205,bar_chart_num,Which country had the highest CO2 emissions in 2021?,Germany,"Germany had the highest CO2 emissions in 2021, at **4500 tonnes**.",True,0.0
bar_num_331,bar_chart_num,How many more sports teams are there in Europe compared to O,8,"Europe has **20** sports teams and Oceania has **12**.

So, Europe has **8 more ",True,0.0
radar_140,radar,Which Region has the highest Hotel Occupancy Rate (%)?,Region D,"From the chart, **Region C** has the highest **Hotel Occupancy Rate (%)**, at **",False,0.0
line_27,line_chart,What is the female mortality rate (%) in the 66-80 age group,20,The female mortality rate in the **66–80** age group is **20%**.,True,0.0
rose_15,rose,What is the production value of Fruits?,80,The production value of **Fruits** is **80**.,True,0.0
bubble_137,bubble,What is the tourism revenue of Dubai?,44 billion $,Dubai’s tourism revenue is **$44 billion**.,True,0.0
multi-axes_110,multi-axes,How many more students are there in China than in Japan?,1100 thousands,"From the chart:

- China: 2,150 thousand students
- Japan: 1,050 thousand studen",True,0.0
candlestick_29,candlestick,What was the highest High Price reached during the month of ,226.3,The highest **High Price** during **December 2019** was **226.3**.,True,0.0
multi-axes_291,multi-axes,How much electrical energy was produced in May?,400 TWh,"In **May**, the **electrical energy produced** was **400 TWh**.",True,0.0
197,treemap,How much higher is the percentage of fuel usage in Road Tran,15%,"From the chart:

- **Road Transport:** 40%
- **Maritime Shipping:** 25%

So, the",True,0.0
126,histogram,Which month had the highest number of online stores associat,The question is unanswerable with the provided data,"November had the highest number of online stores, with **240 stores**.",False,0.0
area_chart_146,area_chart,What was the mileage trend for truck transportation between ,"It increased from 20,000 miles in 2015 to 28,000 miles in 2019","Truck transportation mileage showed a steady upward trend from 2015 to 2019.

- ",True,0.0
257,treemap,What is the revenue share percentage for restaurants?,30%,The revenue share percentage for **Restaurants** is **25%**.,False,0.0
radar_157,radar,What is the Cost Efficiency Score of Environmental Law?,65,The Cost Efficiency Score for Environmental Law is 65.,True,0.0
135,histogram,What percentage of students are enrolled in High School educ,30%,"The chart shown is about **sales volume across food and beverage categories**, n",False,0.0
rose_87,rose,What is the value assigned to the Network Security technolog,37,The value for **Network Security** is **38**.,True,0.0
radar_262,radar,What is the score for wind energy in terms of environmental ,65,The **environmental impact score for Wind energy is 65**.,True,0.0
283,treemap,What is the value at the Implementation stage?,80,"There is no **“Implementation”** stage shown in this chart.

The chart displays ",False,0.0
radar_136,radar,Who has the highest score in Resilience?,Symbol,Symbol has the highest score in **Resilience**.,True,0.0
candlestick_31,candlestick,On which date was the highest closing price recorded?,2019-05-29,"The highest closing price was recorded on **May 29, 2019**.",True,0.0
bar_num_406,bar_chart_num,What is the total number of research papers published over t,490,"From the chart, the number of research papers each year is:

- 2020: 100
- 2021:",True,0.0
bar_num_91,bar_chart_num,Which country has the smallest difference in production betw,Canada,"From the chart:

- **USA:** Fruits 800, Grains 400 → difference = **400**
- **Ca",True,0.0
line_81,line_chart,What is the Operational Expenses in the year 2017?,700,The **Operational Expenses in 2017** were **700 million dollars**.,True,0.0
rings_248,rings,What is the ratio difference between Tourism Revenue and Tou,26%,"From the chart:

- **Tourism Revenue = 30**
- **Tourism Impact = 10**

So the ra",False,0.0
area_chart_149,area_chart,Which field saw the smallest increase in publications from 2,Literature,"Comparing 2019 to 2023 for each field:

- **Sociology:** 300 → 370, increase of ",True,0.0
295,histogram,What is the average GPA of Graduate Students?,3.7,The average GPA of Graduate Students is **3.7**.,True,0.0
bar_num_377,bar_chart_num,How many more in-store orders than online orders were there ,500,"In Germany, there were **500 more in-store orders than online orders**.

- **Onl",True,0.0
2,treemap,What percentage of Global Internet Usage is dedicated to Cyb,10%,Cybersecurity accounts for **10%** of global internet usage in the chart.,True,0.0
bubble_52,bubble,What is the market share percentage for Coffee?,20%,Coffee has a market share of **20%**.,True,0.0
254,treemap,What are the combined percentages for Social Media and Onlin,40%,"According to the chart:

- **Social Media** = **25%**
- **Online Shopping** = **",True,0.0
heatmap_302,heatmap,Which category has the lowest percentage in Cybersecurity?,E-commerce & Online Services,"Looking at the **Cybersecurity** column, the percentages are:

- Telecommunicati",True,0.0
area_chart_292,area_chart,How many awards does the field of Environmental Science have,80,Environmental Science has **80 awards**.,True,0.0
candlestick_37,candlestick,What was the high price on 2019-06-06?,80,The high price on **2019-06-06** was **80**.,True,0.0
132,histogram,What percentage of the manufacturing output is accounted for,12%,"The image shown is a **donation size distribution chart**, not a **manufacturing",False,0.0
rings_3,rings,Which metric has the largest ratio according to the data?,Cost Efficiency,The metric with the largest ratio is **Cost Efficiency**.,True,0.0
rose_65,rose,What is the number of retailers for Electronics?,67,The number of retailers for **Electronics** is **70**.,True,0.0
multi-axes_227,multi-axes,By how many millions did the donations received increase fro,170 millions,"From the chart, donations received were:

- **2013:** 230 million  
- **2020:** ",True,0.0
radar_90,radar,Which company has the highest profit margin according to the,Etsy,"According to the chart, **eBay** has the highest **Profit Margin (%)**, at about",False,0.0
bar_num_368,bar_chart_num,How many charities are there in New York?,90,New York has **90 charities**.,True,0.0
131,treemap,What is the combined percentage of funding for Linguistics a,20%,"From the chart:

- **Linguistics** = **8%**
- **Anthropology** = **10%**

**Comb",True,0.0
candlestick_54,candlestick,What was the opening price of the stock on the day when it h,1600,"The highest closing price in the chart is **1700** on **Jul 01**.

The **opening",True,0.0
multi-axes_143,multi-axes,What is the average product price difference between health ,$2.85 USD,"From the chart:

- **Health Foods average product price:** **$4.10**
- **Canned ",True,0.0
227,histogram,What is the combined market share percentage of Firefox and ,7.3%,"Firefox is **5.0%** and Opera is **2.1%**.

So, their combined market share is:
",True,0.0
251,treemap,How many more people are at the Interest stage compared to t,70000,"The image shown is an energy utilization treemap, not a funnel chart with stages",False,0.0
line_368,line_chart,What is the revenue for the year 2023?,4500 million dollars,The revenue for **2023** is **4500 million dollars**.,True,0.0
candlestick_42,candlestick,On what date was the lowest opening price recorded?,2020-06-01,"The lowest opening price was recorded on **June 1, 2020**.",True,0.0
radar_72,radar,What is the score difference between NASA and European Space,3,"From the radar chart, the **Resource Management** scores are:

- **NASA:** 88  
",False,0.0
radar_103,radar,What score did Barcelona receive for Local Cuisine?,90,Barcelona received a **90** for **Local Cuisine**.,True,0.0
bar_num_164,bar_chart_num,How much more does France spend on in-store shopping compare,$250 million,"France spends **250 more** on in-store shopping than Germany.

- **France:** 900",True,0.0
rose_196,rose,Which Variable has the highest value?,Production Planning,"The variable with the highest value is **Production Planning**, at **70**.",True,0.0
239,histogram,What percentage more is the market share of Snacks compared ,17%,"The chart shown is about **revenue ranges among corporations**, not **market sha",False,0.0
rose_142,rose,What is the value for Ethnic Cuisine consumption in 2020?,10,The value for **Ethnic Cuisine** consumption in **2020** is **10**.,True,0.0
multi-axes_148,multi-axes,What is the total bail posted amount in thousands for the ye,6790 thousands,"From the chart, bail posted is:

- **2018:** 5,700 thousand  
- **2019:** 6,000 ",False,0.0
heatmap_194,heatmap,How many points does 'Dance' score in the 'Pop' category?,30,“Dance” scores **0** in the **Pop** category.,False,0.0
candlestick_245,candlestick,What was the highest closing price in January 2021?,230000,"The highest closing price in January 2021 was **$230,000** on **January 31, 2021",True,0.0
280,treemap,Which crime category has the highest number of cases?,Assault,The image is not about crime; it shows **healthcare expenditure by services in 2,False,0.0
area_chart_154,area_chart,What is the sum of applications for the Materials category a,970,"From the chart, the **Materials** category values are:

- Physics: **160**
- Che",False,0.0
bar_num_433,bar_chart_num,How much did the UK donate in millions in 2021?,12,The UK donated **12 million** in 2021.,True,0.0
145,treemap,How much larger is the percentage of Cereals compared to Pou,33%,"From the treemap, **Cereals = 35%** and **Poultry = 4%**.

So the difference is:",True,0.0
rose_131,rose,What is the value difference between Poverty and Homelessnes,10,"From the chart:

- **Poverty = 15**
- **Homelessness = 25**

So the **difference",True,0.0
118,histogram,Which crop has the highest harvest yield according to the da,Corn,"According to the chart, **Corn** has the highest harvest yield, at about **1,080",True,0.0
multi-axes_199,multi-axes,How many more units (in thousands) were produced in the auto,555 thousand units,"From the chart:

- **Automotive units produced** = **720 thousand**
- **Cosmetic",True,0.0
area_chart_95,area_chart,How many videos related to the Travel category were posted o,450,"For the **Travel** category, **YouTube** has **450 videos** posted.",True,0.0
194,treemap,How many individuals reached the Consideration stage?,4000,"The image shows a **funding distribution treemap for nonprofit sectors**, not a ",False,0.0
299,histogram,What is the combined percentage of Multi-Family Buildings an,12%,"The chart shown is about the **distribution of physicians by age group**, not a ",False,0.0
rose_228,rose,How much higher is the value of fruits compared to vegetable,$60,"From the chart:

- **Fruits = 180**
- **Vegetables = 120**

Difference:

**180 -",True,0.0
line_397,line_chart,In which year was the difference between the number of crime,2021,"The difference was smallest in **2018**.

Differences by year:
- **2018:** 20,00",True,0.0
candlestick_15,candlestick,What was the high price on the date when the closing price w,$13.00,"From the candlestick chart, the **highest closing price** occurs on **June 11**,",True,0.0
bar_num_361,bar_chart_num,How many teachers are there at PQR School?,24,PQR School has **24 teachers**.,True,0.0
radar_155,radar,What is the daily new sign-ups difference between Youtube an,55 thousand,"From the chart, **Daily New Signups (Thousands)** are:

- **YouTube:** 80 thousa",True,0.0
candlestick_116,candlestick,What was the High Price in the month of 2022-03?,$5200,The **High Price** in **2022-03** was **5200**.,True,0.0
41,treemap,What percentage of the population has at least a Bachelor's ,41.4%,"The chart shown is about **active users across major social media platforms**, n",False,0.0
rose_1,rose,How much higher is the Solar Power usage value compared to t,39,"From the chart:

- Solar Power = 90
- Hydroelectric = 50

Difference: 90 − 50 = ",True,0.0
168,treemap,What percentage of the budget is spent on Early Childhood ed,12%,Early Childhood education accounts for **15%** of the budget.,False,0.0
radar_271,radar,What is the difference in Staffing Efficiency between Large ,-10%,"From the chart, **Staffing Efficiency** is:

- **Large Firm:** 75  
- **Governme",False,0.0
multi-axes_116,multi-axes,How many more patients visit General Medicine compared to Ob,3000 patients,"General Medicine has **3,000 more patients** than Obstetrics and Gynecology.

- ",True,0.0
radar_146,radar,By how much do the English scores increase from Elementary t,10 points,"The English scores increase from **70** in Elementary to **95** in High school.
",False,0.0
5,histogram,Which legal branch has the same expenditure allocation as th,Law Enforcement,"The image shown is a crop yield chart, not a government expenditure allocation c",False,0.0
heatmap_95,heatmap,What is the market share percentage of the Dairy Products ca,10%,The market share of the **Dairy Products** category is **10%**.,True,0.0
bar_num_83,bar_chart_num,How much did the revenue increase from 2020 to 2023?,30 million,"Revenue increased from **140 million in 2020** to **185 million in 2023**.

**In",False,0.0
221,histogram,What is the freight volume difference between rail and pipel,650.1 million tons,"From the chart:

- **Rail:** 1280
- **Pipelines:** 630

**Difference = 1280 - 63",True,0.0
candlestick_9,candlestick,On what date did the High Price reach $50.1?,2019-11-04,The High Price reached **$50.1 on Nov 04**.,False,0.0
line_61,line_chart,In which year did Donation C first exceed 100 million dollar,2021,Donation C first exceeded 100 million dollars in **2022**.,True,0.0
area_chart_284,area_chart,How much is the Food Production value for the Produce catego,4000,"The **Food Production** value for **Produce** is **$4,000**.",True,0.0
multi-axes_284,multi-axes,How much is the Market Price for Barley per Bushel?,3.80,The market price for **Barley** is **$3.8 per bushel**.,True,0.0
candlestick_77,candlestick,On which day was the Low Price the lowest during the first w,2018-01-01,"The lowest **Low Price** occurred on **Jan 01, 2018**, at **1180**.",True,0.0
115,histogram,What is the age range with the highest number of hospital vi,61-70,"The **61–70** age range has the highest number of hospital visits, with about **",True,0.0
rose_176,rose,How much larger is the volume of Wheat compared to Garlic?,8500,"From the chart:

- **Wheat** = **10,500**
- **Garlic** = **1,500**

Difference:
",True,0.0
multi-axes_118,multi-axes,How much government spending is allocated to Defense in mill,10000 million dollars,"Defense spending is **10,000 million dollars**.",True,0.0
74,treemap,What is the combined percentage of funding for Computer Scie,27%,"From the treemap:

- **Computer Science** = **14%**
- **Mechanical Engineering**",False,0.0
233,histogram,Which category of hotel has the highest occupancy rate?,Luxury,"The **Luxury** hotel category has the highest occupancy rate, at **85.3%**.",True,0.0
62,treemap,How much higher is the percentage of Apartments sold compare,18%,"From the chart:

- **Apartments** = **25%**
- **Duplexes** = **8%**

So, the per",True,0.0
rose_79,rose,What are the manufactured units of Automobiles according to ,120,"According to the chart, **Automobiles** manufactured units are **120**.",True,0.0
radar_20,radar,Which metric is the highest for Website C?,Retention,"For **Website C**, the **highest metric is Retention**.

Approximate values for ",True,0.0
radar_118,radar,Which organization has the lowest Administrative Cost?,UNICEF,"From the chart, **UNICEF** has the **lowest Administrative Cost**, at about **10",True,0.0
rose_255,rose,How many more Single Family Homes are there compared to Cond,150,"From the chart:

- **Single Family Homes** = 400  
- **Condominiums** = 200  

S",False,0.0
218,treemap,How much higher is the percentage contribution of Solar ener,19%,"From the chart:

- **Solar = 20%**
- **Geothermal = 5%**

So, **Solar is 15 perc",True,0.0
candlestick_3,candlestick,What was the high price on 2019-08-30?,64.2,The high price on **2019-08-30** was **64.2**.,True,0.0
bar_num_233,bar_chart_num,How many entertainment activities are there in Germany?,95,Germany has **95 entertainment activities**.,True,0.0
bar_num_159,bar_chart_num,How many policies have been implemented in France in 2021?,16,France implemented **16 policies** in 2021.,True,0.0
candlestick_130,candlestick,On which date did the Cultural Industry have the highest Clo,2020-10-01,"The highest **Closing Price** was in **October 2020**, with a closing price of *",True,0.0
area_chart_287,area_chart,Which category has the highest Revenue Generated ($) accordi,Automotive,"The **Automotive** category has the highest **Revenue Generated ($)**.

From the",True,0.0
92,histogram,How many countries have CO2 emissions higher than 30 metric ,22,Countries with CO₂ emissions higher than 30 metric tons per capita are in the bi,True,0.0
25,treemap,How many more subscribers are there at the Interest stage th,14000 subscribers,"The difference is **150 subscribers**.

If the funnel values are:
- **Interest:*",False,0.0
296,histogram,What is the value of the Awareness stage?,20000,The value of the **Awareness** stage is **45**.,False,0.0
line_260,line_chart,At what time does Pollutant A reach its highest level accord,06:00,"Pollutant A reaches its highest level at **06:00**, with a value of **18**.",True,0.0
candlestick_18,candlestick,What was the highest low price recorded between 2020-10-15 a,94.6,"The highest low price between 2020-10-15 and 2020-10-20 was **94.6**, recorded o",True,0.0
area_chart_72,area_chart,How many acres of soybeans are produced in Iowa?,1600,"From the chart, **Iowa produces 1,500 acres of soybeans**.",True,0.0
heatmap_278,heatmap,Which crop had the highest increase in yield per hectare fro,Potatoes,"From the chart, the increase from **2016 to 2020** for each crop is:

- **Wheat:",True,0.0
multi-axes_219,multi-axes,What is the average price of Oats?,2.8,The average price of **Oats** is **$2.80**.,True,0.0
multi-axes_236,multi-axes,How many more participants are there in movie showings compa,3600 participants,"Movie showings have **3,600 more participants** than ballet performances.

- **M",True,0.0
radar_113,radar,Which criteria has the highest percentage for Green Energy?,Carbon Footprint Reduction,"For **Green Energy**, the **highest percentage** is **Sustainable Materials Use ",False,0.0
rose_181,rose,How much greater is the value of Recycling than that of Carb,50,"From the chart:

- **Recycling = 60**
- **Carbon Capture = 20**

So, **Recycling",False,0.0
rose_72,rose,Which mode of transportation had the least number of trips i,Space,The mode of transportation with the **least number of trips in 2021** was **Spac,True,0.0
219,histogram,How many average hospital visits per person are there in the,3.5,"For the **46–60 years** age bracket, the average hospital visits per person are ",True,0.0
142,treemap,Which branch of legal affairs has the lowest percentage focu,Immigration Law,The branch with the lowest percentage focus is **Immigration Law**.,True,0.0
191,treemap,What percentage of the workforce is distributed between Sale,35%,"From the treemap, the department sizes appear to be:

- Sales: 20%
- Marketing: ",False,0.0
165,treemap,What percentage of the total is represented by E-commerce an,24%,"From the treemap, the values appear to be:

- E-commerce = 25
- Artificial Intel",True,0.0
candlestick_98,candlestick,In which month of 2022 did the government budget have the sm,August,"The smallest high-low fluctuation occurred in **August 2022**.

- **August high:",True,0.0
radar_19,radar,Which hotel category has the highest room occupancy rate?,Luxury hotel,"From the chart, the **Hotel chain** category has the highest **room occupancy ra",False,0.0
bar_num_20,bar_chart_num,How much more beverage production did the UK have compared t,1500 litres,"The UK had **1,500 more units** of beverage production than the USA.

- **UK:** ",True,0.0
rose_39,rose,What is the product category with the least number of retail,Music and Movies,The product category with the least number of retail stores in 2021 is **Music a,True,0.0
230,histogram,What is the combined percentage of investment in Artificial ,33%,"The chart shown is about **TV show viewership levels**, not **investment percent",False,0.0
bar_num_398,bar_chart_num,How many millions more users does Facebook have compared to ,2200 million,"Facebook has **2200 million** more users than Twitter.

Calculation: **3200 mill",True,0.0
rose_186,rose,Which energy source has the closest value to geothermal ener,Natural Gas,"Geothermal is about **35**. The closest value is **Hydroelectric**, at about **4",False,0.0
candlestick_44,candlestick,What was the highest closing price in the given dataset and ,The highest closing price was $28.9 on 2019-08-05,"The highest closing price was **30.1**, recorded on **August 12, 2019**.",True,0.0
radar_191,radar,What was the Production Volume in April?,74,The chart does not show monthly data like April. It shows seasonal values only: ,True,0.0
heatmap_111,heatmap,How many users did Reddit have in millions in 2020?,1370,"Reddit had **1,370 million** users in 2020.",True,0.0
area_chart_190,area_chart,How much did the company spend on Marketing in 2020?,"$28,000","The company spent **$28,000** on **Marketing in 2020**.",True,0.0
candlestick_192,candlestick,What was the lowest closing price during the week starting 2,20.2,The lowest closing price during the week starting 2020-12-01 was **$20.2**.,True,0.0
multi-axes_108,multi-axes,What is the average case duration for the year 2017?,100 days,The average case duration in 2017 was **100 days**.,True,0.0
line_133,line_chart,By how many billion dollars did the total tax revenue increa,200 billion dollars,"The total tax revenue increased by **200 billion dollars** from 2001 to 2002.

-",True,0.0
87,treemap,How much higher is the market share of Banking compared to C,13%,"From the treemap, **Banking = 25%** and **Consumer Finance = 10%**.

So, the mar",False,0.0
75,treemap,What is the percentage for Dairy in the Yield Distribution?,10,Dairy represents **15%** of the Yield Distribution.,False,0.0
radar_173,radar,What is the data security score for LinkedIn?,80,The data security score for LinkedIn is **80**.,True,0.0
293,histogram,Which subject area has the lowest percentage of research fun,Arts,"The image shown is about **CO2 emissions by countries**, not **research funding ",False,0.0
rose_40,rose,How much is the frequency value for Online Payments?,48,The frequency value for **Online Payments** is **45**.,True,0.0
multi-axes_182,multi-axes,What was the increase in average Internet speed from 2015 to,16 Mb/s,"From the chart, the **average Internet speed** was:

- **2015:** **8.5 Mb/s**
- ",True,0.0
213,histogram,How much more is the Healthcare budget allocation than the W,$529.8 billion,Healthcare is allocated **$990 billion** and Welfare is allocated **$450 billion,True,0.0
bar_num_149,bar_chart_num,How many hours does it take to travel by air compared to by ,6 hours less,"By **air**, it takes **4 hours**, while by **road**, it takes **10 hours**.

So,",True,0.0
candlestick_4,candlestick,On which date did the closing price first exceed the opening,2019-04-26,The closing price first exceeded the opening price on **Apr 26**.,False,0.0
rose_288,rose,What is the value assigned to movies in this dataset?,30,The value assigned to **Movies** is **30**.,True,0.0
radar_9,radar,What is the viewership score for Football?,95,The viewership score for **Football** is **95**.,True,0.0
line_138,line_chart,Which country has the highest number of airports according t,USA,"According to the chart, the **USA** has the highest number of airports, with **1",True,0.0
107,histogram,What percentage of the workforce is allocated to IT Services,5%,The chart shown is about **resource consumption** for environmental and sustaina,False,0.0
candlestick_219,candlestick,What is the closing price on the date when the lowest low pr,$87,"The lowest low price of **$81** was recorded on **Jul 29**, and the **closing pr",True,0.0
bar_num_189,bar_chart_num,Which country hosted the least number of sports events in 20,France,"France hosted the least number of sports events in 2021, with 35 events.",True,0.0
9,treemap,What is the combined percentage of Email and Blogs and Forum,8%,"From the chart:

- **Email** = 8%
- **Blogs and Forums** = 4%

**Combined percen",True,0.0
multi-axes_92,multi-axes,Which category has the highest operating cost?,Technology,"The **Technology** category has the **highest operating cost**, at about **3200 ",True,0.0
rose_92,rose,Which category has the highest number of nonprofit organizat,Health,"The **Health** category has the highest number of nonprofit organizations, with ",True,0.0
215,treemap,What is the total percentage of funding allocated to Biomedi,15%,ERROR: 'NoneType' object is not subscriptable,False,0
heatmap_190,heatmap,Which energy source has the lowest percentage usage in Chemi,Geothermal Energy,"In **Chemical Engineering**, the energy source with the **lowest percentage usag",True,0.0
radar_256,radar,How much more does it cost to maintain Model D compared to M,$15,"From the chart’s **Maintenance Cost** values:

- **Model A** = 70  
- **Model D*",False,0.0
63,histogram,Which environmental aspect has the smallest allocation of re,Eco-friendly Transport,"The chart shown is about **education levels and number of graduates**, not envir",False,0.0
area_chart_81,area_chart,Which department has the highest number of employees in Cust,Administration,"In Customer Service, the department with the highest number of employees is Admi",True,0.0
162,treemap,What percentage of online usage is taken up by E-Learning?,3%,E-Learning takes up **5%** of online usage.,False,0.0
area_chart_74,area_chart,How many users are using streaming services on mobile?,280,"From the chart, **mobile users using streaming services = 280**.",True,0.0
bar_num_416,bar_chart_num,Which continent has the highest CO2 emissions?,Asia,"Asia has the highest CO2 emissions, at **4200 tonnes**.",True,0.0
candlestick_6,candlestick,In which month was the difference between the high price and,2019-06,"From the chart, the greatest difference between the high and low price occurs in",False,0.0
rose_265,rose,How many more restaurants are there than travel companies?,400,"From the chart:

- **Restaurants:** 600  
- **Travel Companies:** 200  

Differe",True,0.0
candlestick_298,candlestick,On which date did the closing price first reach or exceed $1,2023-05-10,The closing price first reached or exceeded **$140 on 2023-05-09**.,True,0.0
multi-axes_64,multi-axes,What is the difference in research expenditure between Mathe,85.3 million dollars,"From the chart:

- **Mathematics** research expenditure = **$550 million**
- **C",False,0.0
246,treemap,What percentage of research funding is allocated to Linguist,12%,Linguistics is allocated **12%** of the research funding.,True,0.0
290,histogram,What type of legal cases have the least number of cases file,Taxation,"The legal case type with the fewest cases filed is **Immigration**, with **850 c",False,0.0
line_348,line_chart,What is the difference between Production B in March and Pro,500,"Production B in March is **1700**, and Production A in January is **1000**.

**D",False,0.0
37,histogram,How much more is the internet usage percentage of Social Med,15%,The chart shown is about **research funding across science and engineering proje,False,0.0
radar_69,radar,Which product category has the highest inventory turnover?,Alcohol,"The product category with the highest **inventory turnover** is **Beverages**, w",False,0.0
26,treemap,What percentage of online usage is taken up by E-Learning?,3%,E-Learning takes up **10%** of online usage.,False,0.0
multi-axes_120,multi-axes,How much was the increase in grants offered from 2010 to 201,56 million,"From the chart, **grants offered** were:

- **2010:** 6.2 million  
- **2015:** ",False,0.0
candlestick_46,candlestick,What was the Low Price on 2020-12-03?,$81.3,The **Low** on **2020-12-03** was **81.3**.,True,0.0
rose_24,rose,How popular is Cloud Computing compared to other fields?,64.0,"From the chart, **Cloud Computing has a popularity score of about 65**.

Compare",True,0.0
rose_71,rose,How many more activities does Music have compared to Dance?,20,"Music has **20 more activities** than Dance.

- **Music:** 80
- **Dance:** 60

*",True,0.0
radar_13,radar,Which category has the smallest difference in scores across ,Music,The category with the **smallest difference across Groups A to D** is **Visual A,True,0.0
area_chart_177,area_chart,What is the total revenue of Clothing sales combining E-comm,$18000,"For **Clothing**:

- **E-commerce sales** = **$10,000**
- **Retail sales** = **$",True,0.0
candlestick_164,candlestick,On which date did the stock have the lowest opening price?,2021-12-01,The stock had the lowest opening price on **2024-01-01**.,True,0.0
212,treemap,What percentage of government spending is allocated to Socia,25%,"Social Security is **15%** and Infrastructure is **10%**.

Combined: **15% + 10%",True,0.0
bar_num_429,bar_chart_num,Which city has the highest number of hotels in 2021?,Shanghai,"From the chart, the number of **hotels** in 2021 is:

- **Beijing:** 120  
- **S",True,0.0
188,treemap,What is the combined percentage of web traffic for Online Ed,20%,"Online Education is **10%** and Streaming Services is **10%**.

Combined, they a",True,0.0
bar_num_194,bar_chart_num,How many more international tourists were there compared to ,10 million,"In April:

- Domestic tourists = 35
- International tourists = 25

So there were",True,0.0
90,histogram,Which social media platform has the least daily active users,Twotter,"The platform with the least daily active users is **Twotter**, with about **1.8 ",True,0.0
rose_98,rose,What is the difference in popularity value between Mexican C,20,"From the chart:

- **Mexican Cuisine** = **60**
- **Seafood** = **40**

**Differ",True,0.0
multi-axes_158,multi-axes,How many research papers were published in aerospace enginee,899,Aerospace Engineering had **850 research papers** published.,True,0.0
area_chart_189,area_chart,Which cuisine has the highest Beverage sales?,American,"The cuisine with the **highest Beverage sales** is **American**, at **$5,000**.",True,0.0
heatmap_68,heatmap,Which technology has the lowest projected capacity for the y,Nuclear,"The technology with the lowest projected capacity in 2024 is **Nuclear**, at **5",True,0.0
rose_122,rose,What is the value for Preventive Care?,30,The value for **Preventive Care** is **30**.,True,0.0
candlestick_47,candlestick,What was the High Price on 2019-12-13?,50,The **High Price on 2019-12-13** was **50**.,True,0.0
178,histogram,What is the percentage difference between Renewable Energy a,20%,The chart shown is about **U.S. Transportation Revenue by Freight Type (2023)** ,True,0.0
radar_148,radar,What is the score difference between Lawyer Efficiency in Fa,25,"From the chart:

- **Lawyer Efficiency in Familial Law** = **85**
- **Cost Manag",True,0.0
line_92,line_chart,By how much did the income tax revenue increase from 2010 to,$500 billion,Income tax revenue increased from **1000 billion** in 2010 to **1500 billion** i,True,0.0
298,treemap,What is the combined percentage for the Environmental and Im,5%,The combined percentage for the **Environmental** and **Immigration** Department,True,0.0
multi-axes_195,multi-axes,How many more scientific publications were there in Mechanic,400 publications,"From the chart:

- **Physics publications** = **600**
- **Mechanical Engineering",True,0.0
radar_21,radar,By how many points did Employee Engagement score increase fr,20 points,"Employee Engagement increased from **80** in Q1 to **100** in Q5, so it increase",True,0.0
157,treemap,"Which category has a higher percentage, Video Games or Theat",Video Games,"Video Games has a higher percentage than Theater.

- Video Games: 10%
- Theater:",True,0.0
238,treemap,What is the value of Shipments during the Project Planning s,666,The image does not show “Shipments” or “Project Planning.” It’s a treemap about ,False,0.0
candlestick_122,candlestick,How much higher was the high price on 2022-01-11 compared to,$5.6,"From the chart:

- **Low on 2022-01-06:** about **76.1**
- **High on 2022-01-11:",False,0.0
130,histogram,What was the revenue growth in Q3?,4.9%,The revenue growth in **Q3** was **4.9%**.,True,0.0
candlestick_36,candlestick,On which date was the closing price the highest?,2020-09-16,"The highest closing price was on **September 16, 2020**.

In a candlestick chart",True,0.0
bar_num_122,bar_chart_num,Which department has the least number of employees?,Marketing,"The **Marketing** department has the least number of employees, with **100 emplo",True,0.0
bar_num_69,bar_chart_num,How many more gigabytes of data does the USA use compared to,100 GB,"From the chart:

- **USA data usage** = **500 GB**
- **UK data usage** = **400 G",True,0.0
76,histogram,How much percentage is allocated to Biodiversity Conservatio,10%,"The image shown is about **graduates by field of study**, not **environmental ef",False,0.0
radar_125,radar,What is the maintenance cost for wind power generation?,30 M$,The maintenance cost for **wind power** is **40 million dollars (M$)**.,False,0.0
line_308,line_chart,In which month did the Part Time Employees reach the highest,February,"The Part Time Employees reached their highest number in **February and May**, wi",True,0.0
rings_229,rings,What is the percentage ratio for Quality Control?,12%,The percentage for **Quality Control** is **12%**.,True,0.0
rose_27,rose,What category has the highest usage according to the data?,Social Media,"The category with the highest usage is **Social Media**, at **90**.",True,0.0
rose_12,rose,How many more energy and utility providers does Solar have c,70,"From the chart:

- **Solar** = 90 providers  
- **Nuclear Energy** = 20 provider",True,0.0
line_444,line_chart,What is the average salary for the month of September?,$1800,The average salary for **September** is **1800**.,True,0.0
rose_23,rose,Which pollutant has the second highest emission value accord,Methane,The pollutant with the second highest emission value is **Methane**.,True,0.0
pie_386,pie_chart,What percentage of the distribution is comprised by Processe,15%,Processed Foods comprise **15%** of the distribution.,True,0.0
area_chart_243,area_chart,In which year did Sociology publications reach the number of,2019,Sociology publications reached **240** in **2017**.,True,0.0
heatmap_199,heatmap,Which product category has the highest revenue?,Apparel,"Apparel has the highest revenue, at 500.",True,0.0
radar_246,radar,Which category shows a consistent increase of 5 units every ,Audience Size,The category with a consistent increase of 5 units every quarter is **Media Cove,False,0.0
multi-axes_95,multi-axes,How much is the average rating out of 10 for the FIFA World ,8.6,The **FIFA World Cup** has an average rating of **8.6 out of 10**.,True,0.0
170,treemap,How many more million users spend 1-2 hours daily compared t,47.6 million,"The image provided shows environmental efforts, not user daily hours, so it does",False,0.0
line_142,line_chart,By how much have carbon emissions decreased from 2020 to 202,1000 tonnes,Carbon emissions decreased from **4000 tonnes in 2020** to **3000 tonnes in 2025,True,0.0
231,histogram,Which country has the highest CO2 emissions according to the,China,"According to the chart, **China** has the highest CO2 emissions, at about **10,0",True,0.0
24,treemap,What is the combined percentage for Pharmaceuticals and Food,33%,"Pharmaceuticals is 12% and Food Products is 15%, so their combined percentage is",False,0.0
candlestick_21,candlestick,On which date did the stock reach the highest High Price dur,2019-05-05,"The stock reached the highest **High Price** on **May 02**.

- **Highest High Pr",False,0.0
rings_288,rings,What is the ratio for Diagnosis in the Healthcare System Ove,18%,The ratio for **Diagnosis** is **18%**.,True,0.0
rose_126,rose,What is the difference in value between Crafts and Photograp,4,"From the chart:

- **Crafts = 28**
- **Photography = 24**

So, the **difference ",True,0.0
bar_num_465,bar_chart_num,How many more lawyers does the USA have compared to France?,20000,"From the chart:

- USA lawyers: **55,000**
- France lawyers: **35,000**

Differe",True,0.0
bar_num_313,bar_chart_num,Which country has the highest number of nurses?,USA,"From the chart, **the USA has the highest number of nurses**.

Nurses by country",True,0.0
area_chart_83,area_chart,Which month had the highest renewable energy usage in the ye,December,"The highest renewable energy usage in 2020 was in **December**, at **110,000 MWh",True,0.0
223,histogram,In which month did the number of retailers hit the lowest fi,"The dataset does not provide information regarding the number of retailers for each month, only the sales figures",The number of retailers was lowest in **February**.,False,0.0
heatmap_205,heatmap,What are the ticket sales for the sport with the highest mer,$500 million,The sport with the highest merchandise sales is **Football** at **120 million**.,True,0.0
line_365,line_chart,In what month did Facebook users surpass 1500 million people,March,Facebook users surpassed **1500 million** in **April**.,False,0.0
line_115,line_chart,In which year was the Income Level A the highest from 2001 t,2004,Income Level A was highest in **2004**.,True,0.0
radar_182,radar,What is the score for Sanitation Standards at a Dental Clini,90,The **Sanitation Standards** score for the **Dental Clinic** is **96**.,True,0.0
rose_104,rose,How many students are there in College?,100,The number of students in **College** is **100**.,True,0.0
multi-axes_252,multi-axes,What is the annual expenditure for Corporate Law?,20500 million dollars,The annual expenditure for **Corporate Law** is **$220 million**.,False,0.0
candlestick_45,candlestick,How much did the Opening Price increase from 2019-06-09 to 2,$6.4,"From the chart:

- Opening Price on **2019-06-09** = **80**
- Opening Price on *",True,0.0
pie_338,pie_chart,How much higher is the percentage of Renewable energy source,30%,"Renewable energy is **30 percentage points** higher than Nuclear energy.

- **Re",True,0.0
line_8,line_chart,In which year was the production of Crop A the highest?,2004,Crop A had its highest production in **2004**.,True,0.0
rings_300,rings,How much more efficient is Diagnostics compared to the Treat,17%,"Diagnostics is **17 percentage points** more efficient than Treatment.

- **Diag",True,0.0
64,treemap,What percentage of Academic Funds is allocated to Secondary ,25%,Secondary Education is allocated **25%** of the Academic Funds.,True,0.0
rose_147,rose,How many more students are there in secondary education than,500 students,"From the chart:

- **Secondary Education** = **780**
- **Post-Graduate** = **250",True,0.0
220,histogram,How many houses were sold in the price range of 500-600 thou,40,40 houses were sold in the **500–600 thousand** price range.,True,0.0
86,treemap,What are the combined percentages of Bakery Goods and Bevera,37%,"Bakery Goods is **15%** and Beverages is **22%**.

**Combined percentage = 15% +",True,0.0
heatmap_248,heatmap,What is the amount of donations received by the World Wildli,$6000000,"The World Wildlife Fund received **$6,000,000** in donations.",True,0.0
bar_num_444,bar_chart_num,How many more hectares of crops are grown in France compared,3000 hectares,"From the chart:

- **USA crops:** 23,000 hectares  
- **France crops:** 25,000 h",True,0.0
bar_num_182,bar_chart_num,How many more theatres are there in Germany than in the UK?,40,"Germany has **40 more theatres** than the UK.

- **Germany:** 120 theatres  
- *",True,0.0
rose_52,rose,What is the total value for Public Education and Transportat,120,"From the chart:

- **Public Education = 30**
- **Transportation = 90**

**Total ",True,0.0
line_331,line_chart,What is the average height of individuals in the age group 1,140cm,The average height for the **11–15** age group is **140 cm**.,True,0.0
line_275,line_chart,How much did the Bakery category sales increase from January,300,"Bakery sales increased from **600** in January to **900** in June.

So, the incr",True,0.0
area_chart_44,area_chart,What is the increase in sales for Home & Kitchen from 2016 t,"$40,000","From the chart, **Home & Kitchen** sales were:

- **2016:** 150,000  
- **2020:*",False,0.0
candlestick_33,candlestick,What was the High Price of the stock on 2020-10-07?,$65.2,The **High Price** on **2020-10-07** was **65**.,True,0.0
radar_243,radar,Which subject showed the least improvement from Term 1 to Te,Physical Education Scores,"From the chart, improvement from **Term 1 to Term 4** is:

- **Math:** 85 → 95 =",False,0.0
pie_456,pie_chart,What percentage of the US Real Estate Market is made up of C,25%,Condominiums make up **25%** of the US real estate market in the chart.,True,0.0
rose_60,rose,How many more permanent employees were there than interns in,50,"From the chart for 2021:

- **Permanent employees:** 100  
- **Interns:** 50  

",True,0.0
rings_272,rings,How much larger is the Greenhouse emission ratio compared to,33%,"From the chart:

- **Greenhouse emission** = **45%**
- **Pollution Reduction** =",True,0.0
multi-axes_191,multi-axes,How much was the Energy Consumption in July?,4500 GWh,The energy consumption in **July** was **4500 GWh**.,True,0.0
line_44,line_chart,What is the difference in hotel revenue between July and Sep,There is no difference,"Hotel revenue in **July** is **1200 million dollars**, and in **September** it i",False,0.0
280,histogram,Which crime category has the highest number of cases?,Assault,"The crime category with the highest number of cases is **Assault**, with **3,500",True,0.0
108,treemap,What category has the smallest market share percentage accor,Corporate Finance,"The category with the smallest market share percentage is **Corporate Finance**,",True,0.0
area_chart_14,area_chart,How many more appeals were filed in 2021 compared to 2017?,40,"Appeals filed in **2017**: **250**  
Appeals filed in **2021**: **290**

Differe",True,0.0
heatmap_123,heatmap,What was the Production Volume in April?,74,"The image shows **government and public policy spending by category**, not produ",False,0.0
candlestick_38,candlestick,What was the High Price on 2019-04-29?,1060,The **High Price on 2019-04-29** was **1060**.,True,0.0
area_chart_26,area_chart,In which quarter did Profit ($) have the highest value?,Q1,Profit had the highest value in **Q1**.,True,0.0
line_285,line_chart,Which month had the lowest Production D output?,April,Production D had its lowest output in **April**.,True,0.0
rose_82,rose,What is the value for nuts in the given data?,120,The value for **Nuts** is **120**.,True,0.0
bar_num_495,bar_chart_num,How much higher is the average house price in Beijing compar,"$200,000","From the chart:

- **Beijing average house price** = **700,000**
- **New York av",True,0.0
262,treemap,How much higher is the market share of Single-Family Homes c,20%,"From the chart:

- **Single-Family Home:** 35%
- **Townhouse:** 15%

**Differenc",True,0.0
rose_42,rose,How many more types of Dairy products are on the market comp,50 types,"Dairy has **50 more** types of products than Seafood.

- **Dairy:** 90
- **Seafo",True,0.0
radar_207,radar,In which aspect do Medium Firms have the closest performance,Regulation Compliance,"From the chart, comparing **Medium Firms** to **Corporate Firms**:

- **Case Vic",True,0.0
rings_292,rings,What is the ratio difference between Engagement and Diversit,10%,"From the chart:

- **Engagement = 25%**
- **Diversity = 15%**

**Difference in r",True,0.0
line_201,line_chart,In which year did Stock Price D first reach or exceed $20?,2003,Stock Price D first reached or exceeded **$20 in 2003**.,True,0.0
32,histogram,What is the combined percentage of funding for Anthropology ,19%,"The chart shown is about **corporate revenue distribution across sectors**, not ",False,0.0
heatmap_39,heatmap,How many unique visitors does Instagram have (in millions)?,75,Instagram has **75 million** unique visitors.,True,0.0
area_chart_279,area_chart,Which region has the highest number of fans for Baseball?,Africa,"From the chart, **Africa** has the highest number of **Baseball** fans, with **3",True,0.0
area_chart_212,area_chart,Which country has the highest rice production according to t,USA,"According to the chart, **China** has the highest **rice production**, at about ",True,0.0
area_chart_224,area_chart,In which year did Waste Management see an annual average inc,2020,"Waste Management increased by **10% each year**, so the years in which it saw a ",True,0.0
rose_93,rose,How many more students are enrolled in Sociology compared to,600,"From the chart:

- **Sociology**: 1000 students  
- **Political Science**: 400 s",True,0.0
radar_74,radar,Which aspect received the highest score for Cruise?,Location Rating (Score),"For **Cruise**, the highest score is **Value for Money**, with a score of **90**",False,0.0
multi-axes_152,multi-axes,How much has the average price of electricity increased from,3 cents per kilowatthour,"From the chart, the average price of electricity was:

- **2010:** 10.0 cents pe",True,0.0
147,treemap,What is the production share percentage for Fruits?,18%,The production share for **Fruits** is **20%**.,False,0.0
candlestick_17,candlestick,What was the closing price ($) of the stock on 2020-06-28?,88.4,The closing price on 2020-06-28 was **$88.4**.,True,0.0
line_121,line_chart,At what age does the average work hours reach 60 hours per w,45,The average work hours reach **60 hours per week at age 45**.,True,0.0
rose_94,rose,How much more popular is Theatre compared to Architecture ac,35,"From the chart:

- **Theatre** = **60**
- **Architecture** = **25**

So, **Theat",True,0.0
rings_28,rings,By how much does Materials Costs exceed Labor Costs in manuf,5%,"Materials Costs are **27%** and Labor Costs are **22%**.

So, **Materials Costs ",True,0.0
16,histogram,How many countries have internet speeds in the range 26-30 M,25,There are **25 countries** in the **26–30 Mbps** range.,True,0.0
area_chart_289,area_chart,Which category has the lowest number of Exhibitions events?,"Music, Film, Architecture","The category with the lowest number of **Exhibitions** events is **Paintings**, ",False,0.0
area_chart_121,area_chart,What is the difference in average blood sugar levels between,20 mg/dL,"Adults have an average blood sugar level of **70 mg/dL**, while Children have **",True,0.0
bar_num_200,bar_chart_num,Which country has the highest total number of arts and cultu,UK,"The **UK** has the highest total number of arts and culture venues in 2021.

Tot",True,0.0
area_chart_260,area_chart,"In which month did the Customers reach 30,000 for the first ",August,"The number of **Customers first reached 30,000 in August**.",True,0.0
heatmap_147,heatmap,Which industry has the highest revenue according to the data,Energy,"The **Energy** industry has the highest revenue, at **40,000 million**.",True,0.0
rose_145,rose,How many more patients does Cardiology have compared to Infe,175,"Cardiology has **180 more patients** than Infectious Diseases.

- **Cardiology:*",True,0.0
line_433,line_chart,Which category saw an increase in popularity every year from,Art,The categories that increased in popularity every year from 2001 to 2004 are **M,True,0.0
radar_278,radar,What is the score for Facility Comfort at Theatre D?,88,The **Facility Comfort** score at **Theatre D** is **88**.,True,0.0
line_395,line_chart,What was the crime rate in 2006?,1000 per 100000 citizens,"In **2006**, the crime rate was **1000 per 100,000 citizens**.",True,0.0
candlestick_27,candlestick,What was the low price of the stock on 2019-05-01?,$780,The low price on **2019-05-01** was **$780**.,True,0.0
multi-axes_151,multi-axes,What is the average online review score for shoes?,4.3,The average online review score for **shoes** is **4.3 out of 5**.,True,0.0
rings_182,rings,What is the combined ratio for Quality Control and Inventory,32%,"Quality Control is 15% and Inventory Management is 17%.

Combined ratio = 15% + ",True,0.0
rose_89,rose,How much more popular is History compared to Psychology?,55,"From the chart:

- **History** = 75  
- **Psychology** = 20  

So **History is 5",True,0.0
area_chart_265,area_chart,What is the Internet Speed for the Social Networking categor,100,The **Internet Speed** for **Social Networking** is **80 Mbps**.,False,0.0
area_chart_274,area_chart,What is the difference in production output (Units) between ,700 units,"From the chart:

- **Chemicals production output** = **1000 units**
- **Pharmace",True,0.0
area_chart_184,area_chart,How many more undergraduate students are there in Education ,150,ERROR: 'NoneType' object is not subscriptable,False,0
151,histogram,How many projects received funding in the range of $400-500 ,14,14 projects received funding in the **$400–500 million** range.,True,0.0
144,treemap,What type of property has the smallest market share percenta,"Manufactured Home, Co-op, and Vacation Home (all are tied with 5%)","The smallest market share percentage is **5%**.

The property types with **5%** ",True,0.0
area_chart_193,area_chart,Which level of education has the highest number of students ,Elementary School,"Graduate has the highest number of students enrolled in Language studies, with a",False,0.0
heatmap_130,heatmap,How many more corporate lawyers are there than real estate l,250,"There are **250 more corporate lawyers** than real estate lawyers.

- Corporate:",True,0.0
bar_num_469,bar_chart_num,What percentage of government spending is allocated to Healt,95%,"In the **UK**, the percentage allocated to **Healthcare** is **95%** according t",True,0.0
rose_53,rose,How many Co-ops are there in the Real Estate Properties data,25,There are **25 Co-ops** in the Real Estate Properties data.,True,0.0
radar_91,radar,Which platform has the highest ad revenue according to the d,Facebook,"According to the chart, **Facebook** has the highest **ad revenue**, at about **",True,0.0
area_chart_255,area_chart,How many more users does Facebook have in the Fashion catego,1500 users,"From the chart in the **Fashion** category:

- **Facebook** ≈ **3000**
- **Linke",True,0.0
area_chart_132,area_chart,Which academic level shows the highest enrollment for Biolog,Undergraduate,"Biology shows the highest enrollment at the **Undergraduate** level, with **250 ",True,0.0
line_309,line_chart,How many more absentees were there in 2006 than in 2001?,13,"From the chart:

- Absentees in **2001** = **2**
- Absentees in **2006** = **15*",True,0.0
line_198,line_chart,By how many million units did the production of A decrease f,10 million units,Production of **A** decreased from **90 million units in 2002** to **80 million ,True,0.0
rings_293,rings,What is the total percentage for Logistics Efficiency and De,61%,"Logistics Efficiency is **40%** and Delivery Reliability is **20%**.

Combined t",True,0.0
228,treemap,What is the percentage difference between 'Health & Beauty' ,3%,"From the treemap, **Books & Media = 15%** and **Health & Beauty = 12%**.

So the",True,0.0
area_chart_238,area_chart,Which mode of transport covers the greatest distance by road,Truck,"From the chart, **Truck** covers the greatest distance by **road**, at about **6",True,0.0
heatmap_275,heatmap,How much did the legal fees increase from 2018 to 2022?,$9 million,"Legal fees increased from **15 million** in 2018 to **24 million** in 2022.

So,",True,0.0
area_chart_7,area_chart,How many users did LinkedIn gain from February to March?,10000,"LinkedIn went from **55,000** users in **February** to **65,000** users in **Mar",True,0.0
146,histogram,"What is the combined percentage for Health and Beauty, and B",25%,The chart shown is about **Global Life Expectancy Distribution** with ranges lik,False,0.0
area_chart_73,area_chart,What is the total production of Rye and Millet combined?,130 lbs,"From the chart, **production** values are:

- **Rye:** 50 pounds  
- **Millet:**",True,0.0
rose_21,rose,Which technology has the highest frequency of use according ,Network Security,"According to the chart, **Network Security** has the highest frequency of use, w",True,0.0
candlestick_10,candlestick,What was the closing price of the stock on the last availabl,$35,"The last available date in the dataset is **Jun 28**, and the **closing price** ",True,0.0
141,treemap,What is the percentage of the Electronics category?,20%,The **Electronics** category is **18%**.,True,0.0
line_225,line_chart,How much did Donation C increase by from 2018 to 2023?,400 million dollars,Donation C increased from **200 million dollars in 2018** to **600 million dolla,True,0.0
multi-axes_137,multi-axes,Which category has the highest revenue per employee?,Road Transport,"To find the **highest revenue per employee**, compare:

- **Road Transport:** 5,",True,0.0
bar_num_273,bar_chart_num,How many users does YouTube have in millions?,2.50,YouTube has **2.5 million users**.,True,0.0
area_chart_67,area_chart,What is the total revenue generated from Boxing?,"$2,000","For **Boxing**, the revenues are:

- Ticket Sales: **$1,000**
- Food & Beverage ",False,0.0
radar_199,radar,Which policy had the highest effectiveness score in Q4?,Security,"In Q4, **Security** had the highest effectiveness score, with a score of **100**",True,0.0
line_num_357,line_chart_num,How much did the profit of ABC Company increase from 2019 to,$2000 million,"ABC Company’s profit increased from **500** in 2019 to **2500** in 2023.

So, th",True,0.0
rings_273,rings,What is the ratio for Efficiency in the Energy and Utilities,5%,The ratio for **Efficiency** in 2023 is **5%**.,True,0.0
27,treemap,"How many points is the ""Literature Review"" stage valued at?",800,"The image shows a treemap titled **""Revenue Distribution in Sports and Entertain",False,0.0
line_473,line_chart,In which year did air transportation reach 950 million passe,2018,Air transportation reached **950 million passengers in 2018**.,True,0.0
pie_468,pie_chart,What percentage of science and engineering professionals pos,10%,The chart shows that **10%** of science and engineering professionals possess **,True,0.0
heatmap_107,heatmap,How many volunteers are there in the Environment category?,15,There are **15 volunteers** in the **Environment** category.,True,0.0
area_chart_219,area_chart,In which year was the highest amount of hours dedicated to R,2015,"The highest amount of hours dedicated to **Research** was in **2015**, with **15",True,0.0
area_chart_60,area_chart,What was the total in-store sales in thousands for all quart,1680,"The in-store sales by quarter are:

- Q1: 900
- Q2: 930
- Q3: 920
- Q4: 930

Tot",False,0.0
area_chart_273,area_chart,How many more female healthcare professionals are there than,35,"In the **Dentist** category:

- **Male** professionals: **40**
- **Female** prof",False,0.0
radar_205,radar,What is the Employee Satisfaction score in April?,90,The **Employee Satisfaction** score in **April** is **90**.,True,0.0
multi-axes_126,multi-axes,By how much did TV ratings increase from 2015 to 2020?,80 million,"From the chart, **TV ratings** were:

- **2015:** 140 million  
- **2020:** 220 ",True,0.0
line_num_350,line_chart_num,What is the total electricity usage during the summer months,14000 kWh,"The total electricity usage for the summer months:

- June: 4500 kWh  
- July: 5",True,0.0
area_chart_116,area_chart,How many Web Users were there in October?,290 million,"In **October**, there were **295 Web Users**.",True,0.0
rose_83,rose,How much is the value for Electronics Retail?,150,The value for **Electronics Retail** is **150**.,True,0.0
139,treemap,Which sector has the highest percentage according to the por,Stock Market,"The sector with the highest percentage is **Cryptocurrency**, at **20%**.",False,0.0
line_353,line_chart,What is the total production for Production A in the first e,5400,"Production A values from January to August are:

- January: 500
- February: 600
",True,0.0
area_chart_225,area_chart,In which year was the fish production the highest according ,2015,Fish production was highest in **2018**.,True,0.0
175,treemap,How much higher is the percentage of Electronics compared to,23%,"From the chart:

- **Electronics** = **20%**
- **Beauty Products** = **10%**

So",False,0.0
bar_num_210,bar_chart_num,How many concerts were there in Germany?,70,Germany had **70 concerts**.,True,0.0
pie_460,pie_chart,What is the combined percentage of Visual Arts and Music in ,45%,"Visual Arts is 25% and Music is 20%, so their combined percentage is **45%**.",True,0.0
heatmap_109,heatmap,What is the turnover rate for the Human Resources department,5%,The turnover rate for the **Human Resources** department is **5%**.,True,0.0
area_chart_91,area_chart,Which field of study had the lowest number of graduates ever,Political Science,"From the chart, **Political Science** had the lowest number of graduates every y",True,0.0
area_chart_181,area_chart,What is the total increase in Food Production from 2016 to 2,4000 Tons,"Food Production increased from **10,000 tons in 2016** to **14,000 tons in 2020*",True,0.0
rose_61,rose,Which web service has the lowest value?,Maps,The web service with the lowest value is **Maps**.,True,0.0
rings_139,rings,How much more of the budget is allocated to Disease Preventi,25%,"Disease Prevention is allocated **25 percentage points more** than Research.

- ",True,0.0
line_224,line_chart,Which country has the least number of people living below th,Mexico,"According to the chart, **the USA** has the least number of people living below ",False,0.0
radar_102,radar,Which university has the highest faculty Quality Score?,Cambridge,"From the chart, **Cambridge** has the highest **Faculty Quality Score**, at abou",True,0.0
line_430,line_chart,What is the average salary for the age of 50?,90,"At age **50**, the average salary is **$90,000**.",True,0.0
area_chart_262,area_chart,How many attendees were there at art galleries in April?,60,"In **April**, **Art Galleries** had **65 attendees**.",True,0.0
multi-axes_240,multi-axes,Which category has the highest conversion rate?,Furniture,"The category with the highest conversion rate is **Furniture**, at **35%**.",True,0.0
line_num_424,line_chart_num,What is the average life expectancy for the age group 85-89?,46,"For the **85–89** age group, the chart shows an **average life expectancy of 46 ",True,0.0
172,treemap,Which department has the smallest percentage according to th,Production,"The department with the smallest percentage is **Production**, at **7%**.",True,0.0
area_chart_138,area_chart,Which region has the lowest dairy production according to th,Africa,"According to the chart, **Africa** has the **lowest dairy production**, at about",True,0.0
rings_138,rings,How much higher is the ratio of Education compared to Psycho,15%,"From the chart, **Education = 25** and **Psychology = 10**.

So the ratio differ",True,0.0
pie_183,pie_chart,What is the combined percentage of Fast food and Casual dini,45%,"Fast food is **25%** and Casual dining is **20%**.

Combined: **45%**.",True,0.0
90,treemap,Which social media platform has the least daily active users,Twotter,The image shown is a treemap of **revenue distribution in the sports and enterta,False,0.0
area_chart_237,area_chart,Which category has the highest number of YouTube users?,Entertainment,"The category with the highest number of **YouTube** users is **Entertainment**.
",True,0.0
heatmap_252,heatmap,How much more does the United States spend on healthcare tha,$500 billion,"From the chart:

- **United States healthcare budget:** **800 billion**
- **Germ",True,0.0
area_chart_170,area_chart,What is the trend for the Cybersecurity (Users) from 2020 to,Increasing,"For **Cybersecurity (Users)** from **2020 to 2023**, the trend is:

- **2020:** ",False,0.0
rose_274,rose,What is the value for Literary Arts?,80,The value for **Literary Arts** is **40**.,False,0.0
bar_num_3,bar_chart_num,How many more beverage outlets are there in the South than i,40,"From the chart, **Beverages outlets** are:

- **South:** 320
- **East:** 280

So",True,0.0
radar_55,radar,What is the Recruitment Efficiency score for HR Team 5?,85,The Recruitment Efficiency score for **HR Team 5** is **82**.,True,0.0
rings_190,rings,What ratio is assigned to 'Court Cases'?,40%,The ratio assigned to **Court Cases** is **40%**.,True,0.0
area_chart_161,area_chart,What was the government spending for healthcare in the year ,$4900,"Government spending for **healthcare in 2021** was **$5,200**.",True,0.0
line_469,line_chart,By how much did the number of criminal cases increase from 2,2000 cases,"From the chart, criminal cases were:

- **2001:** 5,000  
- **2006:** 7,000  

S",True,0.0
line_num_359,line_chart_num,What was the increase in volunteer hours from 2018 to 2019?,50000,"The volunteer hours increased from **200,000 in 2018** to **250,000 in 2019**.

",True,0.0
222,treemap,What is the difference in value between the Interest and Con,1500,"The chart shown is about **research funding fields**, not stages like **Interest",False,0.0
area_chart_11,area_chart,How many more hours were spent on athletics than on gaming i,10 hours,"In December:

- Athletics: 95 hours
- Gaming: 80 hours

Difference: 95 - 80 = 15",False,0.0
pie_472,pie_chart,What is the tourism share of Africa?,5%,Africa's tourism share is **5%**.,True,0.0
line_241,line_chart,By how many tonnes did wheat production increase from 2001 t,3000 tonnes,"Wheat production increased from **20,000 tonnes** in 2001 to **23,000 tonnes** i",True,0.0
area_chart_222,area_chart,How much is the total revenue for Europe?,400000,"The total revenue for **Europe** is **400,000**.",True,0.0
heatmap_49,heatmap,How many more conferences are there in Education compared to,25 conferences,"From the chart:

- **Education conferences** = **25**
- **Philosophy conferences",True,0.0
area_chart_297,area_chart,How many clothing units were manufactured in September?,1700,"In **September**, **clothing** manufactured was **1,700 units**.",True,0.0
multi-axes_150,multi-axes,How much more is the government spending on healthcare compa,1000 billions of dollars,"From the chart:

- **Healthcare spending:** \$1200 billion  
- **Environmental P",True,0.0
rose_10,rose,How much higher is the value for Taxation policy area than t,120,"Taxation is **120 higher** than International Relations.

- **Taxation:** 200
- ",True,0.0
bar_num_12,bar_chart_num,By how many million is the number of Facebook users in Franc,40 million,"In France, Facebook users are about **30 million** more than Twitter users.

- F",False,0.0
radar_208,radar,What is the maintenance cost rating for a truck?,60,The **maintenance cost rating for a truck** is **60**.,True,0.0
line_33,line_chart,In what year did Classical Music album sales drop below 80 f,2003,Classical Music album sales first dropped below 80 in **2004**.,True,0.0
area_chart_209,area_chart,What is the total sales for the Home Goods category?,"250,000","The **total sales** for **Home Goods** are **$250,000**.",True,0.0
line_num_390,line_chart_num,How many work hours were recorded for the month of May?,41,"In **May**, the recorded **work hours** were **41 hours**.",True,0.0
rings_52,rings,What category has the highest ratio according to the data?,Web Development,The category with the highest ratio is **Web Development** at **30%**.,True,0.0
136,treemap,Which legal sector has the smallest proportional case load a,Environmental Law,The legal sector with the smallest proportional case load is **Environmental Law,True,0.0
area_chart_223,area_chart,Which product has the highest energy consumption according t,Renewable Energy Credits,"According to the chart, **Renewable Energy Credits** has the **highest energy co",True,0.0
line_265,line_chart,By how much did the campaign expenditure increase from 2018 ,$400 million,"From the chart, campaign expenditure was:

- **2018:** \$95 million  
- **2022:*",False,0.0
167,treemap,How much more percentage is allocated to the Executive branc,15%,"From the chart:

- **Executive** = 30%
- **Judicial** = 20%

Difference:

**30% ",False,0.0
pie_37,pie_chart,How much more does fossil fuels contribute to the US energy ,25%,"From the chart:

- **Fossil Fuels:** 45%
- **Renewable:** 20%

So, fossil fuels ",True,0.0
area_chart_84,area_chart,How many 5-star resorts are available?,50,There are **50** 5-star resorts available.,True,0.0
line_72,line_chart,Which food item had the highest increase in price from 2001 ,Fruit,"From the chart, comparing 2001 to 2004:

- **Vegetables:** 1.5 → 1.6 = **+0.1**
",True,0.0
area_chart_282,area_chart,Which region has the lowest corn production?,Oceania,Oceania has the lowest corn production.,True,0.0
multi-axes_202,multi-axes,In which month did the on-time arrival rate first reach or e,August,The on-time arrival rate first reached **95% in September**.,False,0.0
radar_218,radar,Which sector has shown consistent improvement over all four ,Public Health,"From the chart, **all sectors** show consistent improvement across the four quar",True,0.0
line_num_415,line_chart_num,What is the number of visitors in July according to the prov,70000,"The number of visitors in **July** is **70,000**.",True,0.0
area_chart_211,area_chart,In which year did Legal Aid Services have the largest percen,2020,"For **Legal Aid Services**, the percentages by year are:

- **2020:** 30
- **202",True,0.0
rings_135,rings,Which category has the lowest ratio in the 2023 Real Estate ,Affordability,The category with the lowest ratio is **Affordability** at **10%**.,True,0.0
199,treemap,How many people are at the Consideration stage?,10000,"The image shows **department workforce distribution**, not funnel stages like **",False,0.0
217,treemap,How many have signed up according to the data?,2000,The image is a treemap titled **“Allocation of Research Funding Across Science a,False,0.0
area_chart_157,area_chart,How many users did Instagram have in the year 2020?,270,"In **2020**, Instagram had **260 million users** according to the chart.",True,0.0
heatmap_82,heatmap,Which product has the highest unit price?,Soybeans,Soybeans has the highest unit price at **$2.50**.,True,0.0
line_460,line_chart,In which year was the production of Crop C the highest accor,2002,Crop C had its highest production in **2002**.,True,0.0
pie_45,pie_chart,Which field has the smallest percentage of scientists?,Geologists,"The field with the smallest percentage is **Geologists**, at **4.5%**.",True,0.0
area_chart_111,area_chart,By how much did the educational budget increase from 2019 to,$4000,"From the chart, the **educational budget** was:

- **2019:** 10,000
- **2023:** ",True,0.0
bar_num_188,bar_chart_num,What was the GDP of the UK in 2021?,2.9 trillion,The chart shows the UK's GDP in 2021 as **2.9**.,True,0.0
area_chart_271,area_chart,Which region has the highest soybean production according to,Asia,"According to the chart, **Asia** has the highest soybean production, with **10,0",True,0.0
heatmap_242,heatmap,What is the sale price of House 5?,700,The sale price of **House 5** is **$750**.,True,0.0
line_num_183,line_chart_num,What is the difference in average GPA between 10th grade and,0.5,"The average GPA for:

- **10th grade** = **4.0**
- **7th grade** = **3.5**

**Di",True,0.0
radar_257,radar,Which category showed steady improvement in every decade fro,Waste Management,The category that showed steady improvement in every decade from the 1990s to th,True,0.0
area_chart_169,area_chart,What is the total cost ($) of electricity and gas for the Mi,$1300,"For the **Mining** category:

- **Electricity cost** = **$1,500**
- **Gas cost**",False,0.0
line_268,line_chart,By how many million units did tablet sales increase from 201,190 million units,Tablet sales increased from **10 million units in 2010** to **200 million units ,True,0.0
rose_110,rose,What is the popularity value for Visual Arts?,75,ERROR: 'NoneType' object is not subscriptable,False,0
rose_212,rose,What is the value for Corn?,7,The value for **Corn** is **7**.,True,0.0
multi-axes_145,multi-axes,What is the average salary of the Legal department?,"$80,000","The **Legal** department’s average salary is **$80,000**.",True,0.0
164,treemap,What is the combined percentage of Food Services and Recreat,30%,"Food Services is **20%** and Recreational Activities is **10%**.

**Combined per",True,0.0
rings_62,rings,What percentage of cultural participation does Music represe,10%,Music represents **10%** of cultural participation in 2023.,True,0.0
area_chart_99,area_chart,Which category has the highest waste units?,Food & Beverage,"The **Food & Beverage** category has the highest **waste units**, at **3,000 uni",True,0.0
7,treemap,What is the combined percentage of the workforce in Human Re,30%,"Human Resources = 10%  
Finance = 10%  
IT = 10%

Combined percentage = **30%**.",True,0.0
radar_132,radar,Which type of educational institution has the highest studen,Ivy League Institutes,The **State University** has the highest **student satisfaction** score.,False,0.0
pie_146,pie_chart,Which renewable energy source has the highest percentage?,Wind,Wind has the highest percentage at **35%**.,True,0.0
bar_num_206,bar_chart_num,How many staff members are there in French hospitals?,24000,"French hospitals have **24,000 staff members**.",True,0.0
area_chart_244,area_chart,How many more users did Instagram have compared to Twitter i,40,"In Q3 of 2019:

- **Instagram** had **250** users
- **Twitter** had **210** user",True,0.0
area_chart_108,area_chart,What was the difference in millions between food sales and b,-400,"In 2017:

- **Food sales** = **4,500 million**
- **Beverage sales** = **4,800 mi",False,0.0
line_273,line_chart,What is the production of maize in the year 2017?,1300 metric tons,The production of **maize in 2017** was **1300 metric tons**.,True,0.0
heatmap_214,heatmap,In which category does Education have the highest percentage,Category 10,"Education has the highest percentage in **Category 10**, at **70%**.",True,0.0
area_chart_295,area_chart,By how much did potato production (lbs) increase from 2015 t,200 lbs,"Potato production was **1000 lbs** in **2015** and **700 lbs** in **2019**.

So ",False,0.0
line_34,line_chart,"What was the property crime rate (per 100,000 people) in 200",1200,"The property crime rate in **2001** was **1,200 per 100,000 people**.",True,0.0
line_num_312,line_chart_num,How many hits did Website C receive in March?,3000,Website C received **3000 hits** in **March**.,True,0.0
161,treemap,What is the combined percentage of wind and solar energy sou,2%,"Wind is **1%** and solar is **1%**, so combined they make **2%**.",True,0.0
rings_58,rings,Which category has the lowest ratio in Manufacturing and Pro,Quality Control,The category with the **lowest ratio** is **Quality Control**.,True,0.0
rose_267,rose,What is the value for Townhomes according to the Real Estate,400,The value for **Townhomes** is **400**.,True,0.0
multi-axes_68,multi-axes,How much is the average ticket price for Wimbledon?,450,"From the chart, **Wimbledon’s average ticket price is about $500**.",False,0.0
rose_64,rose,How many cases were filed under Tax Law in 2021?,60,Tax Law had **50 cases** filed in 2021.,False,0.0
radar_135,radar,How much Ad Revenue does Instagram have?,$250m,"From the chart, **Instagram's ad revenue is about $260 million**.",True,0.0
area_chart_221,area_chart,In which quarter did the number of mobile users reach 150 mi,Q3,The number of mobile users reached 150 million in Q3.,True,0.0
21,treemap,What is the total percentage of research funding allocated t,47%,"From the treemap:

- **Biology** = 18%
- **Physics** = 15%
- **Chemistry** = 12%",True,0.0
area_chart_29,area_chart,How many more units of Product J were produced compared to P,3000 units,"From the chart:

- **Product H** = **5800 units**
- **Product J** = **8600 units",True,0.0
area_chart_171,area_chart,How many students are enrolled in History at the Undergradua,200,History at the **Undergraduate** level has **200 students** enrolled.,True,0.0
pie_447,pie_chart,Which art form has the smallest percentage according to the ,Literature,"According to the chart, **Literature** has the smallest percentage at **4.6%**.",True,0.0
heatmap_273,heatmap,Which product has the highest efficiency rate?,Widget A,"From the heatmap, **Widget E** has the highest **Efficiency (%)**.

Approximate ",True,0.0
line_256,line_chart,How many more donors contributed to the UK than to Australia,32 donors,"From the chart:

- **UK donors:** 48  
- **Australia donors:** 15  

So, **48 - ",True,0.0
bar_num_168,bar_chart_num,How many engineers are there in North America?,1500,There are **1500 engineers** in **North America**.,True,0.0
line_num_339,line_chart_num,How much did the production of Product A increase from Janua,1100 units,"Product A increased from **1000** in January to **2100** in August.

So, the inc",True,0.0
area_chart_133,area_chart,In which year did Computer Science have the smallest increas,2021,"Computer Science enrollment by year appears to be:

- 2018: 250
- 2019: 260
- 20",True,0.0
93,treemap,What two categories make up 45% of the Internet usage distri,Social Media and Online Shopping,"The two categories that make up **45%** are:

- **Social Media** — 25%
- **Strea",False,0.0
rings_211,rings,What is the ratio for Customer Service?,10%,"From the chart, **Customer Service = 10%**.

So the ratio is:

- **10:100**, whi",True,0.0
line_387,line_chart,Which energy source had the lowest consumption in April?,Hydro Energy,"In April, **Hydro Energy** had the lowest consumption, at **1000 units**.",True,0.0
area_chart_57,area_chart,How much higher were Beverage Sales than Food Sales in March,"$2,000","In March:

- **Food Sales** = **$24,000**
- **Beverage Sales** = **$22,000**

So",True,0.0
area_chart_250,area_chart,What was the growth percentage in Q1?,10%,"From the chart, **Revenue** in **Q1 = $500,000** and in **Q2 = $520,000**.

If y",True,0.0
area_chart_139,area_chart,What was the Operating Expenses figure in Q3?,"$50,000","The **Operating Expenses in Q3** were **$50,000**.",True,0.0
pie_364,pie_chart,Which art form has the lowest percentage distribution?,Film,Film has the lowest percentage distribution at 10%.,True,0.0
heatmap_263,heatmap,Which country has the highest average daily rate?,United States,"The **United States** has the highest **average daily rate**, at **$250**.",True,0.0
133,treemap,How much less does the Information Technology sector contrib,10%,"The Information Technology sector contributes 10%, while the Investment sector c",True,0.0
rose_62,rose,How many more visitors did Sightseeing attract compared to S,40,"Sightseeing attracted **30 more visitors** than Shopping.

- **Sightseeing:** 20",False,0.0
line_380,line_chart,How many more cases were opened than closed in the month of ,30,"In July:

- Opened: 220 cases
- Closed: 190 cases

Difference: 220 - 190 = 30

S",True,0.0
area_chart_176,area_chart,How many sites are associated with E-learning according to t,250,"According to the chart, **E-learning** is associated with **250 websites**.",True,0.0
radar_142,radar,What is the score difference between Quality Control in Q4 a,25,"From the chart:

- **Quality Control in Q4** = **95**
- **Cost Reduction in Q2**",False,0.0
line_num_196,line_chart_num,In which year was the unemployment rate the highest from 200,2003,"The unemployment rate was highest in **2003**, at **5.3%**.",True,0.0
area_chart_188,area_chart,Which industry category has the lowest water usage according,Waste Management,"The industry category with the **lowest water usage** is **Waste Management**, a",True,0.0
rings_165,rings,What is the difference in ratio between Music and Theatre?,8%,"From the chart:

- **Music = 25%**
- **Theatre = 17%**

The **difference** is:

",True,0.0
bar_num_99,bar_chart_num,How many more civil cases are there in the UK compared to th,50 cases,"From the chart:

- **UK civil cases:** 400  
- **USA civil cases:** 350  

So, t",True,0.0
radar_240,radar,What is the impact factor of Philosophy?,55,The **impact factor of Philosophy** is **50**.,True,0.0
pie_148,pie_chart,How much more is the percentage use of Air transportation co,5%,"Air transportation is **25%** and Sea transportation is **20%**.

So, Air is **5",True,0.0
multi-axes_297,multi-axes,Which category has the highest Revenue to Patients Treated r,Emergency Care,"Compute Revenue ÷ Patients Treated for each category from the chart:

- Primary ",True,0.0
0,treemap,How much is the yield for rice?,960 metric tons,"The image is a treemap about **environmental protection efforts**, not crop yiel",False,0.0
area_chart_103,area_chart,How many tons of dairy products does North America produce m,15000 tons,"From the chart, dairy production is:

- North America: 20 tons
- South America: ",False,0.0
rose_123,rose,How many more users are engaged in Blogging than in Online N,600000 users,"From the chart:

- **Blogging**: **700,000**
- **Online News**: **100,000**

Dif",True,0.0
heatmap_185,heatmap,Which organization has the lowest difference between revenue,Habitat for Humanity,"From the chart:

- **Red Cross:** 150 - 100 = **50**
- **Salvation Army:** 130 -",True,0.0
area_chart_167,area_chart,What is the Seed Cost in the month of April?,$1200,"The Seed Cost in April is $1,200.",True,0.0
line_113,line_chart,By how much did the Quarterly GDP exceed the Quarterly Infla,-0.1,"In 2005:

- **Quarterly GDP** = **3.1**
- **Quarterly Inflation Rate** = **3.2**",True,0.0
line_num_296,line_chart_num,What was the difference in sales between online and store sa,$200 million,"In January:

- Online sales = 1000 million dollars
- Store sales = 800 million d",True,0.0
multi-axes_205,multi-axes,What is the Average Selling Price for the Electronics catego,$230,The Average Selling Price for the Electronics category is 240.,True,0.0
line_43,line_chart,What is the average humidity (%) across the months listed?,52.4%,"From the chart, the humidity values across the 5 months are approximately:

- 50",True,0.0
area_chart_25,area_chart,How much did the Average Price ($) increase from 2019 to 202,"$200,000","From the chart, the **Average Price ($)** was:

- **2019:** \$450,000  
- **2023",False,0.0
area_chart_96,area_chart,What were the expenses in May?,"$48,000","The expenses in **May** were **$45,000**.",True,0.0
bar_num_413,bar_chart_num,How many tourists visited the UK in 2021?,500,The chart shows that **500 tourists** visited the **UK** in **2021**.,True,0.0
pie_144,pie_chart,What percentage of education distribution is Vocational in t,10%,Vocational is **10%** of the education distribution in the United States in 2023,True,0.0
11,treemap,What percentage of the food production is dedicated to veget,25%,Vegetables account for **25%** of the food production.,True,0.0
rings_149,rings,Which areas have the same ratio?,"Education, Social Sciences, and Humanities","The areas with the same ratio are:

- **Education** and **Social Sciences** — **",True,0.0
heatmap_257,heatmap,What is the Government Debt for Health category?,1.5 trillion,The **Government Debt** value for **Health** is **2 trillion**.,False,0.0
line_422,line_chart,What is the increase in the average house price from 2001 to,$200 million dollars,"From the chart, the average **house** price was:

- **2001:** 200 million dollar",True,0.0
radar_215,radar,Which category showed the greatest improvement from Q1 to Q4,Cost Efficiency,"From the chart, the improvement from **Q1 to Q4** is:

- **Patient Outcomes:** 8",True,0.0
area_chart_117,area_chart,How many Comedy events are there in 2023?,210,There are **220 Comedy events** in **2023**.,True,0.0
area_chart_141,area_chart,What is the difference in expenses between January and Decem,5500,"Expenses in **January** are **5,000**, and in **December** they are **10,500**.
",True,0.0
pie_271,pie_chart,What percentage of the energy sources in the USA in 2023 is ,20%,"Nuclear is **20%** of the energy sources in the USA in 2023, according to the ch",True,0.0
line_131,line_chart,How many more students were enrolled in music classes than a,300,"In **2017**:

- **Music classes:** 1400 students  
- **Art classes:** 1100 stude",True,0.0
area_chart_19,area_chart,What was the percentage increase in donations from 2016 to 2,80%,"Donations increased from **50 million** in 2016 to **90 million** in 2020.

Perc",True,0.0
line_45,line_chart,By how much did the number of users increase from 2021-02-01,250000,"From the chart, the number of users was:

- **1,000,000** on **2021-02-01**
- **",True,0.0
196,treemap,What is the value at the Inquiries stage?,1000,"There is no **“Inquiries”** stage shown in the chart.

The chart displays these ",False,0.0
area_chart_291,area_chart,How much did Prescription Costs increase from 2019 to 2020?,$200,"Prescription Costs increased from **2000 in 2019** to **2200 in 2020**, so the i",True,0.0
multi-axes_90,multi-axes,How much did deforestation increase from 2010 to 2020?,3 million hectares,"From the chart, deforestation was about **5.2 million hectares** in **2010** and",True,0.0
multi-axes_58,multi-axes,How much revenue does LinkedIn generate?,$7760 million,"From the chart, **LinkedIn generates about 10,000 million USD**, i.e. **$10 bill",False,0.0
area_chart_204,area_chart,In which year did 'Public Programs' expenditure reach $5500?,2022,"“Public Programs” expenditure reached **$5,500 in 2019**.",True,0.0
65,treemap,How many people are in the 'Preparing' stage according to th,10000,The image does not show any stage labeled **“Preparing.”** It displays investmen,False,0.0
bar_num_414,bar_chart_num,How many tons of fruit does Germany produce?,230,Germany produces **230 tons of fruit**.,True,0.0
line_60,line_chart,"In which month is the total production of fruits (A, B, and ",June,"Add fruits A, B, and C for each month:

- January: 200 + 100 + 150 = 450
- Febru",False,0.0
pie_403,pie_chart,What percentage is allocated to Visual Arts?,25%,Visual Arts is allocated **25%**.,True,0.0
67,treemap,What percentage of internet activity is represented by remot,10%,Remote work represents **12%** of internet activity.,False,0.0
area_chart_61,area_chart,"In which year did rice production reach 40,000 tons?",2018,"Rice production reached **40,000 tons in 2019**.",True,0.0
line_176,line_chart,What is the percentage of tobacco use in the 45-54 age group,35%,The percentage of **tobacco use** in the **45–54** age group is **35%**.,True,0.0
area_chart_300,area_chart,Which field has the highest number of Physics publications?,Physics,"From the chart, the highest number of **Physics** publications is in **Chemistry",True,0.0
area_chart_218,area_chart,What was the Production Volume in April?,74,"The chart shown is about **social media engagement by platform**, not **producti",False,0.0
bar_num_167,bar_chart_num,What is the difference in the average home price between Los,$1.4 million,"The average home price in:

- **Los Angeles** = **4.8 million**
- **New York** =",True,0.0
line_371,line_chart,What is the Employee Satisfaction Score for the year 2023?,89,The Employee Satisfaction Score for **2023** is **89**.,True,0.0
multi-axes_94,multi-axes,How many houses were for rent in 2013?,1700,"In **2013**, there were **1,700 thousand houses for rent**, i.e. **1.7 million**",True,0.0
area_chart_85,area_chart,In which quarter was the Electronics Production the lowest?,Q1,The **Electronics Production** was lowest in **Q1**.,True,0.0
multi-axes_104,multi-axes,What was the deforestation rate in 2015 relative to 2010?,1500 hectares less,"From the chart:

- **2010 deforestation rate:** **5000 hectares**
- **2015 defor",True,0.0
193,treemap,What is the value for the Conversion stage in the Consumer J,1000,"The image provided shows **allocation of expenditure across legal branches**, no",False,0.0
98,treemap,What is the combined percentage of Instagram and WhatsApp us,30%,"Instagram is **15%** and WhatsApp is **15%**.

**Combined usage = 30%**.",True,0.0
line_218,line_chart,What was the total amount of donations collected by Donation,2200,"Donations A collected:

- **2015:** 1000  
- **2016:** 1200  

**Total = 1000 + ",True,0.0
area_chart_235,area_chart,Which department has the highest percentage in the R&D field,Finance and Government,"From the chart, **Education** has the highest percentage in the **R&D field**, a",False,0.0
pie_117,pie_chart,What percentage of the industry is represented by Dairy and ,50%,"Dairy is 20% and Fruits and Vegetables is 30%, so together they represent 50% of",True,0.0
bar_num_255,bar_chart_num,Which region has the lowest CO2 emissions?,Europe,"Europe has the lowest CO2 emissions, at **60 thousand kg/year**.",True,0.0
bar_num_478,bar_chart_num,How many more houses were sold in the South compared to the ,40,"The South sold **40 more houses** than the East.

- **South:** 320 houses
- **Ea",True,0.0
area_chart_34,area_chart,How much more funding does Policy 1 receive in 2024 compared,$24000,"In 2024:

- **Policy 1** receives **$38,000**
- **Policy 5** receives **$13,000*",True,0.0
area_chart_107,area_chart,Which month had the highest percentage of Cruise Ship Bookin,February,"The highest percentage of **Cruise Ship Bookings** was in **January, February, a",True,0.0
area_chart_280,area_chart,In which year did History have the lowest student enrollment,2018,"History had the lowest student enrollment in **2019**, with **370 students**.",True,0.0
area_chart_40,area_chart,How many arbitration cases were disposed of in 2021?,90,"In **2021**, **90 arbitration cases** were disposed of.",True,0.0
line_123,line_chart,How many Twitter users were there in 2016?,900,"In **2016**, Twitter had **900 users** (based on the chart).",True,0.0
multi-axes_211,multi-axes,"How much revenue is generated from ""Textile Art""?",410 million dollars,“Textile Art” generates **$410 million** in revenue.,True,0.0
line_243,line_chart,How much did the tablet usage increase from January to May?,20000,"Tablet usage increased from **10,000 in January** to **30,000 in May**.

So, the",True,0.0
multi-axes_141,multi-axes,How many more houses were sold in Phoenix than in Chicago?,220,"From the chart, **Phoenix** sold **700 houses** and **Chicago** sold **480 house",True,0.0
line_88,line_chart,What is the average crop price from 2000 to 2005?,$3.12,"From the chart, the crop prices from 2000 to 2005 are:

- 2000: 2.5  
- 2001: 2.",True,0.0
area_chart_214,area_chart,Which category has the highest expenditure for Development?,Engineering,Engineering has the highest expenditure for Development.,True,0.0
237,treemap,What is the combined percentage of energy usage for Nuclear ,36%,"Nuclear is 19% and Renewables is 17%, so combined they account for 36%.",True,0.0
pie_363,pie_chart,How much greater is the percentage of Paintings compared to ,5%,"Paintings are **25%** and Sculptures are **20%**.

So, the percentage of Paintin",True,0.0
bubble_84,bubble,What is the difference in the number of employees between th,1000 employees,"Clothing has **5,000 employees** and Beauty and Personal Care has **4,000 employ",True,0.0
bar_num_458,bar_chart_num,How much is the Science score for Grade 3?,95,The **Science score for Grade 3** is **95**.,True,0.0
heatmap_222,heatmap,Which category has the highest value in cloud computing?,Services,"In the **Cloud Computing** row, the highest value is in **Services**, with a val",True,0.0
bar_num_421,bar_chart_num,Which country has the highest number of theaters?,UK,"From the chart, the number of theaters is:

- USA: 20
- UK: 25
- Germany: 15
- F",True,0.0
line_num_471,line_chart_num,What is the difference in renewable energy usage between 202,500 kWh,Renewable energy usage increased from **800 kWh in 2020** to **1300 kWh in 2023*,True,0.0
radar_300,radar,By how much does rice yield increase from Q1 to Q4?,160,"From the chart, **rice yield** is:

- **Q1:** 450
- **Q4:** 550

So the increase",False,0.0
207,treemap,How much more percentage does Painting have compared to Film,18%,"From the chart:

- **Painting** attendance = **35**
- **Film** attendance = **12",False,0.0
heatmap_234,heatmap,How many art galleries are there in Japan?,100,Japan has **100 art galleries**.,True,0.0
190,treemap,What is the percentage difference between Road and Air trans,25%,"From the chart:

- **Road = 40%**
- **Air = 15%**

**Percentage difference = 40%",True,0.0
bubble_127,bubble,How many millions of beneficiaries does the American Red Cro,50,The **American Red Cross** has **50 million beneficiaries**.,True,0.0
multi-axes_140,multi-axes,Which region has the highest revenue and what is the amount?,"Asia, $1021 billion","Asia has the highest revenue, at **$100 billion USD**.",False,0.0
line_114,line_chart,What is the difference between the Math Score and Science Sc,10,"For 7th graders:

- **Math Score = 85**
- **Science Score = 75**

**Difference =",True,0.0
line_num_494,line_chart_num,By how many visitors did Exhibition A's attendance increase ,500 visitors,Exhibition A increased from **1000** visitors in 2017 to **1500** visitors in 20,True,0.0
multi-axes_113,multi-axes,By how much did the number of cases litigated increase from ,685 cases,"From the chart, the number of cases litigated was:

- 2019: 6,200
- 2021: 6,900
",True,0.0
bar_num_500,bar_chart_num,What is the average house price difference between the North,"$50,000",The average house price difference between the Northern and Southern regions is ,True,0.0
heatmap_74,heatmap,Which category gives the highest score to the Physician?,Quality of Care,"For the **Physician**, the scores are:

- **Patient Satisfaction:** 92  
- **Qua",True,0.0
277,treemap,How much greater is the Internet usage share for Streaming S,12%,"From the treemap, **Streaming Services = 20%** and **Internet of Things = 5%**.
",False,0.0
bar_num_45,bar_chart_num,How many more hours were worked in France compared to the US,30 hours,"France worked **30 more hours** than the USA.

- **France:** 150 hours  
- **USA",True,0.0
heatmap_281,heatmap,Which category and crop combination has the highest yield in,Farming Techniques and Potatoes,"The **highest yield** is **4.5 tonnes per hectare**, for **Potatoes** under **Fa",False,0.0
line_99,line_chart,What was the increase in healthcare coverage percentage from,20%,"From the chart, healthcare coverage was **50% in 2000** and **70% in 2010**.

So",True,0.0
bubble_90,bubble,Which field has the highest number of journals published?,Psychology,"**Psychology** has the highest number of journals published, with **600 journals",True,0.0
heatmap_171,heatmap,How much wind energy capacity does India have?,1800 MW,India’s wind energy capacity is **1800 MW**.,True,0.0
234,treemap,What is the combined market share percentage of Renewable an,22%,"Renewable is 20% and Hydropower is 5%, so their combined market share is 25%.",True,0.0
multi-axes_239,multi-axes,What is the average mortgage interest rate for townhomes?,3.8%,The average mortgage interest rate for **townhomes** is **3.8%**.,True,0.0
multi-axes_119,multi-axes,What is the electricity generation in Megawatts for Nuclear ,2000,The electricity generation for **Nuclear Power** is **2000 megawatts (MW)**.,True,0.0
bubble_189,bubble,Which platform has the highest average ad revenue per user?,Instagram,"From the chart, **Facebook** has the highest average ad revenue per user, at abo",False,0.0
radar_250,radar,What is the resolution rate for environmental law?,85,The resolution rate for **Environmental Law** is **85%**.,True,0.0
bar_num_410,bar_chart_num,How many judges are there in Germany?,120,"Germany has **120 thousand judges** in the chart, i.e. **120,000 judges**.",True,0.0
heatmap_121,heatmap,Which country has the highest number of theatres according t,France,"France has the highest number of theatres, with **50**.",True,0.0
15,treemap,How much higher is the percentage allocation for the Executi,25%,"From the treemap, the Executive branch is allocated **35%** and Defense is **10%",True,0.0
bar_num_335,bar_chart_num,What is the number of internet users in France?,180 million,France has **180 million internet users** according to the chart.,True,0.0
line_222,line_chart,What is the total number of employees aged between 26 and 45,350,Employees aged between **26 and 45** correspond to the age groups at **26** and ,True,0.0
line_num_381,line_chart_num,In which year did the smart speaker ownership reach half the,2018,"From the chart:

- Tablet ownership: 10, 15, 20, 25, 30
- Half of tablet ownersh",True,0.0
line_num_140,line_chart_num,How many full-time employees were there in the company in 20,2000,"There were **2,000 full-time employees** in **2020**.",True,0.0
bubble_282,bubble,How much funding does Literature receive?,420 million $,Literature receives **$420 million** in funding.,True,0.0
multi-axes_136,multi-axes,What is the difference in average attendance per exhibition ,199,"From the chart:

- **Dali** average attendance per exhibition = **310**
- **Mone",True,0.0
bar_num_44,bar_chart_num,How many more restaurants are there in Asia compared to Ocea,120,"Asia has **700 restaurants** and Oceania has **570 restaurants**.

So, the diffe",True,0.0
heatmap_167,heatmap,Which law firm has the highest revenue?,Smith & Jones,"From the chart, **Smith & Jones** has the highest revenue at **$7.5 million**.",True,0.0
128,treemap,What percentage of E-commerce sales does Health and Beauty r,4%,Health and Beauty represents **8%** of e-commerce sales.,False,0.0
line_num_51,line_chart_num,Which country has the smallest population among the given co,Canada,"Among the countries shown, **Canada** has the smallest population.",True,0.0
multi-axes_234,multi-axes,What is the average hospital stay for patients in Orthopedic,10 days,The average hospital stay for patients in **Orthopedics** is **10 days**.,True,0.0
radar_242,radar,What is the yield difference between wheat and tomato in Far,10,"From the chart for **Farm C**:

- **Wheat** yield = **70**
- **Tomato** yield = ",False,0.0
line_364,line_chart,What is the average mathematics score for students from 5th ,87.5,"The mathematics scores are:

- 5th: 90
- 6th: 85
- 7th: 80
- 8th: 95
- 9th: 85
-",True,0.0
heatmap_233,heatmap,Which country has the highest forest coverage percentage?,Russia,"From the heatmap, **Russia** has the highest **forest coverage percentage** at *",True,0.0
274,treemap,What stage has a value of 800?,Production Planning,The stage with a value of **800** is **Judicial**.,False,0.0
bubble_266,bubble,How many total works does Henri Matisse have?,800,"From the chart, **Henri Matisse** has **1,500 total works**.",False,0.0
bar_num_198,bar_chart_num,Which organization received the highest number of donations?,WFP,"The **WFP** received the highest number of donations, with **500 million**.",True,0.0
multi-axes_295,multi-axes,How many students are enrolled in Higher Education?,1590,"Higher Education has **1,600 thousand students**, i.e. **1.6 million students** ",True,0.0
231,treemap,Which country has the highest CO2 emissions according to the,China,The image does not show CO2 emissions data. It shows **market share distribution,False,0.0
line_num_85,line_chart_num,What was the production of Production A(units) in April?,90,Production A in April was **120 units**.,False,0.0
bar_num_38,bar_chart_num,How many more criminal cases are there in the USA compared t,200,"From the chart:

- **USA criminal cases:** 3000  
- **Germany criminal cases:** ",False,0.0
heatmap_266,heatmap,"What is the total output in MW for India from Coal, Natural ",10000 MW,"For **India**:

- **Coal** = 3500 MW  
- **Natural Gas** = 4500 MW  
- **Nuclear",True,0.0
heatmap_210,heatmap,Which department has the highest promotion rate?,IT,The **IT department** has the highest promotion rate at **25%**.,True,0.0
multi-axes_147,multi-axes,What was the net increase in the number of nonprofits from 2,127520,"From the chart:

- **2010 nonprofits:** 1,330,000  
- **2019 nonprofits:** 1,460",True,0.0
bubble_167,bubble,What is the fuel efficiency of rail transport?,400 miles per gallon,The fuel efficiency of **rail transport** shown in the chart is **400 miles per ,True,0.0
multi-axes_109,multi-axes,What is the Student-Professor Ratio at the California Instit,3,The student-professor ratio at the California Institute of Technology is **3:1**,True,0.0
line_86,line_chart,What is the difference between Domestic and International To,1500,"In **2023**:

- **Domestic Tourism** = **6000**
- **International Tourism** = **",True,0.0
radar_216,radar,By how many percentage points did the mortgage rate increase,1.5,"From the chart, the **mortgage rate** is:

- **Q1:** 3.5%
- **Q4:** 4.5%

So the",False,0.0
heatmap_196,heatmap,How much did the operating expenses increase from 2018 to 20,40,Operating expenses increased from **$80 billion in 2018** to **$120 billion in 2,True,0.0
28,treemap,How much larger is the percentage of Social Media compared t,21%,"From the chart:

- **Social Media** = **25%**
- **Cloud Services** = **7%**

Dif",False,0.0
125,treemap,What percentage of the government budget is allocated to Sci,3%,Science and Technology is allocated **3%** of the government budget.,True,0.0
bar_num_371,bar_chart_num,In which country is the number of Literature publications th,UK,"The highest number of **Literature** publications is in the **UK**, with **300**",True,0.0
bar_num_165,bar_chart_num,How many more million Internet users are there in the USA co,275 million,"The USA has **275 million more Internet users** than France.

Calculation:
**350",True,0.0
heatmap_157,heatmap,What is the total sales figure for France?,$300 million,"France’s total sales figure is **$300,000,000**.",False,0.0
line_num_398,line_chart_num,What is the total number of participants aged 46 or older ac,170,"Participants aged **46 or older** are in the age groups:

- **46**: 100
- **56**",True,0.0
heatmap_151,heatmap,Which category has the highest employee satisfaction percent,Engineering,"The category with the highest **Employee Satisfaction (%)** is **Engineering**, ",True,0.0
bubble_97,bubble,What was the Production Volume in April?,74,"The image shown is about **education data by subject**, not production volume by",False,0.0
multi-axes_80,multi-axes,What was the average spend per online shopper in 2019?,604 USD,The average spend per online shopper in **2019** was **$620**.,True,0.0
line_num_106,line_chart_num,How many million Facebook users were there in September?,9 million,"In **September**, Facebook had **9 million users**.",True,0.0
102,treemap,Which Crop Type has the smallest percentage share?,Poultry,The crop type with the smallest percentage share is **Poultry**.,True,0.0
multi-axes_212,multi-axes,How many more thousands of attendees were there at Concerts ,8180 thousands,"Concerts had **8,000 more attendees** than Symphony Orchestras.

- **Concerts:**",True,0.0
line_188,line_chart,What is the difference in enrolled students between the year,"300,000 students","The enrolled students were:

- **2010:** 1100 thousand
- **2013:** 1400 thousand",False,0.0
294,treemap,By what percentage do Health Services exceed Arts and Cultur,15%,"Health Services has a fundraising efficiency of **25%**, while Arts and Culture ",True,0.0
radar_105,radar,Which health facility has the highest Treatment Effectivenes,Dental Clinic,"The **Dental Clinic** has the highest **Treatment Effectiveness** score, with a ",True,0.0
bar_num_287,bar_chart_num,How many more million students are enrolled in the USA compa,15 million,"The USA has **15 million** more students enrolled than France.

Calculation:
- U",True,0.0
heatmap_284,heatmap,Which product category has the highest revenue?,Meat and Poultry,"The product category with the highest revenue is **Meat and Poultry**, with **20",True,0.0
bar_num_156,bar_chart_num,Which country has the highest livestock production in millio,USA,"The **USA** has the highest livestock production, at **25 million tonnes**.",True,0.0
bubble_224,bubble,What is the market size for coffee?,105,"From the chart, **coffee** has a **market size of 105 billion dollars**.",True,0.0
line_47,line_chart,What is the difference in percentage between Online and In-s,0%,"In **July**, both **Online Shopping** and **In-store Shopping** are at **50%**.
",True,0.0
heatmap_191,heatmap,What is the total sales growth percentage for Electronics?,10%,The **total sales growth percentage for Electronics** is **10%**.,True,0.0
line_num_454,line_chart_num,What is China's healthcare expenditure in billion dollars?,664.0,China's healthcare expenditure is **about $666 billion**.,True,0.0
bubble_93,bubble,What was the Production Volume in April?,74,"The production volume in **April** was **1,000 thousand units**.",False,0.0
multi-axes_270,multi-axes,Which category has the lowest number of employees and what i,Benefits Administration; 39 hours,The category with the **lowest number of employees** is **Benefits Administratio,True,0.0
bar_num_48,bar_chart_num,What is the GDP of Germany in billion USD?,4.7 billion USD,Germany’s GDP is **4.7 billion USD** according to the chart.,True,0.0
heatmap_227,heatmap,Which region has the highest total kilometers for pipeline t,Asia,"Asia has the highest pipeline transportation total, with **500 kilometers**.",True,0.0
line_num_298,line_chart_num,What is the total sales in June?,1800 billion dollars,The total sales in **June** are **1800 billion dollars**.,True,0.0
271,treemap,What percentage of the Real Estate Market does Townhouses re,10%,Townhouses represent **12%** of the real estate market.,False,0.0
122,treemap,How much greater is the value for the Introduction stage com,168,"The image provided shows **government spending across departments**, not stages ",False,0.0
multi-axes_83,multi-axes,What is the difference in the production quantity (in tons) ,100000 tons,"From the chart:

- **Stout production quantity** = **400,000 tons**
- **Liqueurs",True,0.0
bubble_59,bubble,What is the Carbon Footprint per capita in Australia?,16.2,Australia’s carbon footprint per capita is **about 16 metric tons per person**.,True,0.0
radar_175,radar,Which country has the highest average score across all the v,Country D,"From the chart, the approximate scores are:

- **Country A**: 90, 85, 88, 75, 70",True,0.0
line_492,line_chart,How many more computer users were there in 2004 compared to ,1500000,"From the chart, computer users were:

- **2001:** 3,000,000  
- **2004:** 4,500,",True,0.0
bar_num_232,bar_chart_num,Which region has the highest difference between electricity ,Asia,"Compute the difference for each region:

- North America: 20,000 − 5,000 = 15,00",True,0.0
heatmap_217,heatmap,How many training hours are attributed to the IT department?,35 hours,The IT department has **35 training hours**.,True,0.0
multi-axes_190,multi-axes,What is the cumulative increase in concert ticket sales from,100 million,"From the chart, **concert ticket sales** were:

- **2010:** 530 million  
- **20",False,0.0
heatmap_19,heatmap,How much more electricity does Asia consume compared to Sout,200000 GWh,"From the chart:

- **Asia electricity consumption:** 300,000 GWh  
- **South Ame",True,0.0
291,treemap,"What is the percentage of revenue distribution for ""Cruise L",10%,The revenue distribution for **Cruise Lines** is **15%**.,False,0.0
line_num_274,line_chart_num,How many more users were there at 07:00 compared to 00:00?,500000,"At **00:00** there were **1,000,000** users, and at **07:00** there were **1,500",True,0.0
multi-axes_160,multi-axes,What is the Average Resolution Time for Medical Malpractice ,440 days,The average resolution time for **Medical Malpractice** cases is **450 days**.,True,0.0
line_345,line_chart,In which year did Rice have the highest yield?,2019,Rice had the highest yield in **2020**.,True,0.0
bar_num_367,bar_chart_num,How many volunteer hours does France contribute?,20 million,France contributes **20 volunteer hours**.,True,0.0
bubble_292,bubble,How much revenue did Clifford Chance generate?,30 Million $,Clifford Chance generated **$300 million** in revenue.,False,0.0
heatmap_178,heatmap,Which product category has the largest units sold?,Smartphones,"The **Smartphone** category has the largest **units sold**, with **300 units**.",False,0.0
radar_203,radar,Which disease has the lowest prevalence in the 40-50 age gro,Heart Disease,"In the **40–50 age group**, **Heart Disease** has the **lowest prevalence**.

Fr",True,0.0
209,treemap,What is the value associated with the Quality Control stage?,40,"The chart does not show a **Quality Control** stage, so there is **no value asso",False,0.0
line_num_447,line_chart_num,How much income was generated in March?,$30 million,The income generated in **March** was **30**.,True,0.0
multi-axes_207,multi-axes,How many prescriptions were filled in the month with the hig,3950,"The month with the highest number of patients is **August** with **1,630 patient",True,0.0
226,treemap,What is the combined percentage of funding for Computer Scie,29%,"Computer Science is **12%** and Electrical Engineering is **15%**.

So, their co",True,0.0
bar_num_382,bar_chart_num,What is the total government expenditure on law enforcement ,620,"For Germany:

- Law enforcement: 220
- Education: 400

Total expenditure = 220 +",True,0.0
bubble_242,bubble,Which vehicle type has the highest environmental impact scor,Pipelines,The vehicle type with the **highest environmental impact score** is **Airplanes*,False,0.0
heatmap_186,heatmap,What is the percentage of Dairy Products consumption in Asia,15%,The percentage of **Dairy Products** consumption in **Asia** is **15%**.,True,0.0
bar_num_403,bar_chart_num,Which country has the least number of History publications?,USA,"The **USA** has the least number of **History** publications, with **200**.",True,0.0
heatmap_163,heatmap,What is the adoption rate of cloud computing in Category 4?,30%,The adoption rate of **cloud computing in Category 4** is **30**.,True,0.0
206,treemap,Which legal branch has the same expenditure allocation as th,Law Enforcement,"From the chart, the **Legislative** branch has the same expenditure allocation a",True,0.0
line_21,line_chart,By how many million did the number of online users increase ,5 million,"From the chart, online users were:

- **March:** 115 million  
- **April:** 120 ",True,0.0
radar_111,radar,Which power source has the lowest Sustainability Index (%)?,Hydro Power,Hydro Power has the lowest Sustainability Index at 35%.,True,0.0
multi-axes_53,multi-axes,How many more units were produced than sold in January?,10 hundred thousand units,"In January:

- **Produced:** 120 hundred thousand units  
- **Sold:** 110 hundre",True,0.0
bubble_191,bubble,What is the revenue of Twitter as shown in the chart?,3.1 billion $,Twitter’s revenue shown in the chart is **$3.1 billion**.,True,0.0
multi-axes_125,multi-axes,How much higher is the average tuition fee for Religious Stu,$3500,"From the chart:

- **Religious Studies tuition** = **$17,000**
- **Communication",True,0.0
51,treemap,What percentage of efficiency is attributed to Molding in th,17%,Molding is attributed **12%** efficiency in the manufacturing processes.,False,0.0
bar_num_155,bar_chart_num,How many tourists were there in the UK in 2021?,450,There were **450 tourists** in the **UK** in **2021**.,True,0.0
bar_num_59,bar_chart_num,How much gross revenue did the Comedy category generate more,$100 million,"Comedy generated **$100 million** more in gross revenue than Sci-fi.

- **Comedy",True,0.0
heatmap_265,heatmap,Which policy area has the highest spending in Energy Budget?,Transportation Funding,"In the **Energy Budget ($)** column, the highest spending is **90**, which corre",False,0.0
heatmap_304,heatmap,Which country has the lowest renewable energy consumption pe,Brazil,"From the chart, **Brazil** has the **lowest renewable energy consumption percent",True,0.0
line_187,line_chart,What is the temperature in the year 2024?,22 degrees Celsius,The temperature in **2024** is **22**.,True,0.0
line_num_223,line_chart_num,By how much did government expenditure increase from 2019 to,$700 billion,Government expenditure increased from **2000 billion dollars** in 2019 to **2700,True,0.0
bubble_109,bubble,How many active users does WhatsApp have in millions?,2000,"WhatsApp has **2,000 million** active users.",True,0.0
multi-axes_165,multi-axes,What was the employment rate in the year 2015?,82%,The employment rate in **2015** was **82%**.,True,0.0
heatmap_76,heatmap,How much is the food sales forecast to grow from 2021 to 202,$100 million,"From the chart, **food sales** are:

- **2021:** 850 million  
- **2023:** 950 m",True,0.0
bar_num_299,bar_chart_num,How many million Facebook users are there in the UK?,100,The chart shows **100 million** Facebook users in the **UK**.,True,0.0
269,treemap,What is the combined percentage of the workforce in the Engi,25%,"From the chart:

- Engineering = 10%
- IT = 10%
- Finance = 6%

Combined percent",True,0.0
multi-axes_162,multi-axes,What is the total import quantity for vegetables listed in t,255 thousand tonnes,"From the chart, the import quantities for the vegetables are:

- **Potatoes**: 7",True,0.0
pie_452,pie_chart,What is the percentage for Corporate Tax?,15%,Corporate Tax is **15%**.,True,0.0
bubble_217,bubble,What is the Environmental Impact Score for Beer?,50,The Environmental Impact Score for **Beer** is **50**.,True,0.0
84,treemap,How much more is the Banking category's percentage compared ,23%,"Banking is **20 percentage points** higher than Wealth Management.

- **Banking:",False,0.0
line_143,line_chart,Which month has the highest solar power generation?,July,"July has the highest solar power generation, at about **8.2 GW**.",True,0.0
line_num_150,line_chart_num,How many Smartphone units were sold in 2013?,120 million units,"In 2013, **120 smartphone units** were sold.",True,0.0
radar_188,radar,What is the maintenance cost of trains compared to trucks?,5 thousand dollars for trains and 10 thousand dollars for trucks,"From the chart, the **maintenance cost** is:

- **Train:** **$50,000**
- **Truck",False,0.0
line_num_409,line_chart_num,How many units of Production C were manufactured in March?,1300,Production C in March was **1300 units**.,True,0.0
bar_446,bar_chart,How many donations in millions did UNICEF receive?,40,UNICEF received **40 million** in donations.,True,0.0
line_num_475,line_chart_num,How many family cases were there in total from 2015 to 2017?,2250,"Family cases from 2015 to 2017 were:

- 2015: 700
- 2016: 750
- 2017: 800

Total",True,0.0
heatmap_193,heatmap,Which country has the highest social media users as per the ,China,"China has the highest number of social media users in the dataset, with **350 mi",True,0.0
bubble_130,bubble,Which artist has the highest number of artworks sold accordi,Pablo Picasso,"According to the chart, **Pablo Picasso** has the highest number of artworks sol",True,0.0
rose_121,rose,What is the value difference between Waste Management and En,47,"From the chart:

- **Energy Efficiency** = **85**
- **Waste Management** = **40*",True,0.0
pie_243,pie_chart,What is the proportion of Fruits and Vegetables in the compo,25%,The proportion of **Fruits and Vegetables** is **25%** of the composition.,True,0.0
bar_323,bar_chart,How many tons of fruits did Germany produce?,2000,"Germany produced **2,000 tons of fruits**.",True,0.0
326,funnel,What is the value at the Growing stage?,4500,The value at the **Growing** stage is **4500**.,True,0.0
line_num_368,line_chart_num,Which month had the lowest Hydro Energy Generation?,August,"The **lowest Hydro Energy Generation** was in **August**, with **800 kWh**.",True,0.0
224,treemap,How many fewer individuals are at the Treatment Plan stage c,15520,"The chart shown is about legal issues handled in 2023, not about stages like Dia",False,0.0
radar_228,radar,By how many points does rail transportation in Q4 exceed air,15,"From the chart:

- **Rail in Q4 = 90**
- **Air in Q1 = 65**

Difference: **90 - ",False,0.0
261,treemap,How much greater is the percentage for Hotels compared to Ev,30%,"Hotels account for **35%** and Event Planning accounts for **5%**.

So, the perc",True,0.0
line_num_118,line_chart_num,What is the difference between fossil and renewable energy c,300 kWh,"In March:

- **Fossil energy consumption** = **1000 kWh**
- **Renewable energy c",True,0.0
radar_192,radar,What is the performance difference between Route 3 in March ,5,"From the chart:

- **Route 3 in March** = **55**
- **Route 4 in February** = **6",True,0.0
radar_1,radar,What is the percentage change in taxation from Q1 to Q4?,30%,"From the chart, **Taxation (%)** is:

- **Q1 = 50**
- **Q4 = 55**

Percentage ch",False,0.0
bar_num_439,bar_chart_num,Which country has the lowest tax rate?,UK,"From the chart, the **UK** has the lowest tax rate at **18%**.",True,0.0
line_num_211,line_chart_num,How many more sculptures were there in 2004 than in 2001?,60,"From the chart, sculptures were:

- **400** in **2001**
- **460** in **2004**

S",True,0.0
pie_202,pie_chart,How much more popular is Pop compared to Classical music?,20%,"From the chart:

- **Pop:** 25%
- **Classical:** 5%

So, **Pop is 20 percentage ",True,0.0
bar_num_117,bar_chart_num,Which country has the highest number of cafes among the give,Germany,"Among the cafes, **France** has the highest number, with **4,000 cafes**.",False,0.0
line_num_322,line_chart_num,What was the government spending in 2014?,800 billion dollars,Government spending in **2014** was **$800 billion**.,True,0.0
line_29,line_chart,Which month did Part C have the highest production level?,June,Part C had its highest production level in **June**.,True,0.0
line_372,line_chart,What is the difference in wind power generation between 11:0,1.1 GW,"Wind power generation at:

- **11:00** = **5.2 GW**
- **14:00** = **4.1 GW**

**",True,0.0
radar_161,radar,Which establishment has the highest score for Customer Servi,Vegan Café,"The **Vegan Café** has the highest **Customer Service** score, with a score of *",True,0.0
radar_226,radar,Which factory has the highest Machine Efficiency score?,Factory D,Factory D has the highest **Machine Efficiency** score.,True,0.0
heatmap_110,heatmap,Which category has the highest total revenue?,Grocery,"The category with the **highest total revenue is Grocery**, with **200**.",True,0.0
rose_251,rose,How much higher is the value in Public Safety compared to So,54,"Public Safety is about **50 points higher** than Social Services.

- **Public Sa",True,0.0
pie_171,pie_chart,What is the total percentage of popularity for EDM and Count,20%,"EDM is 10% and Country is 10%, so combined they total **20%**.",True,0.0
line_163,line_chart,What is the difference in the unit cost between the years 20,$0.2,"From the chart, the **unit cost** is:

- **2001:** 5 dollars per unit  
- **2004",False,0.0
heatmap_250,heatmap,What is the total number of comments across all platforms?,4250,"The total number of comments across all platforms is:

- Twitter: 750
- Facebook",True,0.0
bar_175,bar_chart,Which organization received the highest amount of donations?,UNICEF,"UNICEF received the highest amount of donations, with **230 million**.",True,0.0
line_num_326,line_chart_num,What is the difference between the average reading score and,0,"For **10th grade**:

- **Average reading score** = 95
- **Average math score** =",True,0.0
pie_224,pie_chart,What percentage of the distribution is Meat and Seafood?,15%,Meat and Seafood make up 15% of the distribution.,True,0.0
multi-axes_153,multi-axes,How many days on average does a house stay on the market in ,60,"From the chart, **Houston homes stay on the market for about 60 days on average*",True,0.0
bar_140,bar_chart,How many doctors are there in France?,4700,"France has **4,800 doctors**.",True,0.0
line_num_378,line_chart_num,How many hospitalizations are projected for the year 2024?,1400,"The projected number of **hospitalizations in 2024** is **1,400**.",True,0.0
line_num_460,line_chart_num,What is the total increase in the average temperature from t,4 degrees Celsius,"From the chart, the average temperature was:

- **10°C** in **2001**
- **14°C** ",True,0.0
pie_11,pie_chart,What type of hotel accommodations make up the smallest perce,Budget Hotels and Resorts (both at 15%),"The smallest percentage is shared by **Budget Hotels** and **Resorts**, at **15%",True,0.0
bubble_255,bubble,Which product has the lowest Cost per Unit?,Bicycles,"The product with the **lowest Cost per Unit** is **Bicycles**, at **$100 per uni",True,0.0
bubble_138,bubble,What was the Production Volume in April?,74,"The chart shown is about **tourism and hospitality statistics of major cities**,",False,0.0
bubble_211,bubble,Which category has the lowest number of employees and in whi,"The Coffee category has the lowest number of employees, and it was established in 2020","The category with the **lowest number of employees** is **Coffee**, with **3 emp",True,0.0
118,treemap,Which crop has the highest harvest yield according to the da,Corn,The image does not show crop harvest yields. It shows a treemap of **market shar,False,0.0
line_num_205,line_chart_num,By how much did traditional food consumption increase from 2,100 billion,Traditional food consumption increased from **220 billion in 2001** to **300 bil,False,0.0
bar_464,bar_chart,Which country has the highest number of cafes?,UK,"The **UK** has the highest number of cafes, with **4,000**.",True,0.0
155,treemap,What percentage of the energy mix does nuclear power constit,15%,Nuclear power constitutes **15%** of the energy mix.,True,0.0
heatmap_12,heatmap,How much is the average daily rate for a hotel room in Spain,150 USD,The average daily rate for a hotel room in **Spain** is **150 USD**.,True,0.0
rose_127,rose,How many more students are majoring in Economics compared to,35,"Economics has 45 students and Religion has 10 students.

So, **45 - 10 = 35**.

",True,0.0
bar_num_352,bar_chart_num,How many more millions of users are there in the USA compare,150 million users,"The USA has **150 million** more users than France.

- USA users: **450 million*",True,0.0
167,funnel,How much more percentage is allocated to the Executive branc,15%,The chart shown is about **Social Media Engagement in 2021** with stages like Aw,False,0.0
radar_198,radar,Which environmental aspect has the highest recorded value in,Renewable Energy Use,"In April, **Renewable Energy Use** has the highest recorded value, at **95**.",True,0.0
heatmap_225,heatmap,What is the Maintenance Cost for Factory C?,$1400,The Maintenance Cost for Factory C is $1400.,True,0.0
radar_22,radar,By how many points did Job Satisfaction score increase from ,15 points,"Job Satisfaction increased from **70** in Q1 to **85** in Q4, so it increased by",True,0.0
line_190,line_chart,By how much did the revenue increase from 2018 to 2022?,$7000,"From the chart, revenue was **10,000** in 2018 and **17,000** in 2022.

So the i",True,0.0
radar_222,radar,What is the average score in English across all terms?,77.5,"English scores are 75, 78, 80, and 88.

Average = (75 + 78 + 80 + 88) / 4 = 321 ",True,0.0
pie_220,pie_chart,What is the combined percentage of Laptop and Tablet users a,35%,"Laptop users are **20%** and Tablet users are **15%**.

**Combined percentage = ",True,0.0
line_num_234,line_chart_num,In which year did Donations C reach its highest value?,2013,Donations C reached its highest value in **2013**.,True,0.0
bar_125,bar_chart,How many more thousands of nurses are there in the USA compa,20 thousand nurses,"From the chart:

- USA nurses = **100** (thousands)
- Germany nurses = **80** (t",True,0.0
line_num_388,line_chart_num,In what year did Instagram Users(million) reach half the num,2017,"From the chart:

- Facebook users in **2018** = **750 million**
- Half of that =",True,0.0
bar_num_10,bar_chart_num,How many more sports venues does France have compared to the,30,"From the chart:

- France sports venues: 80
- USA sports venues: 50

Difference:",True,0.0
line_443,line_chart,What was the total number of presidential clemency actions i,135,"In 2002, the total number of presidential clemency actions was:

- Sentences Com",True,0.0
pie_100,pie_chart,What percentage of the renewable energy sources is accounted,45%,"Wind is **25%** and Hydropower is **20%**.

Combined:

**25% + 20% = 45%**

So, ",True,0.0
bubble_106,bubble,How much revenue did Instagram generate?,20.1 billion USD,"From the chart, **Instagram generated about 20 billion USD in revenue**.",True,0.0
radar_237,radar,What is the value of Liabilities in Q3?,60,The value of **Liabilities in Q3** is **57**.,True,0.0
line_38,line_chart,Which product had the highest production in the year 2002?,Production D,"In **2002**, **Product D** had the highest production, with **1400 units**.",False,0.0
line_num_449,line_chart_num,By how much did the sales of organic food increase from 2020,$80 billion,Organic food sales increased from **300 billion dollars in 2020** to **380 billi,True,0.0
rose_144,rose,Which field has the lowest number of students?,Physics,"The field with the lowest number of students is **Physics**, with **15 students*",True,0.0
radar_11,radar,What is the score difference between waste management in Reg,15,"In **Waste Management**, **Region 1** scores **80** and **Region 4** scores **95",True,0.0
20,treemap,What percentage of Healthcare Resource Distribution is dedic,20%,"From the treemap, **Specialty Care** is allocated **20%** of the healthcare reso",True,0.0
heatmap_267,heatmap,Which country has the highest average spending per visitor?,France,"From the chart, **France** has the highest **average spending per visitor**, at ",True,0.0
bar_281,bar_chart,How many criminal cases are there in Germany?,28000,"Germany has **28,000 criminal cases**.",True,0.0
bubble_168,bubble,What is the average player salary in Formula 1?,12,The chart shows **Formula 1 average player salary = $12 million**.,True,0.0
pie_187,pie_chart,Which sport has the lowest popularity percentage according t,Golf and Tennis,"The lowest popularity percentage is **5%**, shared by **Golf** and **Tennis**.",False,0.0
line_num_431,line_chart_num,What is the average GPA for students in 4th grade?,3.9,The average GPA for students in 4th grade is **3.9**.,True,0.0
multi-axes_146,multi-axes,Which category has the highest Market Share (%) and what is ,"Supermarkets, 28%","The category with the highest Market Share (%) is **Supermarkets**, at **28%**.",True,0.0
radar_266,radar,What is the Customer Satisfaction score for the Theater?,75,The **Customer Satisfaction** score for the **Theater** is **72**.,True,0.0
bar_num_202,bar_chart_num,Which country has the highest number of galleries?,UK,"The **UK** has the highest number of galleries, with **250**.",True,0.0
line_num_293,line_chart_num,What was the average connection speed in 2003?,15 Mbps,The average connection speed in **2003** was **15 Mbps**.,True,0.0
line_num_309,line_chart_num,How much was the increase in the production of Manufactured ,50 million units,Manufactured A increased from **100 million units** in 2001 to **150 million uni,True,0.0
bar_124,bar_chart,Which country has the least number of online shoppers in 202,Germany,"From the chart, **Germany** has the least number of online shoppers in 2021, wit",True,0.0
287,treemap,What percentage of the total is dedicated to Compensation an,15%,"According to the chart, **Compensation and Benefits** is allocated **15%** of th",True,0.0
line_160,line_chart,What is the Average BMI for the age group 65-74?,27.9,The average BMI for the **65–74** age group is **27.9**.,True,0.0
323,funnel,What is the value of the Processing stage?,40000,The value of the **Processing** stage is **40k**.,False,0.0
line_num_169,line_chart_num,In which month did the hotel bookings peak?,April,"Hotel bookings peaked in **April**, with **250 thousand bookings**.",True,0.0
radar_247,radar,What is the score for Product Quality in Q3?,88,The **Product Quality** score in **Q3** is **88**.,True,0.0
bubble_149,bubble,What was the Production Volume in April?,74,The provided chart is about **salaries and educational attainment of science and,False,0.0
line_459,line_chart,How many bookings did Hotel A have in September?,350,Hotel A had **350 bookings** in **September**.,True,0.0
rose_112,rose,What is the value of participation in Literature?,70,The value of participation in **Literature** is **70**.,True,0.0
pie_337,pie_chart,By what percentage does the Bachelor's Degree exceed the Doc,18%,"Bachelor's Degree is **30%** and Doctorate is **12%**.

So the Bachelor's Degree",True,0.0
heatmap_247,heatmap,How much did Coca-Cola spend on advertising costs?,50 million,Coca-Cola spent **50 million** on advertising costs.,True,0.0
53,treemap,What is the difference in yield between potato and tomato cr,7.8 tons per hectare,The image shown is a treemap of **manufacturing and production phases** and does,False,0.0
bar_num_176,bar_chart_num,By how much did the number of smartphone owners increase fro,90,"From the chart, smartphone owners were:

- **2012:** 200
- **2015:** 290

Increa",True,0.0
bar_331,bar_chart,How much more does the average rent cost in the South compar,$300,"The average rent in the **South** is **$1,500**, while in the **North** it is **",True,0.0
line_num_17,line_chart_num,Which hospital had the highest average monthly patient visit,Hospital C,"From the chart:

- Hospital A: 1000, 900, 1100, 1200  
  Average = (1000 + 900 +",True,0.0
pie_175,pie_chart,Which region has the lowest percentage of global agriculture,South America,South America has the lowest percentage of global agriculture production in 2023,True,0.0
line_num_36,line_chart_num,How many people are in the age group of 21-30?,600,There are **600** people in the **21–30** age group.,True,0.0
line_num_397,line_chart_num,How many more volunteers were there in 2020 compared to 2016,4000,"There were **4,000 more volunteers** in 2020 compared to 2016.

Calculation: **9",True,0.0
line_num_222,line_chart_num,In which year did Baseball Team A score the least points?,2015,Baseball Team A scored the least points in **2015**.,True,0.0
radar_38,radar,What is the Retail Sales figure (in Billions) for Shenzhen?,76,The Retail Sales figure for **Shenzhen** is **80 billion**.,True,0.0
pie_140,pie_chart,What is the combined production percentage of fruits and veg,15%,"Fruits are **10%** and vegetables are **5%**.

So, their combined production per",True,0.0
radar_121,radar,Which academic field has the highest average score across al,Psychology,"From the chart, the average scores by field are:

- **History**: (85 + 90 + 88 +",True,0.0
heatmap_53,heatmap,Which team has the highest Goal Difference?,Bayern Munich,"Bayern Munich has the highest Goal Difference, with 35.",True,0.0
bar_79,bar_chart,How many more volunteer hours does Asia have compared to Eur,100 hours,"Asia has **100 more volunteer hours** than Europe.

- **Asia:** 600 hours  
- **",True,0.0
bar_num_483,bar_chart_num,Which country has the highest number of hotels?,France,France has the highest number of hotels.,True,0.0
radar_143,radar,What is the efficiency percentage of Geological Engineering?,92%,"From the radar chart, the **Efficiency (%)** values for **Geological Engineering",True,0.0
pie_149,pie_chart,What percentage of market share is held by companies other t,55%,"Companies other than Google and Apple hold:

- Amazon: 20%
- Microsoft: 15%
- Fa",True,0.0
bubble_81,bubble,How much greater is the health spending for Mental Disorders,$800 billion,"From the legend:

- **Mental Disorders** health spending = **$50 billion**
- **H",False,0.0
line_num_232,line_chart_num,How much did the average salary increase from 2020 to 2023?,15,"From the chart, the average salary was:

- **2020:** 40 thousand dollars  
- **2",True,0.0
bubble_136,bubble,How many more gallons of water per acre does rice use compar,20000,"Rice uses **20,000 more gallons of water per acre** than soybeans.

- **Rice:** ",True,0.0
multi-axes_280,multi-axes,By how much did the Adult Obesity Percentage increase from 2,2.7%,"From the chart, the **Adult Obesity Percentage** was about **30.4% in 2010** and",True,0.0
heatmap_187,heatmap,How many vacation days are offered in the Marketing departme,20,The Marketing department offers **20 vacation days**.,True,0.0
rose_222,rose,What is the value for Environmental Policy?,70,The value for **Environmental Policy** is **70**.,True,0.0
line_482,line_chart,In which year were movie ticket sales the highest?,2004,Movie ticket sales were highest in **2004**.,True,0.0
line_136,line_chart,What is the profit of Company A in 2003?,80 million dollars,ERROR: 'NoneType' object is not subscriptable,False,0
bar_4,bar_chart,How much more renewable energy does South America consume co,30 TWh,"From the chart:

- **South America renewable energy** = **450 TWh**
- **Europe r",True,0.0
radar_273,radar,Which aspect has the highest rate in Quarter 4?,Regulatory Compliance,"In Quarter 4, **Regulatory Compliance** has the highest rate, at **92**.",True,0.0
164,funnel,What is the combined percentage of Food Services and Recreat,30%,The chart shown does not display tourism revenue distribution or categories like,False,0.0
line_num_16,line_chart_num,What is the Solar Panel Output in September?,100,The **Solar Panel Output in September** is **100 kWh**.,True,0.0
221,treemap,What is the freight volume difference between rail and pipel,650.1 million tons,The image shown appears to be about **employee engagement scores by department**,False,0.0
line_num_430,line_chart_num,How much did Sea Freight(tons) increase from January to June,500,"Sea Freight increased from **500 tons in January** to **1000 tons in June**.

**",True,0.0
256,treemap,How many countries have annual CO2 emissions greater than or,21,"The image appears to be a **market share treemap**, not a chart of **countries’ ",False,0.0
radar_274,radar,What is the score difference between Economic Policy in Q2 a,5,"Economic Policy in Q2 is **80**, and National Defense in Q4 is **95**.

The scor",True,0.0
bar_371,bar_chart,How many more legal cases than settlements are there in Fran,5000,"In France:

- Legal cases: 52,000
- Settlements: 47,000

Difference: **5,000 mor",True,0.0
line_296,line_chart,What is the literacy rate difference between the USA and UK?,4%,"From the chart:

- **USA literacy rate:** 94%
- **UK literacy rate:** 90%

**Dif",True,0.0
line_num_186,line_chart_num,How much wind energy was produced in January?,50 TWh,Wind energy produced in **January** was **50 TWh**.,True,0.0
bar_num_227,bar_chart_num,Which country had the highest vegetable production in 2021?,USA,"From the chart, the **USA** had the highest vegetable production in 2021, with *",True,0.0
pie_234,pie_chart,What percentage of the US population has completed high scho,30%,"From the chart, **30%** of the US population has completed **high school**.",True,0.0
bar_num_223,bar_chart_num,Which region had the highest number of online purchases?,Asia,"Asia had the highest number of online purchases, with **350 million**.",True,0.0
bubble_140,bubble,How many million tonnes of emission does ship transport prod,1500,"From the bubble chart, **ship transport produces 350 million tonnes of emissions",False,0.0
radar_35,radar,Which country has the lowest score for Environmental Protect,Austria,The country with the lowest score for **Environmental Protection** is **Austria*,True,0.0
rose_168,rose,Which subject has the lowest number of student enrollments?,Religion,"Religion has the lowest number of student enrollments, with 30 students.",True,0.0
line_177,line_chart,What is the difference between profit and revenue in the yea,5800,"In **2021**:

- **Revenue** = **7000 million dollars**
- **Profit** = **1200 mil",True,0.0
heatmap_261,heatmap,How many more millions of users does Facebook have than Inst,1040 million,"Facebook has **1,040 million** more users than Instagram.

**Calculation:** 2340",True,0.0
line_205,line_chart,By how many hours did the time spent increase from 2019 to 2,50 hours,"From the chart, time spent was **100 hours in 2019** and **150 hours in 2021**.
",True,0.0
line_num_54,line_chart_num,How many more Domestic Visitors were there in 2021 compared ,1200,"Domestic visitors in **2021**: **3700**  
Domestic visitors in **2017**: **2500*",True,0.0
radar_200,radar,What is the number for Court Efficiency in Year 4?,70,The number for **Court Efficiency** in **Year 4** is **72**.,True,0.0
bar_413,bar_chart,What is the average treatment cost per patient in the 36-55 ,$6500,"For the **36–55** age group:

- **Patients** = **800 thousand**
- **Treatment co",False,0.0
pie_471,pie_chart,What is the percentage of the Automotive sector in the distr,20%,The **Automotive** sector accounts for **18%** of the distribution of manufactur,True,0.0
heatmap_65,heatmap,Which job title has the highest job satisfaction percentage ,Training and Development Manager,"According to the **Job Satisfaction** row, the highest percentage is **90%**, wh",True,0.0
pie_31,pie_chart,What percentage of the housing distribution is made up by Co,15%,Condominiums make up **15%** of the housing distribution.,True,0.0
line_num_484,line_chart_num,In which year did Party A receive the highest number of vote,2015,Party A received the highest number of votes in **2015**.,True,0.0
line_num_147,line_chart_num,In which year did Donation A have the largest increase compa,2018,"Donation A values are:

- 2015: 20
- 2016: 15
- 2017: 17
- 2018: 21

Year-to-yea",True,0.0
bubble_256,bubble,What is the revenue difference between PepsiCo and Danone?,$9000 million,"From the chart:

- **PepsiCo revenue** = **$29,000 million**
- **Danone revenue*",True,0.0
line_num_138,line_chart_num,What is the trend of the Retention Rate at XYZ Company from ,Decreasing,"The retention rate shows a steady decline from 2020 to 2023:

- 2020: 90%
- 2021",True,0.0
multi-axes_54,multi-axes,How many more events did Feeding America have compared to Do,50 events,"From the chart, **Feeding America** had **70 events** and **Doctors Without Bord",True,0.0
pie_339,pie_chart,What is the combined percentage of Hydroelectricity and Biom,10%,"Hydroelectricity is **7%** and Biomass is **3%**.

Combined, they make up **10%*",True,0.0
bar_135,bar_chart,"Which country has the highest total price for food A, B, and",Germany,"From the chart, the approximate prices are:

- **USA:** A = 5.0, B = 3.0, C = 4.",True,0.0
pie_356,pie_chart,What is the combined percentage of the 'Petroleum' and 'Meta,24%,"The **Petroleum** sector is **11.5%** and the **Metals** sector is **11.5%**.

*",True,0.0
bubble_146,bubble,What is Apple's Revenue (in Billion $)?,274,Apple's revenue is **1000 billion dollars**.,False,0.0
radar_153,radar,Which area of law has the highest enforcement index accordin,Employment Law,"According to the chart, **Employment Law** has the highest **Enforcement Index**",True,0.0
line_num_267,line_chart_num,In which year did the number of domestic tourists reach 140 ,2019,The number of domestic tourists reached **140 million in 2019**.,True,0.0
320,funnel,What is the value difference between the Awareness stage and,900,"From the funnel chart:

- **Awareness** = 1000  
- **Others** = 100

**Value dif",True,0.0
rose_175,rose,What is the value of shipments using sea transport?,1500,"The value for shipments using **sea transport** is **1,000**.",False,0.0
heatmap_70,heatmap,Which country has the highest healthcare index according to ,Australia,"According to the chart, the highest **Healthcare Index** is **9.5**, shared by *",True,0.0
33,treemap,Which grade level has an average test score of 85.3?,Middle School,"The image shown is a treemap of internet services and technologies, not grade le",False,0.0
radar_231,radar,Which power station has the highest rating in Safety Measure,Power Station D,Power Station D has the highest rating in **Safety Measures**.,True,0.0
bar_47,bar_chart,By how much do the number of restaurants in France exceed th,400,"France has **4,200** restaurants and Germany has **3,800**.

So, France exceeds ",True,0.0
115,treemap,What is the age range with the highest number of hospital vi,61-70,The image shown is a treemap of **retail and e-commerce revenue distribution in ,False,0.0
radar_48,radar,By how many percentage points did the Market Share increase ,15 percentage points,"Market Share increased from **65% in Q1** to **80% in Q4**.

So, the increase wa",True,0.0
line_num_13,line_chart_num,What was the total store sales across all quarters in 2019?,$430 billion,"From the chart, **store sales in 2019** were:

- Q1: **100**
- Q2: **105**
- Q3:",True,0.0
line_9,line_chart,What is the unemployment rate in 2021?,7%,The unemployment rate in **2021** is **7%**.,True,0.0
line_num_495,line_chart_num,In which year was the Computer Usage exactly 15% greater tha,2016,Computer usage was exactly **15 percentage points greater** than smartphone usag,True,0.0
line_392,line_chart,What is the average height for the age group 26-35?,1.7 m,The average height for the **26–35** age group is **1.68 meters**.,True,0.0
bar_172,bar_chart,Which country has the lowest Consumer Index?,Germany,"The country with the **lowest Consumer Index** is the **USA**, with a value of *",False,0.0
line_num_185,line_chart_num,In which year was the attrition rate at its lowest between 2,2012,"The attrition rate was at its lowest in **2012**, at **15%**.",True,0.0
bar_num_373,bar_chart_num,By how many millions do the social media users in France lag,12 million,"From the chart, social media users are:

- **UK:** 50 million  
- **France:** 62",True,0.0
pie_457,pie_chart,What percentage of the USA housing market is made up by Town,25%,"Townhouses are **15%** and Multi-family Homes are **10%**.

Combined, they make ",True,0.0
radar_163,radar,How much more RAM does a desktop have compared to a smart wa,15 G,"From the chart:

- **Desktop RAM:** 16 GB  
- **Smart watch RAM:** 1 GB

So, a *",True,0.0
bar_num_153,bar_chart_num,How much more solar power does the South region produce comp,75 GWh,"The South region produces **75 GWh** more solar power than the West region.

- *",True,0.0
bubble_152,bubble,What is the Innovation Score of Amazon?,9,Amazon’s **Innovation Score is 9.0**.,True,0.0
bar_470,bar_chart,How many spectators are there for Baseball?,350,There are **350 spectators** for **Baseball**.,True,0.0
line_15,line_chart,In which year did the Tax Revenues reach 25% of the Governme,2004,"From the chart:

- **Tax Revenues**: 20,000; 22,000; 24,000; 26,000
- **Governme",True,0.0
line_num_213,line_chart_num,In which year was the Energy Efficiency Index the same as in,2021,"From the chart, the **Energy Efficiency Index** in **2023** is **65**.

Looking ",True,0.0
pie_290,pie_chart,By how much does the percentage of healthcare exceed the per,15%,"Healthcare is **25%** and Social and Community Well-being is **10%**.

So, the p",True,0.0
rose_269,rose,How many professionals are there in Equity Research?,2,There are **2 professionals** in **Equity Research**.,True,0.0
heatmap_209,heatmap,What is the combined value of water usage for the Agricultur,300 million cubic meters,"The water usage values are:

- Agriculture: 100
- Transportation: 200

Combined ",True,0.0
pie_22,pie_chart,Which source has the smallest percentage in the USA's energy,Solar and Geothermal,"The smallest percentages are **Solar** and **Geothermal**, each at **5%**.",False,0.0
radar_230,radar,Which housing aspect has the highest satisfaction score in Q,Price,"In **Q4**, **Price** has the highest satisfaction score, at **120**.",True,0.0
bubble_254,bubble,How many patents have been registered in the field of Electr,100,Electrical Engineering has **100 patents** registered.,True,0.0
284,treemap,What is the combined government funding percentage for Prima,45%,"Primary Education is **25%** and Secondary Education is **20%**.

Combined gover",True,0.0
line_num_239,line_chart_num,In which month did online purchases first exceed 200 million,September,"Online purchases first exceeded **200 million in October**.

- September: **200 ",True,0.0
99,treemap,Which sector has the smallest percentage according to the gi,Government Bonds,"The sector with the smallest percentage is **Government Bonds**, at **3%**.",True,0.0
line_num_399,line_chart_num,What is the increase in tablet ownership rate from 2011 to 2,30%,"Tablet ownership increased from **10% in 2011** to **40% in 2017**.

**Increase ",True,0.0
line_num_411,line_chart_num,What was the average rent in the year 2005?,13,The average rent in **2005** was **13 thousand dollars**.,True,0.0
bar_313,bar_chart,Which country has the highest tax rate among the four countr,UK,"The **UK** has the highest tax rate among the four countries listed, at **30%**.",True,0.0
multi-axes_275,multi-axes,What is the Energy Generated (MW) for Nuclear?,800,The **Energy Generated for Nuclear** is **800 MW**.,True,0.0
bar_467,bar_chart,What was the increase in research grants from 2020 to 2022?,4 billion,"From the chart, research grants were:

- **2020:** 12 billion  
- **2022:** 16 b",True,0.0
heatmap_104,heatmap,How many more goals were scored in basketball than in tennis,75,"Basketball scored **70 more goals** than tennis.

- Basketball goals: **100**
- ",True,0.0
161,funnel,What is the combined percentage of wind and solar energy sou,2%,"The chart shown is a funnel about **public perception stages**: Awareness, Inter",False,0.0
bar_num_90,bar_chart_num,Which country has the highest GDP according to the data?,Germany,"Germany has the highest GDP, at **2200 billion**.",True,0.0
line_num_278,line_chart_num,How many more charities are there in Florida compared to Cal,1500,"Florida has **1,500 more charities** than California.

- **Florida:** 4,000 char",True,0.0
pie_217,pie_chart,What is the combined percentage of Master's and Doctoral edu,25%,"Master's is 15% and Doctoral is 10%, so the combined percentage is **25%**.",True,0.0
bar_num_245,bar_chart_num,How much longer in hours is the sea travel compared to rail ,20 hours,"Sea travel takes **20 hours longer** than rail travel.

- **Sea:** 50 hours  
- ",True,0.0
bubble_228,bubble,How much more data usage is allowed on Fibre Optic compared ,1000 GB,"From the chart:

- **Fibre Optic data usage** = **1500 GB**
- **Satellite data u",True,0.0
line_478,line_chart,In which year was the difference between criminal and civil ,2003,"From the chart:

- 2001: 500,000 − 100,000 = 400,000  
- 2002: 400,000 − 200,000",True,0.0
radar_98,radar,Which product has the lowest Operating Costs percentage?,Product C,"From the chart, the **Operating Costs** percentages are approximately:

- **Prod",True,0.0
heatmap_244,heatmap,Which country has the lowest carbon emissions?,Japan,"From the chart, **Japan** has the lowest carbon emissions at **200 million metri",True,0.0
line_195,line_chart,In which month did Users B see its highest number of users?,June,Users B reached its highest number of users in **June**.,True,0.0
rose_174,rose,Which type of employees is the lowest in number according to,Freelancers,"The **lowest in number** is **Freelancers**, with **20 employees**.",True,0.0
radar_253,radar,Which energy source has the highest Environment Impact score,Solar,"From the radar chart, **Nuclear** has the highest **Environment Impact** score, ",False,0.0
radar_27,radar,Which category has the highest quality percentage?,Dance,"The category with the highest **Quality (%)** is **Musical Instruments**, at **9",False,0.0
line_233,line_chart,By how many Gigawatts did the Energy Usage increase from 202,100 Gigawatts,"From the chart, **Energy Usage** was:

- **500 GW** in **2020**
- **600 GW** in ",True,0.0
line_num_202,line_chart_num,What is the Satisfaction Index for the age group 26-35?,80,The Satisfaction Index for the age group **26–35** is **80**.,True,0.0
pie_410,pie_chart,How much more is Facebook's usage percentage compared to Ins,10%,"Facebook usage is **10 percentage points** more than Instagram's.

- **Facebook:",True,0.0
bar_8,bar_chart,Which type of event has the smallest number of participants?,Theater,"The event type with the **smallest number of participants** is **Theater**, with",True,0.0
line_num_442,line_chart_num,By how many hours did the training increase from 2011 to 201,40 hours,"Training hours increased from **100** in 2011 to **140** in 2018.

**Increase = ",True,0.0
line_num_145,line_chart_num,In what year did the number of smartphone users reach at lea,2004,"Half the number of computer users by year:

- 2000: half of 100 = 50, smartphone",True,0.0
pie_98,pie_chart,What percentage of the donations is allocated to Social Welf,10%,Social Welfare is allocated **10%** of the donations.,True,0.0
pie_318,pie_chart,What is the total percentage of Contractors and Interns toge,15%,"Contractors are 10% and Interns are 5%, so together they make 15%.",True,0.0
248,treemap,How much more is the usage share percentage of YouTube compa,18%,"From the chart:

- **YouTube:** 18%
- **Twitter:** 4%

So, **YouTube’s usage sha",True,0.0
heatmap_63,heatmap,How much higher is the Revenue in the Technology category co,$400 millions,"Revenue in **Technology** is **1000 million**, and in **Food and Beverage** it i",True,0.0
bubble_258,bubble,How much more in donations has UNICEF received compared to D,$600 million,"From the chart:

- **UNICEF** donations: **$1,800 million**
- **Doctors Without ",True,0.0
radar_149,radar,Which energy source had the highest performance in the fourt,Nuclear,"In the fourth quarter, **Nuclear** had the highest performance, with a value of ",True,0.0
line_num_338,line_chart_num,What is the total of e-commerce sales in the first quarter (,2150 million USD,"The total e-commerce sales in the first quarter (January to March) are:

- Janua",True,0.0
bubble_129,bubble,How much revenue does LinkedIn generate?,$8.05 billion,"According to the chart, **LinkedIn generates about $8 billion in revenue**.",True,0.0
bar_num_470,bar_chart_num,In which month was the difference between the number of ente,April,"From the chart:

- January: 30 − 20 = 10
- February: 40 − 25 = 15
- March: 45 − ",True,0.0
multi-axes_188,multi-axes,How many units of electronics were produced according to the,15000,"According to the chart, **Electronics produced 15,000 units**.",True,0.0
heatmap_235,heatmap,What is the life expectancy in Germany?,81,Germany’s life expectancy is **81 years**.,True,0.0
radar_202,radar,Which policy has the highest score in policy transparency?,Policy B,"From the radar chart, the highest **Policy Transparency** score is for **Policy ",True,0.0
60,funnel,What percentage of funding is going toward Environmental Cau,15%,The image shows a funnel chart for **Technology Adoption in the Internet - 2020*,False,0.0
bar_283,bar_chart,How much higher is the average home price in New York compar,"$100,000","From the chart:

- **New York average home price:** **$500,000**
- **Los Angeles",True,0.0
pie_393,pie_chart,What percentage of higher education fields does Astronomy re,3%,Astronomy represents **3%** of higher education fields in 2023.,True,0.0
rose_207,rose,How many tourists visited South America in 2021?,70000,"South America had **70,000** tourists in 2021.",True,0.0
line_num_238,line_chart_num,Which mode of transportation shows an increase from January ,Air Transport,"From **January to August**, **Air Transport** shows an increase:

- **Air:** 100",True,0.0
92,treemap,How many countries have CO2 emissions higher than 30 metric ,22,The image shown is about **online usage distribution across internet activities ,False,0.0
pie_354,pie_chart,What percentage of engineering professionals do not have at ,5%,"According to the chart, **5%** of engineering professionals do **not** have at l",True,0.0
bar_28,bar_chart,How many visitors went to museums in Germany?,850,Germany had **850 museum visitors**.,True,0.0
line_num_360,line_chart_num,In which month did Online Purchases reach 400 million dollar,May,Online Purchases reached **400 million dollars in May**.,True,0.0
bar_num_370,bar_chart_num,What is the high school enrollment percentage in Germany?,87%,The high school enrollment percentage in Germany is **87%**.,True,0.0
bubble_262,bubble,What is the global ranking of Columbia University?,7,Columbia University’s global ranking is **7**.,True,0.0
radar_109,radar,What is the score in Science for a Bachelors degree?,86,The **Science** score for a **Bachelors** degree is **70**.,False,0.0
line_137,line_chart,What was the trend for interest rates in the US from 2001 to,"They fluctuated, starting at 3.2%, peaking at 4.0% in 2002, and ending at 3.7% in 2005","From the chart, US interest rates:

- **Rose** from **3.2% in 2001** to **4.0% i",True,0.0
line_num_136,line_chart_num,In which year was Gas Energy consumption closest to the cons,2005,"Compare Gas vs Renewable each year:

- 2001: 400 − 150 = 250
- 2002: 460 − 200 =",True,0.0
line_num_366,line_chart_num,In which year was the migration rate in the USA the highest ,2015,"The migration rate was highest in **2015**, at **7.5%**.",True,0.0
line_461,line_chart,How much did the R&D Expenditure increase from 2001 to 2005?,$400 billion,"From the chart, **R&D Expenditure** increased from **1000** in 2001 to **1400** ",True,0.0
line_125,line_chart,In which year was the Average Farm Price closest to the Pric,1998,"From the chart, compare **Average Farm Price** and **Price of Corn** each year:
",True,0.0
195,treemap,What is the combined market sales percentage for Tea and Cof,15%,"From the treemap:

- **Tea and Coffee** = **12%**
- **Organic Foods** = **6%**

",False,0.0
radar_33,radar,Which subject shows a steady increase of 5 score points from,Art,"From the chart, **all subjects** show a steady increase of **5 points** from Cla",True,0.0
bar_415,bar_chart,Which region had the least number of homes sold?,Asia,"From the chart, **South America** had the **least number of homes sold**.",False,0.0
line_num_74,line_chart_num,What is the total amount of donations received by the Nonpro,"11,000,000 dollars","From the chart, donations received from **January to June 2021** are:

- January",True,0.0
pie_301,pie_chart,What is the combined percentage of the age groups 18-24 and ,42%,"The combined percentage of the 18–24 and 25–34 age groups is:

17% + 25% = 42%

",True,0.0
rose_182,rose,How much is the value for Animal Welfare?,3000,"The value for **Animal Welfare** is **3,000**.",True,0.0
heatmap_40,heatmap,How many categories have a higher funding for Psychology tha,9,"Psychology has higher funding than Economics in all 9 categories.

Answer: 9",True,0.0
radar_176,radar,What is the average score of Social Sciences across all quar,77.5,"From the chart, Social Sciences scores are:

- Q1: 70
- Q2: 75
- Q3: 80
- Q4: 85",True,0.0
bar_num_455,bar_chart_num,How many more million monthly users does Facebook have than ,2.2 million,"Facebook has **2.2 million more monthly users** than Snapchat.

Calculation: **2",True,0.0
line_num_301,line_chart_num,Which month did Customer D have the lowest number of custome,April,Customer D had the lowest number of customers shopping online in **April**.,True,0.0
heatmap_57,heatmap,Which country has the highest number of tourist attractions?,France,"France has the highest number of tourist attractions, with **350**.",True,0.0
multi-axes_101,multi-axes,How many tons of air freight were there in May?,7000,"In **May**, the **air freight** was **6,800 tons**.",True,0.0
bar_184,bar_chart,What was the increase in renewable energy production from 20,9000 MWh,"Renewable energy production increased from **20,000 MWh in 2020** to **30,000 MW",False,0.0
pie_74,pie_chart,How much more is the combined percentage of Civil and Crimin,30%,"Civil Law + Criminal Law = 25% + 25% = 50%

International Law + Contract Law = 1",True,0.0
line_219,line_chart,How many viewers were there in the month of June?,240 million,"In **June**, there were **240 million viewers**.",True,0.0
93,funnel,What two categories make up 45% of the Internet usage distri,Social Media and Online Shopping,The image shown is a funnel chart for **Sports and Entertainment Experiences in ,False,0.0
line_num_166,line_chart_num,What was the difference in sales between cars and trains in ,12 million,"In 2021:

- **Car sales** = **16 million**
- **Train sales** = **4 million**

**",True,0.0
line_num_249,line_chart_num,In which year did the GDP of the US reach 35 billion dollars,2023,"According to the chart, the US GDP reached **35 billion dollars in 2023**.",True,0.0
radar_290,radar,Which aspect has the highest score in Philosophy?,Ethical Understanding,"In **Philosophy**, the aspect with the **highest score** is **Ethical Understand",True,0.0
bubble_79,bubble,What is the customer satisfaction score for PepsiCo?,80,PepsiCo’s customer satisfaction score is **85**.,True,0.0
pie_94,pie_chart,What is the percentage of job roles attributed to Customer S,15%,Customer Service accounts for **15%** of the job roles.,True,0.0
10,treemap,What percentage of employee training hours is allocated to C,8%,Customer Service is allocated **10%** of the employee training hours.,False,0.0
bubble_289,bubble,What is the population difference between Tokyo and New York,29 million,"From the chart:

- **Tokyo population** = **20,000** (in the legend’s population",False,0.0
heatmap_287,heatmap,Which country has the highest number of nurses per 1000 peop,Australia,"From the chart, **Australia** has the highest number of nurses per 1,000 people,",True,0.0
radar_212,radar,By how many units did Fundraising Events increase from Q1 to,15,"Fundraising Events increased from **90** in Q1 to **105** in Q4, so the increase",True,0.0
bar_num_16,bar_chart_num,Which region has the highest number of restaurants in 2021?,Asia,"Asia has the highest number of restaurants in 2021, with **30,000** restaurants.",True,0.0
line_350,line_chart,How much has the revenue increased from 2019 to 2022?,8000,"Revenue increased from **10,000 in 2019** to **18,000 in 2022**.

**Increase = 1",True,0.0
line_num_67,line_chart_num,In which year did the tax rate increase by 3% compared to th,2003,The tax rate increased by **3%** in **2003** and **2005** compared to the previo,True,0.0
rose_173,rose,What is the Value of Geothermal energy popularity?,69,The value of **Geothermal** energy popularity is **68**.,True,0.0
bar_365,bar_chart,What is the average attendance for Football?,60,The average attendance for **Football** is **60**.,True,0.0
245,treemap,"What is the total percentage represented by Modernism, Surre",31%,"From the treemap, the percentages are:

- **Modernism** = 15%
- **Surrealism** =",True,0.0
line_num_279,line_chart_num,By how many Celsius degrees did the average temperature incr,8 degrees Celsius,"The average temperature increased from **15°C in 2019** to **23°C in 2023**.

**",True,0.0
line_37,line_chart,What is the average salary for a 25-year-old?,"$47,000","From the chart, the average salary for a **25-year-old** is **$47,000**.",True,0.0
bar_320,bar_chart,Which department has the greatest number of employees in 202,Sales,"From the chart, the number of employees in 2021 is:

- Sales: 50  
- HR: 40  
- ",True,0.0
radar_37,radar,What is the average number of customers in the third quarter,70,"In **Q3**, the **Number of Customers** is **65**.

So, the average number of cus",True,0.0
pie_102,pie_chart,What percentage of people have an Associate's Degree?,15%,15% of people have an Associate's Degree.,True,0.0
bubble_111,bubble,Which company has the highest employee count?,Amazon,"Amazon has the highest employee count.  
It’s shown by the largest bubble and co",True,0.0
line_num_281,line_chart_num,By how much did solar energy production increase from 2017 t,800 kW/hr,Solar energy production increased from **1000 kw/hr in 2017** to **1800 kw/hr in,True,0.0
line_num_168,line_chart_num,By what percentage did the usage of Streaming Services incre,20%,"Streaming Services usage went from **50% in 2019** to **70% in 2022**.

Percenta",True,0.0
radar_299,radar,What is Engineer A's score in Quality Assurance?,90,Engineer A's score in **Quality Assurance** is **75**.,False,0.0
pie_222,pie_chart,Which categories of crops have the same percentage as Nuts?,"Oils, Spices, Dairy, and Other","The categories with the same percentage as **Nuts (4.8%)** are:

- **Oils**
- **",False,0.0
rose_101,rose,How many nonprofit organizations are there for Environmental,80,There are **80** nonprofit organizations for **Environmental Preservation**.,True,0.0
line_287,line_chart,What is the increase in production units for Product C from ,150 units,"Product C increases from **300 units in 2001** to **450 units in 2004**.

**Incr",True,0.0
bar_num_317,bar_chart_num,Which country had the highest ratio of Investment to GDP in ,UK,"From the chart:

- USA: 5 / 25 = 0.20
- UK: 7 / 22 ≈ 0.318
- Germany: 6 / 19 ≈ 0",True,0.0
heatmap_299,heatmap,Which region has the smallest capacity for transportation an,Africa,"Looking at the **Barges (thousand)** column:

- North America: 50
- South Americ",True,0.0
heatmap_272,heatmap,What was the Production Volume in April?,74,"The chart shown is about **Transportation Infrastructure by Country**, not produ",False,0.0
bar_167,bar_chart,Which country has the least number of engineers?,UK,"The **UK** has the least number of engineers, with **1000**.",True,0.0
43,treemap,What is the combined percentage of funding for Social Scienc,38%,Social Sciences (15%) + Business (15%) + Law (8%) = **38%**.,True,0.0
bubble_232,bubble,What are the carbon emissions for solar energy?,0 kg per KWh,"From the chart, **solar energy has carbon emissions of 0 kg per kWh**.

If you w",True,0.0
line_num_354,line_chart_num,In which year did the number of criminal cases filed reach 1,2014,"The number of criminal cases filed reached **13,000 in 2014**.",True,0.0
line_num_37,line_chart_num,"What is the revenue on September 3, 2019?",30 million dollars,"The revenue on **September 3, 2019** is **30 million dollars**.",True,0.0
radar_181,radar,Which renewable energy source has the highest Energy Efficie,Hydropower,"According to the chart, **Hydropower** has the highest **Energy Efficiency (%)**",True,0.0
pie_415,pie_chart,What percentage of the distribution is allocated to Computer,38%,"Computer Science is **19%** and Mathematics is **19%**.

Combined:

**19% + 19% ",True,0.0
bar_287,bar_chart,Which country has the lowest tax rate among the given countr,UK,"Among the countries shown, **the UK has the lowest tax rate**, at **20%**.",True,0.0
line_num_9,line_chart_num,At what time was the altitude of the space shuttle 10 kilome,04:00,"From the graph, altitude goes from about **8 km at 03:00** to **10 km at 04:00**",True,0.0
multi-axes_237,multi-axes,What is the Production Capacity for Food and Beverages?,12000,"The **Production Capacity** for **Food and Beverages** is **12,000 units**.",True,0.0
pie_83,pie_chart,What percentage of people have Master's Degrees?,25%,"From the pie chart, **Master's Degrees account for 25%**.",True,0.0
44,funnel,What percentage of the revenue is attributed to Cultural Att,5%,The chart shown is a **consumer journey funnel for the Food and Beverage Industr,False,0.0
bubble_193,bubble,How many theaters are showing comedy genre films?,300,Comedy films are showing in **300 theaters**.,True,0.0
radar_159,radar,Which platform has the highest user engagement according to ,Instagram,"According to the chart, **Instagram** has the highest **user engagement** at **8",True,0.0
242,treemap,What is the consumption of Hydroelectric energy?,900 TWh,The image appears to show **research funding in social sciences and humanities**,False,0.0
line_num_402,line_chart_num,How much did concert ticket sales increase from 2019 to 2022,400 million,Concert ticket sales increased from **600 million** in 2019 to **1000 million** ,True,0.0
line_301,line_chart,Which mode of transportation shipped the least amount of goo,Truck Shipping,"In **April**, **Truck Shipping** shipped the least amount of goods, at **650 ton",True,0.0
bar_num_472,bar_chart_num,In which month was the difference between full-time and part,April,"The smallest difference was in **April**.

Differences:
- January: 1000 - 500 = ",True,0.0
rose_264,rose,What is the value for Visual Arts?,100,The value for **Visual Arts** is **100**.,True,0.0
heatmap_168,heatmap,What is the market share of Internet of Things (IoT) as per ,35%,The market share of Internet of Things (IoT) is **35%**.,True,0.0
bar_num_88,bar_chart_num,How much more hydropower was produced in April than in Janua,300 MW,"Hydropower in:

- January = **600 MW**
- April = **900 MW**

Difference: **900 -",True,0.0
bar_475,bar_chart,Which country has the least number of galleries among the fo,USA,"The **UK** has the least number of galleries, with **80 galleries**.",False,0.0
bar_211,bar_chart,Which platform has the highest engagement rate according to ,Instagram,"According to the chart, **Instagram** has the highest engagement rate at **19%**",True,0.0
line_100,line_chart,What was the occupancy rate of Hotel B in July?,85%,Hotel B’s occupancy rate in **July** was **85%**.,True,0.0
line_num_184,line_chart_num,By how many billion dollars did the GDP increase from 2001 t,$7 billion,"From the chart, GDP was **20 billion dollars** in **2001** and **27 billion doll",True,0.0
radar_43,radar,Which category had the highest consumption/generation in Q4?,Nuclear Generation,"In Q4, **Fuel Costs (USD)** had the highest value, at **80**.

If you mean only ",True,0.0
line_num_215,line_chart_num,How many more cases were pending in 2014 compared to 2010?,550,"Pending cases in 2010 = **600**  
Pending cases in 2014 = **1150**

Difference =",True,0.0
line_279,line_chart,How many more million users did Facebook gain from 2010 to 2,50 million,"Facebook had **50 million** users in 2010 and **100 million** in 2011, so it gai",True,0.0
line_num_62,line_chart_num,What was the Tax Rate for A in 2013?,25%,The tax rate for **A in 2013** was **25%**.,True,0.0
pie_239,pie_chart,What is the percentage difference between the usage of Natur,5%,"Natural Gas is **20%** and Nuclear is **15%**.

So, the percentage difference is",True,0.0
pie_162,pie_chart,What is the market share percentage of the Textile industry?,15%,The Textile industry market share is **13.6%**.,True,0.0
heatmap_169,heatmap,How much more hydro energy does the United States produce co,150 TWh,"From the chart:

- United States hydro energy: 1050 TWh
- China hydro energy: 90",True,0.0
line_num_162,line_chart_num,What was the manufacturing output in the month of April?,20000,"The manufacturing output in **April** was **20,000 units**.",True,0.0
pie_398,pie_chart,What is the combined percentage usage of YouTube and Snapcha,30%,"YouTube is **20%** and Snapchat is **10%**, so their combined usage is **30%**.",True,0.0
multi-axes_61,multi-axes,Which department has the lowest annual turnover rate?,Legal,"The **Legal** department has the **lowest annual turnover rate**, at **4%**.",True,0.0
bubble_110,bubble,What is the Impact Score of UNICEF?,80,UNICEF’s Impact Score is **80**.,True,0.0
radar_298,radar,Which hospital has the highest staff responsiveness score?,Hospital D,"From the chart, **Hospital D** has the highest **staff responsiveness score**.

",True,0.0
radar_213,radar,How many scores does Festival 2 have that are greater than o,1,"Festival 2 has **2 scores** that are **greater than or equal to 80**.

For Festi",False,0.0
bubble_240,bubble,Which organization has the highest fundraising revenue?,Salvation Army,The organization with the highest fundraising revenue is **Doctors Without Borde,False,0.0
rose_188,rose,How much greater is the number of initiatives for Renewable ,100,"From the chart:

- **Renewable Energy** = **120**
- **Environmental Protection**",True,0.0
heatmap_228,heatmap,Which city has the lowest vacancy rate?,"Both New York City and Los Angeles have the lowest vacancy rate, at 5%","The image is a correlation heatmap, so it does **not show the vacancy rate for e",False,0.0
bar_87,bar_chart,How much more is John's salary compared to Jane's?,$800,"From the chart:

- **John's salary** = **$5,000**
- **Jane's salary** = **$4,200",True,0.0
bar_411,bar_chart,What is the Literacy Rate % in South America?,90,The literacy rate in **South America** is **90%**.,True,0.0
211,funnel,What is the percentage for Food Services in the revenue dist,25%,"The chart shown is **not a revenue distribution chart** and does **not include """,False,0.0
6,treemap,What is the combined percentage of investment in Artificial ,33%,"Artificial Intelligence is **17%** and Biotechnology is **16%**.

Combined inves",True,0.0
112,treemap,Which stage has a value of 4000000?,Feasibility Study,"The stage with a value of **4,000,000** is **Streaming Services**.",False,0.0
line_num_464,line_chart_num,By how many thousand dollars did the average salary increase,8 thousand dollars,"From the chart, the average salary was **40 thousand dollars** in 2010 and **48 ",True,0.0
line_num_347,line_chart_num,Which painting had the highest price increase from 1950 to 1,Painting D,"From the chart:

- **Painting A:** 1000 → 1500 = **+500**
- **Painting B:** 800 ",True,0.0
line_num_414,line_chart_num,What was the highest profit among the four business units in,Profits D with 350 million dollars,"In 2002, the highest profit was **350 million dollars**, achieved by **Business ",True,0.0
bar_num_353,bar_chart_num,Which country has the longest road network according to the ,USA,"According to the chart, the **USA** has the longest road network, with **60,000 ",True,0.0
radar_123,radar,Which hospital has the highest Doctor Retention Rate?,Orthopedic Hospital,"From the chart, **Orthopedic Hospital** has the highest **Doctor Retention Rate*",True,0.0
bar_num_174,bar_chart_num,Which country has the least number of doctors?,USA,"From the chart, the number of **doctors** is:

- **USA:** 4000  
- **UK:** 4500 ",True,0.0
pie_353,pie_chart,What is the combined percentage of the two least popular spo,15%,"The two least popular categories are:

- **Other**: 5%
- **One of the 10% sports",True,0.0
line_249,line_chart,What was the total amount of donations received by Donation ,1100,"Donation A received:

- 2017: 100
- 2018: 200
- 2019: 300
- 2020: 500

Total ove",True,0.0
line_num_242,line_chart_num,What is the total production of Crop B in January and Februa,1700 tonnes,"Crop B production:

- January: 800 tonnes
- February: 900 tonnes

Total = **1700",True,0.0
heatmap_158,heatmap,Which country has allocated the most education spending in m,USA,"The **USA** has allocated the most education spending, at **20,000 million**.",True,0.0
line_102,line_chart,What was the increase in Carbon Dioxide Level from 2000 to 2,150 ppm,"From the chart, the **Carbon Dioxide Level** was:

- **400** in **2000**
- **550",True,0.0
radar_223,radar,Which state has the highest Case Closure Time?,State D,"From the chart, **State C** has the highest **Case Closure Time**, at approximat",False,0.0
line_318,line_chart,Which hotel had the least number of visitors in April?,Hotel D,"In April, **Hotel D** had the least number of visitors, with **80** visitors.",True,0.0
radar_41,radar,By how much is the Water Consumption expected to decrease fr,25 m3/capita,"From the chart, **Water Consumption** goes from **90 m3/capita in 2020** to **70",False,0.0
bar_244,bar_chart,Who has the highest number of vacation days?,Mary,"Mary has the highest number of vacation days, with **25 days**.",True,0.0
pie_479,pie_chart,What mode of transportation has the lowest percentage in the,Water,The mode of transportation with the lowest percentage in the USA in 2023 is **Wa,True,0.0
rose_230,rose,Which category has the highest usage value?,Artificial Intelligence,"The category with the highest usage value is **Networking**, at **95**.",False,0.0
pie_486,pie_chart,What is the combined visitor rate for South America and Afri,19%,"South America is **12%** and Africa is **7%**.

Combined visitor rate: **19%**.",True,0.0
line_num_23,line_chart_num,How many art exhibitions were there in 2018?,17,There were **17 art exhibitions** in **2018**.,True,0.0
radar_171,radar,What is the percentage difference between Education Investme,2%,"Under **Foreign Policy**:

- **Education Investment** = **6%**
- **Healthcare In",True,0.0
line_num_117,line_chart_num,What is the total number of students across all grades accor,320,"From the chart, the number of students in each grade is:

- Grade 1: 50
- Grade ",True,0.0
heatmap_125,heatmap,What is the average monthly cost of utilities in New York?,$450,The chart shows that the **average monthly utilities cost in New York is $450**.,True,0.0
127,treemap,What is the combined percentage of the Clothing and Food & B,32%,"From the treemap, **Clothing = 25%** and **Food & Beverage = 10%**.

**Combined ",True,0.0
bubble_68,bubble,What is the profit margin for electronics?,30%,The profit margin for **electronics** is **30%**.,True,0.0
bar_395,bar_chart,Which country has the highest GDP among the listed countries,USA,The **USA** has the highest GDP in 2021 among the listed countries.,True,0.0
bubble_247,bubble,Which Research Area has the highest Public Interest Score?,Philosophy,"The research area with the highest **Public Interest Score** is **Philosophy**, ",True,0.0
bar_116,bar_chart,Which region had the highest number of volunteering hours in,Asia,"Asia had the highest number of volunteering hours in 2021, with about **4,700 ho",True,0.0
multi-axes_242,multi-axes,"Which field received more grants, Mechanical Engineering or ",Mechanical Engineering,"Mechanical Engineering received more grants than Environmental Science.

- Mecha",True,0.0
pie_342,pie_chart,What percentage of the global logistics industry's transport,35%,Road transportation accounts for **35%** of the global logistics industry's tran,True,0.0
bubble_186,bubble,What is the employee turnover rate in the Sales department?,20%,The Sales department turnover rate is **20%**.,True,0.0
line_num_429,line_chart_num,How much did the average salary increase from January to Dec,$2750,"From the chart, the average salary was:

- **January:** \$3000  
- **December:**",True,0.0
bar_num_161,bar_chart_num,How many more music works did Germany produce than the USA?,100,"Germany produced **100 more** music works than the USA.

- **Germany:** 900
- **",True,0.0
318,funnel,What is the value difference between the Delivery stage and ,1200,The **Delivery** stage value is **2000** and the **Follow-up** stage value is **,True,0.0
281,treemap,What is the total percentage of Film and Video Gaming in the,36%,"From the treemap, **Film = 30%** and **Video Gaming = 10%**.

So, the total perc",False,0.0
line_num_450,line_chart_num,In which month did sugar consumption reach its highest value,April,Sugar consumption reached its highest value in **April**.,True,0.0
line_num_40,line_chart_num,How much did the average salary (in hundred USD) increase fr,5 hundred USD,"From the chart, the average salary was:

- **50** hundred USD in **2000**
- **55",True,0.0
radar_251,radar,How much is the Cost Efficiency score of Prototype D?,90,Prototype D’s **Cost Efficiency** score is **90**.,True,0.0
line_5,line_chart,By how many decibels did the Noise Pollution Level decrease ,10 dB,"The Noise Pollution Level decreased from **65 dB in 2018** to **55 dB in 2020**,",True,0.0
radar_141,radar,What is the Policy Impact score for Healthcare?,79,The **Policy Impact** score for **Healthcare** is **68**.,False,0.0
line_413,line_chart,In which year was the Rate of Acquittal the highest from 201,2019,"The **Rate of Acquittal** was highest in **2019**, at **40%**.",True,0.0
radar_16,radar,Which item has the highest yield per acre according to the d,Corn,"According to the chart, **Corn** has the highest **yield per acre**, at about **",True,0.0
pie_485,pie_chart,What percentage of Technology Usage is attributed to the 18-,25%,The **18–24** age group accounts for **25%** of technology usage.,True,0.0
line_num_331,line_chart_num,What is the difference in the number of travelers by bus bet,300,"Bus travelers in **February = 3500** and in **June = 3800**.

**Difference = 380",True,0.0
bar_279,bar_chart,How many more hotels are there in France compared to the USA,100,"From the chart:

- **France hotels:** 1700  
- **USA hotels:** 1500  

So, **Fra",False,0.0
line_num_406,line_chart_num,How much did the Local Tax Revenue increase from 2000 to 200,$800 million,Local Tax Revenue increased from **600 million dollars** in 2000 to **1400 milli,True,0.0
rose_254,rose,What is the value for Solar Energy?,80,The value for **Solar Energy** is **80**.,True,0.0
heatmap_177,heatmap,How much are fruits exported in tonnes?,200,Fruits exported are **200 tonnes**.,True,0.0
radar_126,radar,Which product category has the highest in-store sales in Q4?,Grocery,"The product category with the highest **in-store sales in Q4** is **Grocery**, a",True,0.0
pie_41,pie_chart,What percentage of employees is in the age group 55-64?,10%,The age group **55–64** makes up **10%** of employees.,True,0.0
line_359,line_chart,How many more volunteer hours were there in 2015 compared to,20000 hours,"Volunteer hours in 2011 were **20,000**, and in 2015 they were **40,000**.

So, ",True,0.0
bar_num_279,bar_chart_num,How much did the number of computers increase between 2015 a,3 million,"From the chart, the number of computers was:

- **2015:** 1 million  
- **2018:*",True,0.0
50,treemap,"How many nonprofits received donations in the range of $50,0",18,"The image is a treemap about **legal affairs categories** and their percentages,",False,0.0
heatmap_153,heatmap,What is the effectiveness percentage of Policy C for Healthc,35%,Policy C for Healthcare has an effectiveness of **35%**.,True,0.0
heatmap_154,heatmap,What is the percentage difference between Social Media Usage,35%,"From the chart:

- **Social Media Usage in 2018** = **30**
- **E-commerce Sales ",True,0.0
line_num_282,line_chart_num,What was the total power output from Wind and Nuclear source,2000 GWh,"In **2018**:

- **Wind** = **1300 GWh**
- **Nuclear** = **700 GWh**

**Total = 2",True,0.0
pie_440,pie_chart,What is the combined percentage of the age groups 51-65 and ,15%,"The age groups **51–65** and **65+** are **13%** and **2%**.

**Combined percent",True,0.0
bar_num_391,bar_chart_num,What is the total retail sales across the four months?,245 million,"The total retail sales across the four months are:

50 + 60 + 65 + 70 = 245 mill",True,0.0
radar_272,radar,Which mode of transportation has the lowest Average Transit ,Air,"From the chart, **Air** has the **lowest Average Transit Time** at **2 days**.",True,0.0
bubble_169,bubble,Which company has the highest active user count?,Google,"Google has the highest active user count, with 5,000 million users.",True,0.0
bubble_271,bubble,What is the property value of the city with the highest rent,800 million $,"The city with the highest rental price is **San Jose** at **$3500**, and its **p",True,0.0
rose_124,rose,Which subject has the least number of students enrolled?,Music,"The subject with the least number of students enrolled is **Music**, with **10 s",True,0.0
multi-axes_198,multi-axes,How much is the Sales (Dollars) for Spirits?,"$372,100","The Sales (Dollars) for **Spirits** is **$370,000**.",True,0.0
bar_74,bar_chart,What is the difference in renewable energy percentage betwee,10%,"Germany has **40%** renewable energy, while the UK has **30%**.

**Difference: 1",True,0.0
area_chart_183,area_chart,How much water does the Agricultural category use?,25000 gallons,"The **Agricultural** category uses **25,000 gallons** of water.",True,0.0
rose_287,rose,Which crop has the lowest value according to the data?,Spinach,"According to the chart, **Spinach** has the lowest value, at **50**.",True,0.0
line_num_374,line_chart_num,By how much did Nitrogen Dioxide levels increase from 2020 t,8 PPB,Nitrogen Dioxide levels increased from **30 ppb in 2020** to **38 ppb in 2023**.,True,0.0
bar_185,bar_chart,How many more internet users are there in the USA compared t,270 million,"From the chart:

- **USA internet users:** 312 million  
- **Germany internet us",False,0.0
line_num_178,line_chart_num,What was the rate of conviction in 2011?,77%,"In **2011**, the conviction rate was:

\[
\frac{10000}{13000} \times 100 \approx",True,0.0
185,treemap,Which category has the highest percentage in the Tourism and,Accommodation,Accommodation has the highest percentage at 25%.,True,0.0
bar_num_493,bar_chart_num,Which country has the highest number of cases?,France,"From the chart, **France** has the highest number of cases, with **1500 cases**.",True,0.0
line_75,line_chart,What is the average Science Score for all the listed grades?,88,"The Science scores are **80, 85, 90, 95, 90**.

Average Science Score:

\[
\frac",True,0.0
line_num_321,line_chart_num,What was the Voting Eligible Population in 2004?,240 million,The Voting Eligible Population in 2004 was **240 million**.,True,0.0
line_num_55,line_chart_num,How much did the adoption of Technology A increase from 2010,45,"Technology A increased from **20% in 2010** to **65% in 2015**.

So the increase",True,0.0
area_chart_270,area_chart,Which region has the highest number of Home Sales?,West,The **West** region has the highest number of **Home Sales**.,True,0.0
heatmap_16,heatmap,How many awareness campaigns were reported in the health cat,15,The **Health** category reported **8 awareness campaigns**.,False,0.0
bubble_223,bubble,Which city has the highest rent to buy ratio?,Philadelphia,"The city with the highest rent-to-buy ratio is **Philadelphia**, with a ratio of",True,0.0
bubble_71,bubble,Which website has the highest conversion rate?,YouTube,YouTube has the highest conversion rate at 6%.,True,0.0
heatmap_251,heatmap,Which subject does Student.6 have the highest score in?,Mathematics and Language Arts,"Student.6 has the highest score in **Language Arts**, with a score of **92**.",False,0.0
rose_90,rose,How many more initiatives are there in Education compared to,14,"Education has **15 more initiatives** than Social Security.

- **Education:** 35",True,0.0
radar_59,radar,Which website has the lowest SEO Performance score?,Website B,The website with the lowest **SEO Performance score** is **Website B**.,True,0.0
pie_29,pie_chart,What percentage of global tourism does Nature type account f,15%,Nature tourism accounts for **15%** of global tourism.,True,0.0
pie_366,pie_chart,What percentage of the total is accounted for by Non-Formal ,5%,Non-Formal education accounts for **5%** of the total.,True,0.0
multi-axes_75,multi-axes,How much did social media users (in millions) increase from ,900,"From the chart, social media users were:

- **2015:** 2,080 million  
- **2020:*",False,0.0
radar_179,radar,Which material has the lowest cost per kilogram?,Plastic,"From the chart, **concrete** has the lowest cost per kilogram.

Approximate cost",True,0.0
radar_259,radar,Which sector shows a consistent growth of 5 billion dollars ,All sectors,"From the chart:

- **Technology:** 65 → 70 → 75 → 80
- **Healthcare:** 55 → 60 →",False,0.0
line_num_325,line_chart_num,What is the difference in store sales between the years 2022,200 billion dollars,"Store sales in **2022** were **1300**, and in **2023** they were **1500**.

So, ",True,0.0
area_chart_59,area_chart,By how much do the online sales of Clothing exceed the in-st,$20000,"For **Clothing**:

- **Online sales** = **$50,000**
- **In-store sales** = **$30",True,0.0
area_chart_152,area_chart,Which category has the least number of stadiums?,Soccer,"The category with the least number of stadiums is **Soccer**, with about **200 s",True,0.0
266,treemap,What percentage of the government budget is allocated to Sci,3%,Science and Technology is allocated **5%** of the government budget.,False,0.0
line_num_206,line_chart_num,Which sport had an increase in viewers every year from 2001 ,Basketball,"From the chart, **basketball** had an increase in viewers every year from **2001",True,0.0
bar_258,bar_chart,Which country has the least number of websites?,France,"From the chart, the number of **websites** is:

- USA: 200  
- UK: 150  
- Germa",True,0.0
272,funnel,What is the combined percentage of attendance for Film Scree,22%,The provided image is a funnel chart about **Employee Management and Development,False,0.0
line_199,line_chart,In what year did Instagram users reach 1000 millions accordi,2019,"According to the chart, **Instagram reached 1000 million users in 2019**.",True,0.0
multi-axes_105,multi-axes,What is the average stay of tourists in the shopping categor,4.1 nights,The average stay for the **Shopping** category is **4.1 nights**.,True,0.0
line_235,line_chart,What was the population of the United States in 2016?,420 million,"According to the chart, the population of the United States in **2016** was **42",True,0.0
91,treemap,What is the value associated with the Design and Engineering,800,The value for **Design and Engineering** is **5**.,False,0.0
radar_187,radar,Which technology showed the least growth from Q1 to Q4 in 20,Artificial Intelligence,"From the chart, growth from Q1 to Q4 is:

- **Mobile Apps:** 80 → 95 = **+15**
-",True,0.0
pie_453,pie_chart,What percentage of the Food and Beverage Industry does Onlin,10%,Online Delivery Services account for **10%** of the Food and Beverage Industry s,True,0.0
bubble_283,bubble,What was the Production Volume in April?,74,The chart shown is about **sports and entertainment performance metrics** with c,False,0.0
heatmap_56,heatmap,Which sport has the least number of assists on average?,Soccer,"From the chart, the **assists** values are:

- Basketball: 11  
- Football: 9  
",True,0.0
line_num_434,line_chart_num,How much did tourism revenue increase from 2018 to 2019?,$5 billion,Tourism revenue increased from **$150 billion in 2018** to **$200 billion in 201,False,0.0
radar_265,radar,Which product category showed the highest sales in March?,Fruits & Vegetables,"In **March**, the product category with the **highest sales** was **Fruits & Veg",True,0.0
radar_220,radar,Which sport had the highest increase in popularity from 2020,Baseball,"From the chart, the increases from **2020 to 2021** are:

- **Basketball:** 85 →",True,0.0
bar_num_100,bar_chart_num,Which country has the highest average grades?,Germany,"From the chart, **Germany** has the highest average grades, with **82**.",True,0.0
area_chart_58,area_chart,By how much did the Gross Profit increase from Q1 to Q4 of 2,$70 million,"From the chart, **Gross Profit** was:

- **Q1:** 280 million  
- **Q4:** 370 mil",True,0.0
rose_281,rose,Which policy has the highest value according to the data?,Law Policy,"According to the chart, **Law Policy** has the highest value, at approximately *",True,0.0
166,funnel,What is the combined percentage of Classicism and Impression,33%,The chart shown is about **Sustainable Development – Environment and Sustainabil,False,0.0
area_chart_119,area_chart,How many hours were spent in total from January to June?,1500 hours,"From the chart, **Time Spent (hours)** from **January to June** is:

- January: ",True,0.0
line_num_216,line_chart_num,Which cultural facility saw the greatest increase in number ,Museums,"From 2001 to 2004:

- Museums: 100 → 130, increase of 30
- Art Galleries: 80 → 8",True,0.0
bar_400,bar_chart,Which country has the least number of retail stores?,Germany,"Germany has the least number of retail stores, with 300 stores.",True,0.0
pie_258,pie_chart,What is the percentage of geothermal energy sources?,5%,Geothermal energy sources account for **5%**.,True,0.0
heatmap_83,heatmap,What is the Debt to Equity Ratio for the Consumer Goods indu,2,The **Debt to Equity Ratio** for the **Consumer Goods** industry is **2.0**.,True,0.0
line_num_386,line_chart_num,"What was the total number of users across platforms A, B, an",1750 million,"In Q2 2020:

- Platform A = 600 million
- Platform B = 450 million
- Platform C ",True,0.0
bubble_131,bubble,What is the efficiency percentage of Solar Energy?,90%,"From the chart, **Solar Energy efficiency = 18%**.",False,0.0
multi-axes_216,multi-axes,How many more employees are in Administration than in Cleric,895,"Administration has about **2,150** employees, while Clerical has about **1,250**",True,0.0
multi-axes_96,multi-axes,How many employees were there in Q3 2021?,2350,"In **Q3 2021**, there were **2,350 employees**.",True,0.0
pie_401,pie_chart,What percentage of the population has an Associate Degree ac,25%,"According to the chart, **25%** of the population has an **Associate Degree**.",True,0.0
line_82,line_chart,How many more museums were there in 2014 compared to 2010?,14,"In 2010 there were **10 museums**, and in 2014 there were **24 museums**.

So, t",True,0.0
radar_185,radar,Which sector had the highest performance in Q4 of 2024?,Financial Services,"In Q4 of 2024, **Financial Services** had the highest performance, with a value ",True,0.0
heatmap_148,heatmap,Which research area has the least number of publications in ,Organic Chemistry,"Looking at the **Physics** column:

- Calculus: **40**
- Structural Engineering:",True,0.0
bubble_267,bubble,Which destination has the highest revenue according to the d,USA,"According to the chart, **USA** has the highest revenue, at **1300 billion dolla",True,0.0
radar_287,radar,Which category has the highest score for Online?,Inventory Efficiency,"For the **Online** channel, the **highest score** is **Inventory Efficiency**, w",True,0.0
200,treemap,How much higher is the percentage of Social Networking compa,23%,"Social Networking is **11 percentage points** higher than News Portals.

- **Soc",False,0.0
pie_359,pie_chart,What percentage of the donations comes from Fundraising Even,15%,"Fundraising Events is **10%** and Other is **5%**.

Combined: **10% + 5% = 15%**",True,0.0
line_18,line_chart,In which year did wind energy production reach 420 MW?,2013,Wind energy production reached **420 MW in 2013**.,True,0.0
line_num_109,line_chart_num,At what age does the height peak according to the given data,20,"The height peaks at **age 20**, where it reaches **182 cm**.",True,0.0
rose_296,rose,How many more projects are there in Aerospace Engineering co,46,"Aerospace Engineering has **45 more projects** than Robotics.

- **Aerospace Eng",True,0.0
area_chart_150,area_chart,How much more coffee was sold at dinner compared to during s,600,"Coffee sold at **dinner** was **600 more** than during **snacks**.

- Dinner cof",True,0.0
bar_254,bar_chart,How many research papers were there in 2022?,3500,"In **2022**, there were **3,500 research papers**.",True,0.0
radar_261,radar,What is the popularity of Dubai during the Mild Season?,85,Dubai’s popularity during the **Mild Season** is **85**.,True,0.0
line_num_107,line_chart_num,What is the increase in hydroelectric energy production from,15000 MWh,"Hydroelectric energy production increased from **40,000 MWh in 2016** to **55,00",True,0.0
area_chart_6,area_chart,By how much did the revenue increase from the year 2016 to 2,$30000,"From the chart, revenue was about **100,000** in **2016** and **130,000** in **2",True,0.0
22,treemap,What percentage of the budget is allocated for Energy?,3%,Energy is allocated **5%** of the budget.,False,0.0
line_num_154,line_chart_num,In which month was the difference between online and offline,March,"The greatest difference between online and offline sales was in **April**.

- **",False,0.0
bubble_115,bubble,What was the Production Volume in April?,74,"The chart shown is about **academic performance and enrollment**, not production",False,0.0
71,treemap,How much larger is the share of Consumer Electronics compare,19%,"From the chart:

- **Consumer Electronics** = **20%**
- **Chemicals** = **8%**

",True,0.0
multi-axes_299,multi-axes,By how much did the number of employees increase from Q1 to ,2510,"From the chart, the **number of employees** was:

- **Q1:** 80,000  
- **Q4:** 1",False,0.0
radar_124,radar,Which property type has the highest Location Score?,Apartments,The property type with the highest **Location Score** is **Apartments**.,True,0.0
heatmap_162,heatmap,What is the median house price in Los Angeles?,1.6 million,The median house price in Los Angeles is **1.6 million dollars**.,True,0.0
pie_369,pie_chart,What is the percentage of oilseeds in the distribution of ag,15%,Oilseeds make up **15%** of the distribution of agricultural commodities.,True,0.0
bar_num_306,bar_chart_num,Which experiment has the highest success rate?,Experiment 1,Experiment1 has the highest success rate at **90%**.,True,0.0
candlestick_12,candlestick,What was the high price on 2019-05-29?,195,The high price on **2019-05-29** was **195**.,True,0.0
heatmap_297,heatmap,Which product has the highest inventory turnover rate?,Widget D,"From the heatmap, **Widget D** has the highest **inventory turnover rate** at **",True,0.0
heatmap_300,heatmap,Which city has the highest revenue per available room?,Dubai,"From the chart, **Dubai** has the highest **Revenue per Available Room (RevPAR)*",True,0.0
line_54,line_chart,In which year was the difference between the production of c,2022,"From the chart:

- **2019:** Cereal 5000, Bakery 3000 → difference = **2000**
- ",True,0.0
line_139,line_chart,Which country has the highest population to GDP ratio in 201,India,"From the chart, the countries and approximate values are:

- USA: population 331",True,0.0
rose_244,rose,Which field has the highest number of scientific and enginee,Biomedical Engineering,"According to the chart, **Biomedical Engineering** has the highest number of sci",True,0.0
line_num_210,line_chart_num,What is the average salary in the year 2021?,70000,"The average salary in **2021** is **$70,000**.",True,0.0
line_148,line_chart,What is the difference between the number of births and deat,"100,000","In **2004**:

- **Births** = **1000 thousand**
- **Deaths** = **900 thousand**

",False,0.0
pie_371,pie_chart,What is the combined percentage of Twitter and Instagram usa,30%,"Twitter is 15% and Instagram is 15%, so combined they account for **30%**.",True,0.0
bubble_206,bubble,What was the Production Volume in April?,74,The chart shown is about **sports and entertainment events** and displays **atte,False,0.0
area_chart_202,area_chart,What was the revenue from desserts in the year 2018?,"$220,000","The revenue from **desserts in 2018** was **250,000**.",False,0.0
rings_278,rings,What is the ratio for Hospitality Services?,33%,"From the chart, **Hospitality Services = 35** out of a total of **110**.

So the",True,0.0
263,treemap,What is the percentage of revenue for Home and Garden catego,15%,The **Home and Garden** category accounts for **12%** of the revenue.,False,0.0
line_num_35,line_chart_num,What was the average rent in 2017?,2.1,"The average rent in **2017** was **2.1 thousand dollars** (about **$2,100**).",True,0.0
143,histogram,"How many more patients fall under the ""Normal weight"" catego","140,000 patients",The **Normal weight** category has **140 thousand more patients** than the **Ext,False,0.0
bubble_246,bubble,What is the average salary difference between Administrative,$1000,"From the chart:

- **Administrative salary** = **$3,000/month**
- **Technical sa",True,0.0
area_chart_8,area_chart,How much more electricity was consumed in May compared to Ja,5000 kWh,"From the chart, **electricity** consumption was:

- **January:** 25,000
- **May:",True,0.0
radar_110,radar,What is the publication count for Sociology?,70,The publication count for **Sociology** is **65**.,True,0.0
heatmap_268,heatmap,What was the revenue in the year when the Hotel Occupancy Ra,$250 billion,"The Hotel Occupancy Rate was **76% in 2024**, and the **revenue** that year was ",True,0.0
pie_174,pie_chart,"What is the combined percentage of Instagram, Twitter, and S",35%,"Instagram is **15%**, Twitter is **10%**, and Snapchat is **10%**.

Combined: **",True,0.0
line_334,line_chart,What is the increase in viewership from 2019 to 2020?,"200,000","From the chart, viewership was:

- **2019:** 800,000  
- **2020:** 1,000,000  

",True,0.0
pie_376,pie_chart,What percentage of healthcare utilization is attributed to t,35%,The **19–35** age group accounts for **35%** of healthcare utilization.,True,0.0
line_421,line_chart,What is the total consumption increase for dairy from 2020 t,60,"Dairy consumption increased from **100** in 2020 to **160** in 2023.

**Total in",True,0.0
bar_num_477,bar_chart_num,How much did the food sales in the UK amount to in millions?,450,The food sales in the UK amounted to **450 million**.,True,0.0
pie_65,pie_chart,What is the percentage of laptops being used?,15%,The percentage of **laptops** being used is **15%**.,True,0.0
area_chart_233,area_chart,What is the total amount of cargo (in tons) handled by Air a,310000,"From the chart for **Africa**:

- **Air Cargo** = **175,000 tons**
- **Maritime ",True,0.0
line_409,line_chart,Which school had the lowest enrollment in 2021?,School A,"In 2021, **School A** had the lowest enrollment, with **260 students**.",True,0.0
rose_198,rose,Which field has the highest number of hospitals specializing,Surgery,"The field with the highest number of hospitals is **Surgery**, with **98 hospita",True,0.0
heatmap_50,heatmap,Which category has the highest number of customers in millio,Electronics,"The category with the highest number of customers is **Electronics**, with **15 ",True,0.0
line_num_461,line_chart_num,In which month does the ratio of tourism revenue to tourist ,April,"Compute revenue per arrival for each month using the chart values:

- January: 3",True,0.0
pie_448,pie_chart,How much greater is the combined percentage of donations to ,25%,"Education is **25%** and Health is **20%**, so combined they are **45%**.

Human",True,0.0
line_62,line_chart,How many tablets were sold in 2016?,200,"In **2016**, **200 tablets** were sold.",True,0.0
multi-axes_249,multi-axes,Which category received the highest research funding?,Engineering,"The category with the highest research funding is **Engineering**, receiving **$",True,0.0
bubble_235,bubble,How many more millions of patrons does Film have compared to,450 million patrons,"Film has **450 million more patrons** than Literature.

- **Film:** 500 million
",True,0.0
line_num_313,line_chart_num,How many high-speed trains were delivered in total from Janu,34,"From the chart, high-speed trains delivered were:

- January: 10
- February: 11
",True,0.0
rings_63,rings,What is the combined ratio of Ticket Sales and Sponsorships?,58%,"From the chart:

- **Ticket Sales = 33%**
- **Sponsorships = 25%**

Combined:

*",True,0.0
area_chart_76,area_chart,What is the total expenditure for Specialty Care across all ,100 million,"From the chart, **Specialty Care** values by age group are:

- **0–18 Years:** 1",True,0.0
bubble_121,bubble,What is the average settlement amount for Michael Davis?,"$90,000","Michael Davis’s average settlement amount is **$85,000**.",True,0.0
pie_248,pie_chart,What is the combined percentage of donations made by Corpora,25%,"Corporate Partners contribute **15%** and Government Grants contribute **10%**.
",True,0.0
pie_24,pie_chart,What percentage of healthcare utilization is accounted for b,30%,The **26–35 age group accounts for 30%** of healthcare utilization.,True,0.0
heatmap_64,heatmap,What is the revenue difference between France and the United,$10 billion USD,"The **revenue difference** between **France** and the **United States** is:

- *",True,0.0
line_156,line_chart,What was the GDP of Brazil in 2021?,2.2,"Brazil’s GDP in 2021, according to the chart, was **about 1.6 trillion**.",False,0.0
heatmap_301,heatmap,Which region has the lowest fish production?,South America and Africa (tied),"From the heatmap, **fish production** values are:

- North America: **150**
- So",False,0.0
candlestick_13,candlestick,On which date was the Low Price ($) the lowest?,2020-08-15,The **lowest Low Price ($)** occurred on **Aug 15**.,False,0.0
area_chart_252,area_chart,Which level of education has the highest number of students ,Post-Graduate,"From the chart, **Doctoral** has the highest number of students enrolled in **Co",False,0.0
pie_197,pie_chart,What is the percentage of females in the gender distribution,50%,The chart shows females make up **50%** of the USA gender distribution in 2023.,True,0.0
heatmap_198,heatmap,How many concert halls are there in France?,1100,"France has **1,100 concert halls**.",True,0.0
multi-axes_251,multi-axes,How much is the net profit for the real estate category?,$6000 million,"The **net profit for Real Estate** is **6,000 million dollars**.",True,0.0
line_24,line_chart,In which year was the number of photographs produced the hig,2020,The number of photographs produced was highest in **2020**.,True,0.0
rose_16,rose,Which sector has the highest number of employees according t,Automotive,"The **Automotive** sector has the highest number of employees, with **180 employ",True,0.0
line_num_315,line_chart_num,Who donated the most to Charity B?,David,"For **Charity B**, the donations are:

- James: **$300**
- Smith: **$200**
- Dav",True,0.0
bar_num_138,bar_chart_num,How many students are there in Grade 3?,700,There are **700 students** in **Grade 3**.,True,0.0
244,histogram,Which crop type has the lowest annual yield according to the,Coffee,"According to the chart, **Coffee** has the lowest annual yield, at about **8 mil",True,0.0
area_chart_245,area_chart,How many visitors attended Festivals in 2023?,320,Festivals had **320 visitors** in **2023**.,True,0.0
line_377,line_chart,How many more million people attended music concerts than ar,13,"In 2019:

- Music concerts: **25 million**
- Art exhibitions: **12 million**

Di",True,0.0
rings_223,rings,Which category has the highest ratio according to the data?,Merchandise Sales,The category with the highest ratio is **Merchandise Sales** at **30%**.,True,0.0
line_num_260,line_chart_num,What is the average delivery cost for the months of February,$75,"From the chart, the **delivery costs** are:

- **February:** 72  
- **March:** 7",True,0.0
81,treemap,What percentage of HR resources is allocated to Employee Rel,9%,Employee Relations is allocated **9%** of HR resources.,True,0.0
line_46,line_chart,How much does the pressure change from January to June?,13 hPa,"From the graph, pressure is about:

- **January:** 1010 hPa  
- **June:** 1025 h",False,0.0
pie_250,pie_chart,How much more popular is Road transportation compared to Rai,25%,"From the chart, **Road = 270** and **Rail = 10**.

So Road transportation is:

-",True,0.0
bubble_290,bubble,How much greater is the carbon footprint of Exxon Mobil comp,"350,000 metric tons","From the chart, Exxon Mobil’s carbon footprint is **320 million tons CO₂e**, whi",False,0.0
pie_71,pie_chart,What percentage of the United States population is in the ag,25%,The **35–44** age group is **25%** of the United States population in 2023.,True,0.0
pie_185,pie_chart,What percentage of the company's employees are on contract?,15%,15% of the company's employees are on contract.,True,0.0
heatmap_237,heatmap,Which cause received the maximum donations according to the ,Education,"According to the chart, **Education** received the maximum donations, with **USD",True,0.0
line_240,line_chart,What is the trend in GDP from 2017 to 2023?,Increasing,"GDP shows a steady upward trend from 2017 to 2023.

- 2017: **2.5 trillion dolla",False,0.0
heatmap_262,heatmap,What is the difference between the liabilities and the asset,$400 million,"In the **Retail** sector:

- **Assets** = **600 million**
- **Liabilities** = **",False,0.0
area_chart_20,area_chart,How much solar power was generated in July?,100 kWh,"In **July**, solar power generated was **100 kWh**.",True,0.0
line_164,line_chart,How much is the average apartment price in California in tho,4,The average apartment price in California is **4 thousand dollars**.,True,0.0
rose_148,rose,What is the value for biomass energy usage?,10,The biomass energy usage value is **10**.,True,0.0
radar_100,radar,Which category has the highest Guest Satisfaction score?,Luxury Cruise,"The category with the highest **Guest Satisfaction** score is **Luxury Cruise**,",True,0.0
pie_93,pie_chart,How much larger is the percentage of the 25-34 age group com,15%,"The 25–34 age group is **25%**, and the 65+ age group is **10%**.

So the differ",True,0.0
line_num_221,line_chart_num,What is the power when the current is 0.6A?,0.9W,"From the graph, when the **current is 0.6 A**, the corresponding voltage is **1.",True,0.0
area_chart_114,area_chart,In which year did online sales surpass in-store sales?,2020,"From the chart, **online sales did not surpass in-store sales in any year shown ",True,0.0
heatmap_249,heatmap,Which country has the lowest number of livestock animals?,India,"India has the lowest number of livestock animals, with **4,000,000**.",True,0.0
line_396,line_chart,"Which platform added more users between 2010 and 2015, Twitt",Instagram,"Between 2010 and 2015:

- **Twitter** grew from **10 million** to **90 million**",True,0.0
bubble_278,bubble,How many employees are there in the Department of Health & H,1.0 million,The Department of Health & Human Services has **80 employees** in the chart.,False,0.0
line_num_146,line_chart_num,What is the resistance when the current is 0.2 A?,2.5 ohms,"From the graph, when the **current is 0.2 A**, the corresponding **resistance is",True,0.0
candlestick_26,candlestick,What was the high price of stock on 2020-06-15?,35.1,The high price on 2020-06-15 was **$35.1**.,True,0.0
rings_50,rings,How much higher is the percentage ratio of Online Sales than,14%,"Online Sales = **47%**  
In-Store Sales = **33%**

Difference = **47% - 33% = 14",True,0.0
pie_319,pie_chart,What is the percentage difference between genders in the USA,10%,"From the chart, the USA gender distribution is:

- Male: 45%
- Female: 55%

So, ",True,0.0
pie_15,pie_chart,Which shipping method is the least popular according to the ,Economy shipping,"The least popular shipping method is **Economy Shipping**, at **15%**.",True,0.0
multi-axes_154,multi-axes,How many more hours are spent on average on Instant Messagin,3 hours,"From the chart:

- **Instant Messaging** average time spent = **5.0 hours**
- **",True,0.0
bubble_216,bubble,Which engineering field has the highest amount of research f,Biomedical Engineering,"Biomedical Engineering has the highest research funding, at **$50 billion**.",True,0.0
line_223,line_chart,By how much did the enrollment number increase from Spring 2,40,"From the chart:

- **Spring 2021:** 100
- **Spring 2022:** 140

Increase = **140",True,0.0
line_num_476,line_chart_num,How many more bus tickets were sold than airplane tickets in,400,"In April, bus tickets sold were **1100** and airplane tickets sold were **700**.",True,0.0
pie_256,pie_chart,Which tax has the smallest percentage according to the data?,Other Taxes,The smallest percentage is **Other Taxes at 10%**.,True,0.0
241,histogram,What is the average GPA for Juniors?,3.1,The average GPA for **Juniors** is **3.1**.,True,0.0
area_chart_240,area_chart,How much higher is the median house price for 5+ bedroom hou,"$300,000","From the chart:

- **2 Bedroom Apartments** median price = **$250,000**
- **5+ B",True,0.0
heatmap_126,heatmap,How many more fast food chains are there than cafes in the F,750,"In the **Fast Food** category:

- **Number of Fast Food Chains** = 1000
- **Numb",True,0.0
line_226,line_chart,What was the GDP Growth Rate in 2001?,3.4%,The **GDP Growth Rate in 2001** was **3.4%**.,True,0.0
260,treemap,What is the combined percentage allocation for Defense and H,39%,"Defense is **21%** and Healthcare is **18%**.

Combined allocation: **39%**.",True,0.0
rose_6,rose,What is the value for online shopping according to the chart,88,The value for **Online Shopping** is **90**.,True,0.0
heatmap_188,heatmap,Which product has the least amount of waste produced?,Product A,"From the chart, **Product A** has the least waste produced.

- **Product A:** 1.",True,0.0
line_407,line_chart,How many more cases were there than judgements in 2002?,19000,"In 2002:

- **Number of cases** = 25,000  
- **Number of judgements** = 6,000  
",True,0.0
area_chart_298,area_chart,Which degree has the highest number of enrolled students in ,Doctorate,The degree with the highest number of enrolled students in **History** is **Tota,False,0.0
radar_56,radar,Which factory has the highest waste management percentage ac,Factory E,"According to the chart, **Factory E** has the highest **waste management percent",True,0.0
bubble_103,bubble,How many merit-based scholarships are offered by Harvard Uni,200,"From the chart, **Harvard University offers 4 merit-based scholarships**.",False,0.0
line_355,line_chart,In which year was the CO2 Emissions reduction the greatest c,2016,"From the chart, CO2 emissions are:

- 2015: 25,000 tons
- 2016: 22,000 tons
- 20",True,0.0
line_num_488,line_chart_num,In which month was the production of Product A the highest?,April,Product A had its highest production in **April**.,True,0.0
rings_116,rings,What category has the lowest ratio in the Financial Manageme,Regulatory Compliance,The category with the lowest ratio is **Regulatory Compliance**.,True,0.0
bubble_124,bubble,How many countries does the Red Cross have outreach in?,160,The Red Cross has outreach in **130 countries**.,False,0.0
line_242,line_chart,How many cases were dismissed in 2004?,180,"In **2004**, **180 cases** were **dismissed**.",True,0.0
bar_num_264,bar_chart_num,How many more students are there in the UK compared to Germa,150,"The UK has **50 more students** than Germany.

- **UK students:** 500
- **German",False,0.0
pie_10,pie_chart,What percentage of E-Commerce Transactions is represented by,25%,Online Retail Stores represent **25%** of e-commerce transactions.,True,0.0
pie_406,pie_chart,Which income bracket represents the largest percentage?,Middle-Income,The **Middle-Income** bracket represents the largest percentage at **50%**.,True,0.0
area_chart_197,area_chart,In which year was the highest Education Budget allocated?,2019,"The highest **Education Budget** was allocated in **2019**, at **6000**.",True,0.0
heatmap_292,heatmap,Which sport has the highest social media followers?,Football,"From the chart, **Football** has the highest social media followers with **150 m",True,0.0
pie_14,pie_chart,What is the percentage of healthcare utilization for the 25-,20%,The **25–34** age group has **20%** healthcare utilization.,True,0.0
heatmap_271,heatmap,How much greater is the nuclear energy production in China c,500 billion kilowatt-hours,"From the heatmap:

- **China nuclear energy production** = **700** billion kilow",True,0.0
rose_224,rose,How many more visitors did Adventure Tourism receive than Me,130,"Adventure Tourism received **130 more visitors** than Medical Tourism.

- Advent",True,0.0
heatmap_119,heatmap,Which category has the highest average order value?,Home Goods,"From the heatmap, **Home Goods** has the highest **Average Order Value**, at **$",True,0.0
pie_49,pie_chart,What is the combined percentage for Pickup and In-store deli,64%,"Pickup is **32%** and In-store is **32%**.

Combined percentage: **64%**.",True,0.0
line_323,line_chart,In which year did the major sporting events have the lowest ,2020,The lowest attendance was in **2020**.,True,0.0
candlestick_8,candlestick,What was the high price of the stock at the end of the year ,$3.6,"At the end of **2014**, the stock’s **high price** was **$26**.",False,0.0
line_166,line_chart,What is the wind energy generation in the month of April?,32 GW,The wind energy generation in **April** is **32 GW**.,True,0.0
line_num_153,line_chart_num,In which year did the average apartment price see the smalle,2020,"The average apartment price increased by:

- **2017 to 2018:** +10
- **2018 to 2",True,0.0
line_num_348,line_chart_num,In which month did Youtube users reach half the number of Fa,May 2020,"From the chart:

- Facebook users: 3000, 3200, 3500, 3700 million
- Half of Face",True,0.0
236,histogram,How many houses were sold in the price range of 400-500 thou,50,"In the **400–500 thousand** price range, **50 houses** were sold.",True,0.0
rings_291,rings,Which two categories have the highest ratio in Employee Mana,Retention Rate and Performance Evaluation,The two categories with the highest ratio are **Retention Rate** and **Performan,False,0.0
heatmap_25,heatmap,How many more potatoes does Farm E produce compared to Farm ,100,"Farm E produces **100 more potatoes** than Farm D.

- **Farm D potatoes:** 500
-",True,0.0
radar_239,radar,Which subject showed continuous improvement over all four te,All listed subjects,"From the chart, **all subjects** showed continuous improvement across the four t",False,0.0
line_270,line_chart,How many more visitors were there in June compared to Februa,4000 visitors,"From the chart:

- **February:** 15,000 visitors  
- **June:** 19,000 visitors  ",True,0.0
pie_424,pie_chart,What is the percentage of females using healthcare services ,60%,The chart shows that **females account for 60%** of healthcare service usage in ,True,0.0
bubble_241,bubble,What is the cost for investing in Renewable Energy?,2.5 Billion $,The cost for investing in **Renewable Energy** is **$2.5 billion**.,True,0.0
area_chart_48,area_chart,How many units were produced in December?,3400,"In **December**, **3,400 units** were produced.",True,0.0
pie_477,pie_chart,What percentage of electricity generation in the USA is cont,38%,Renewable energy contributes **38%** of electricity generation in the USA in 202,True,0.0
line_466,line_chart,By how much did the online sales exceed offline sales in Jul,$80 billion,"In **July 2020**:

- **Online sales** = **320 billion dollars**
- **Offline sale",True,0.0
heatmap_155,heatmap,Which country has the highest yield for soybeans per hectare,India,"According to the dataset, **India** has the highest **soybean yield**, at **3.0 ",True,0.0
multi-axes_174,multi-axes,How many bottles of water were sold?,2082,"The number of **water bottles sold** is **14,500**.",False,0.0
pie_358,pie_chart,What percentage of the industry distribution is accounted fo,7%,Fruits and Vegetables account for **7%** of the industry distribution.,True,0.0
area_chart_251,area_chart,Which category has the highest number of legal cases won?,Corporate,"From the chart, the category with the highest number of **legal cases won** appe",True,0.0
bar_num_356,bar_chart_num,Which region has the highest number of condominiums?,East,"The **East** region has the highest number of condominiums, with **540** units.",True,0.0
line_63,line_chart,By how much did Online Purchases increase from January to Ju,1200 million dollars,Online Purchases increased from **3000 million dollars in January** to **4200 mi,True,0.0
rose_41,rose,How much more popular is Music compared to Film?,90,"From the chart:

- **Music = 100**
- **Film = 10**

So, **Music is 90 points mor",True,0.0
pie_320,pie_chart,Which field has the least percentage distribution in higher ,Earth Science and Aerospace Engineering,The fields with the least percentage distribution are **Earth Science** and **Ae,False,0.0
line_num_176,line_chart_num,In which year was the difference between the number of laws ,2004,"From the chart:

- 2001: 500 passed, 50 rejected → difference = 450
- 2002: 450 ",True,0.0
line_num_95,line_chart_num,What were the expenses in 2004?,2000 billion dollars,The expenses in **2004** were **2000 billion dollars**.,True,0.0
area_chart_286,area_chart,Which industry has the highest percentage of Energy Consumpt,Energy Sector and Construction,"According to the chart, the **Construction** industry has the highest percentage",False,0.0
61,treemap,How much more is the percentage of Search Engines compared t,16%,"From the chart:

- **Search Engines = 20%**
- **Online Gaming = 5%**

Difference",True,0.0
line_4,line_chart,What is the total number of civil cases closed over the five,4400,"Civil cases closed each year are:

- 2000: 800
- 2001: 900
- 2002: 1000
- 2003: ",True,0.0
rings_239,rings,What sector has the highest ratio according to the chart?,Public Services,"According to the chart, **Public Services** has the highest ratio at **30%**.",True,0.0
area_chart_90,area_chart,Which category has the highest Water Usage?,Government,The category with the highest **Water Usage** is **Manufacturing**.,False,0.0
bubble_162,bubble,What was the Production Volume in April?,74,"The chart shown is about **social media and web statistics**, not production vol",False,0.0
bubble_120,bubble,What is the Overall Revenue for Visual Arts?,25000 Million $,"The overall revenue for **Visual Arts** is **25,000 million dollars** (or **$25 ",True,0.0
line_471,line_chart,What is the difference in consumption between fast food and ,1000,"In the **UK**:

- **Fast food consumption** = **3500**
- **Healthy food consumpt",True,0.0
pie_43,pie_chart,What percentage of donations to nonprofit organizations come,5%,Government sources account for **5%** of donations to nonprofit organizations.,True,0.0
heatmap_138,heatmap,How many devices fall under the E-commerce category?,500,The **E-commerce** category has **500 devices**.,True,0.0
candlestick_19,candlestick,What was the low price on 2019-04-23?,49.2,The low price on **2019-04-23** was **49.2**.,True,0.0
heatmap_296,heatmap,How many more training hours does the IT department have com,20 hours,"The IT department has **20 more training hours** than the Marketing department.
",True,0.0
pie_276,pie_chart,What percentage of retail sales do Specialty Stores and Supe,30%,"Specialty Stores contribute **15%** and Supermarkets contribute **15%**.

Collec",True,0.0
heatmap_35,heatmap,Which country has the highest Average Daily Rate?,Italy,"From the heatmap, the **United States** has the highest **Average Daily Rate (US",True,0.0
rose_211,rose,Which form of entertainment had the lowest popularity in 202,Television,The form of entertainment with the lowest popularity in 2021 was **Television**.,True,0.0
multi-axes_173,multi-axes,What is the total number of published papers (in thousands) ,157 thousand,"From the chart:

- **Computer Sciences** published papers = **50 thousand**
- **",False,0.0
line_314,line_chart,By how many employees did the company increase from 2017 to ,40,"From the chart, employees were:

- **60** in **2017**
- **100** in **2019**

So ",True,0.0
area_chart_79,area_chart,What was the production trend for Corn from 2018 to 2023?,It increased every year,"Corn production showed a steady upward trend from 2018 to 2023.

- 2018: 250 bus",False,0.0
line_num_43,line_chart_num,How many thousand units more did Product B produce than Prod,210 thousand units,"In February:

- Product B = 300 thousand units
- Product D = 90 thousand units

",True,0.0
radar_75,radar,How much is the profit per hectare of soybean?,$15,The profit for soybean is **$12 per hectare**.,False,0.0
line_327,line_chart,How much did the donations increase from the year 2015 to 20,$700,"From the chart, donations were:

- **2015:** 1800  
- **2016:** 2500  

Increase",True,0.0
30,histogram,What is the total number of users who spend between 3 and 6 ,125 million,"Users spending between **3 and 6 hours daily** fall in these ranges:

- **3–4 ho",True,0.0
pie_382,pie_chart,How much greater is the percentage of individuals with a Hig,15%,"The percentage with a **High School diploma** is **30%**, and with an **Associat",True,0.0
line_num_163,line_chart_num,What was the Inflation Rate in 2004?,1.6%,The inflation rate in **2004** was **2.8%**.,False,0.0
rings_34,rings,Which category has the second-highest ratio in the State of ,Social Programs,The category with the **second-highest ratio** is **Social Programs**.,True,0.0
bubble_220,bubble,How many units of Furniture were sold?,"10,000","Furniture sold **10,000 units**.",True,0.0
94,treemap,What percentage of cases are managed by Special Jurisdiction,20%,Special Jurisdiction Courts manage **20%** of cases.,True,0.0
line_91,line_chart,How many paintings were created in 2003?,900,"In 2003, **900 paintings** were created.",True,0.0
pie_422,pie_chart,What percentage of students are studying Biomedical Engineer,10%,"According to the chart, **Biomedical Engineering** accounts for **9.1%** of stud",True,0.0
pie_470,pie_chart,How much larger is the investment in Bonds compared to Cash ,30%,"Bonds are **30 percentage points larger** than Cash in 2023.

- **Bonds:** 40%
-",True,0.0
heatmap_230,heatmap,How many units of bicycles are used in Chicago?,150,Chicago uses **150 units** of bicycles.,True,0.0
line_77,line_chart,Which product experienced the highest increase in orders fro,Order D,"From the chart, the change from **January to May** is:

- **Order A:** 50 → 55 =",True,0.0
heatmap_173,heatmap,Which country shares the same Happiness percentage as the Un,United Kingdom,"The United States has a Happiness percentage of 75%.

The countries with the sam",True,0.0
bar_num_322,bar_chart_num,Which region has the highest number of filed cases?,South,"The **South** region has the highest number of **filed cases**, with **500 cases",True,0.0
pie_311,pie_chart,Which education level has the highest percentage according t,Secondary School,Secondary School has the highest percentage at **35%**.,True,0.0
pie_394,pie_chart,How much percent share does the Construction sector hold in ,20%,The Construction sector holds 18.2% of the USA's manufacturing sectors distribut,True,0.0
area_chart_10,area_chart,Which month had the highest waste production?,January,January had the highest waste production.,True,0.0
rose_275,rose,Which mode of transport had the highest usage value in 2021?,Road,"Road had the highest usage value in 2021, at about 125.",True,0.0
line_252,line_chart,How many cases were filed in 2003?,2700,"In **2003**, **2,700 cases** were filed.",True,0.0
line_num_469,line_chart_num,"What is the total energy output from wind, solar, and hydro ",2750 MW,"In March:

- Wind: 1500 MW
- Solar: 800 MW
- Hydro: 450 MW

Total energy output ",True,0.0
area_chart_253,area_chart,Which category has the smallest difference between retail sa,Toys,The category with the smallest difference between retail sales and e-commerce sa,True,0.0
bubble_128,bubble,How much higher is the implementation cost for Defence Strat,$500 billion,"From the chart:

- **Defence Strategies** implementation cost = **$700 billion**",True,0.0
heatmap_54,heatmap,What is the average training hours for the Sales department?,25,The Sales department has **25 training hours** on average.,True,0.0
rings_89,rings,What percentage of finances is allocated to Public Relations,10%,Public Relations is allocated **10%** of the finances.,True,0.0
line_num_189,line_chart_num,By how much did the GDP (trillion dollars) increase from 200,0.2,"From the chart, GDP was:

- **2001:** 3.2 trillion dollars  
- **2002:** 3.4 tri",True,0.0
bubble_196,bubble,What is the Satisfaction Score for graduates in Social Scien,9.1,The satisfaction score for **Social Sciences** graduates is **8 out of 10**.,True,0.0
pie_35,pie_chart,Which platform has the lowest percentage usage according to ,"Both Reddit, Snapchat, and LinkedIn have the lowest percentage usage at 5%","The lowest percentage usage is **5%**, shared by **Reddit, Snapchat, and LinkedI",True,0.0
line_89,line_chart,What is the average score for students in the 11th grade?,93,The average score for students in the **11th grade** is **93**.,True,0.0
175,funnel,How much higher is the percentage of Electronics compared to,23%,"The image shown is about **house purchases in 2020**, not **E-commerce sales in ",True,0.0
pie_327,pie_chart,Which platform has the same usage percentage as Facebook?,Instagram,Instagram has the same usage percentage as Facebook: **20%**.,True,0.0
bar_num_364,bar_chart_num,How much greater is the healthcare expenditure in the USA co,$600 billion,"From the chart:

- **USA healthcare expenditure** = **1000**
- **France healthca",True,0.0
heatmap_204,heatmap,What is the value of Wheat production in Tonnes per Hectare ,3.2,The value for **Wheat production in Tonnes per Hectare** under **Crop Acreage** ,True,0.0
heatmap_129,heatmap,By how many million tonnes does China's paper production exc,200 million tonnes,"From the chart:

- **China paper production** = **600 million tonnes**
- **Unite",True,0.0
line_51,line_chart,What was the price of Photography B in January?,$3000,Photography B in January was **$3000**.,True,0.0
area_chart_203,area_chart,How many cultural festivals events occurred in 2023?,10,"In **2023**, **10 cultural festival events** occurred.",True,0.0
multi-axes_217,multi-axes,What is the difference between the average length of suit fo,-1 month,"From the chart, the **average length of suit** is:

- **Criminal cases:** 15 mon",False,0.0
rose_80,rose,How many more students are enrolled in History compared to S,130 students,"History has **230** students and Sociology has **100** students.

**Difference: ",True,0.0
pie_255,pie_chart,What is the combined percentage of participation for Tennis ,25%,"Tennis is **15%** and Baseball is **10%**, so their combined participation is **",True,0.0
line_338,line_chart,What is the Solar Energy Production in the UK for the year 2,9000 kWh,"The **Solar Energy Production in the UK for 2021** is **9,000 kWh**.",True,0.0
line_65,line_chart,Which country has the highest number of museums?,Italy,"From the chart, **Italy** has the highest number of museums, with **300 museums*",True,0.0
area_chart_249,area_chart,What is the difference between the condo sales and vacant la,"60,000","From the chart for **2017**:

- **Condo sales** = **210 (000s)**
- **Vacant land",False,0.0
line_472,line_chart,What was the difference in sales between online and store sa,200,"In **2020**:

- **Online sales** = **800**
- **Store sales** = **600**

**Differ",True,0.0
line_num_474,line_chart_num,What is the total increase in production units for Product D,30,"Product D increased from **400 units in 2001** to **430 units in 2004**.

**Tota",True,0.0
radar_57,radar,Which aspect has the highest score in Labs Condition?,Robotics,"In **Labs Condition**, the highest score is in **Robotics**, with a score of **9",True,0.0
line_349,line_chart,How many more gallery visits were there in October compared ,80 visits,"From the chart, **gallery visits** were:

- **October:** 150
- **November:** 90
",False,0.0
rings_286,rings,What is the ratio of Fiscal Management?,20%,"Fiscal Management is **20%** of the chart.

So its ratio is **20:100**, which si",True,0.0
line_num_270,line_chart_num,How many million art gallery visits were there in 2002?,120,"In **2002**, there were **120 million** art gallery visits.",True,0.0
pie_293,pie_chart,What percentage of the US energy sources is composed of coal,20%,Coal composes **20%** of the US energy sources in 2023.,True,0.0
bubble_275,bubble,What was the Production Volume in April?,74,"In **April** (Furniture), the **production volume/quantity** was **400 thousand ",False,0.0
pie_316,pie_chart,What is the percentage difference between Treatment B and Tr,8%,"Treatment B is **24%** and Treatment D is **16%**.

The percentage difference is",True,0.0
pie_7,pie_chart,Which Art Form has the lowest percentage according to the da,Media Arts,"The art form with the lowest percentage is **Media Arts**, at **10%**.",True,0.0
pie_237,pie_chart,What is the combined percentage of Internet usage for Office,40%,"Office is **20%** and Public is **20%**.

So, the combined percentage is:

**20%",True,0.0
12,treemap,How much higher is the funding percentage for Anthropology c,10%,"From the chart:

- **Anthropology** = **18%**
- **Political Science** = **11%**
",True,0.0
pie_428,pie_chart,What is the combined percentage of Options and Futures in th,25%,"Options are 15% and Futures are 10%, so combined they make **25%**.",True,0.0
heatmap_243,heatmap,What is the difference in profit margin percentage between t,8%,"The **IT** department has a profit margin of **30%**, and **Marketing** has **22",True,0.0
heatmap_128,heatmap,What is the difference in Total Tourism Revenue between the ,5 billion USD,"From the chart:

- **United States Total Tourism Revenue** = **20 USD**
- **Fran",True,0.0
heatmap_183,heatmap,How many million tonnes of corn were exported?,250,Corn exports were **22 million tonnes**.,False,0.0
line_402,line_chart,Which month had the highest Online Sales?,July,"**July** had the highest Online Sales, at **81 million dollars**.",True,0.0
rose_153,rose,How many products were sold in the Beauty category?,80,The **Beauty** category sold **80 products**.,True,0.0
area_chart_43,area_chart,How much more wind energy does the commercial sector consume,1000 kWh,"From the chart:

- Residential wind energy = **1,000 kWh/gal**
- Commercial wind",True,0.0
bubble_98,bubble,What is the Global Reach of Cinema in millions?,150,Cinema has a **global reach of 150 million**.,True,0.0
line_10,line_chart,How much did the Rental Price per Month increase from 2020 t,$400,"The rental price per month increased from **$1,200** in 2020 to **$1,600** in 20",True,0.0
line_num_413,line_chart_num,How many vaccine doses were administered in Mexico?,20 million doses,Mexico administered **20 million doses**.,True,0.0
line_19,line_chart,In which year were Donations B the highest?,2018,Donations B were highest in **2018**.,True,0.0
area_chart_71,area_chart,How much was spent on Social Programs in 2020?,10000,"Social Programs spending in **2020** was **10,000 million** (or **10 billion**).",True,0.0
rings_234,rings,What is the percentage ratio of Rail transportation accordin,15%,Rail transportation accounts for **14%** of the data.,True,0.0
multi-axes_103,multi-axes,How much did the Employment Rate (%) change from 2015 to 202,2%,"The Employment Rate increased from **85% in 2015** to **87% in 2021**.

**Change",True,0.0
pie_249,pie_chart,By what percentage does Desktop usage exceed Mobile for shop,20%,"Desktop usage is **45%** and Mobile usage is **25%**.

So, Desktop exceeds Mobil",True,0.0
pie_355,pie_chart,What percentage of retail shopping is made up by Grocery Sto,30%,Grocery Stores make up **30%** of retail shopping.,True,0.0
line_181,line_chart,What was the production of Product C(units/day) in 2001?,120,Product C in 2001 was **120 units/day**.,True,0.0
line_num_112,line_chart_num,What is the Salary (USD) for the age group 50-59?,100000,"For the age group **50–59**, the **Salary** is **$100,000 USD**.",True,0.0
bubble_157,bubble,What is the Quality Assurance Score for Electronics?,9,The **Quality Assurance Score for Electronics** is **9.0**.,True,0.0
225,funnel,What percentage of the revenue is contributed by Food Servic,25%,The image shown is a funnel chart about **technology adoption among internet use,False,0.0
heatmap_30,heatmap,Which category has the highest employee count?,Fast Food,"The category with the highest **Employee Count** is **Food Trucks**, with **0.20",False,0.0
heatmap_77,heatmap,Which art form has the highest score in the Modern category?,Theatre,"In the **Modern** category, **Theatre** has the highest score: **60**.",True,0.0
line_71,line_chart,Which month had the highest wind energy production?,April,"Wind energy production was highest in **April**, at **1800 kWh**.",True,0.0
pie_6,pie_chart,Which type of energy has the smallest share in the US renewa,Biomass,Biomass has the smallest share at 5%.,True,0.0
area_chart_63,area_chart,How many publications were there in Engineering in 2020?,550,There were **550 Engineering publications** in **2020**.,True,0.0
radar_122,radar,Which healthcare facility has the highest average score acro,Rehabilitation Center,"From the chart, the average score for each facility across all aspects is:

- **",True,0.0
45,treemap,Which category has the smallest percentage in manufacturing ,Machinery,The category with the smallest percentage is **Machinery**.,True,0.0
line_310,line_chart,What is the revenue difference between Revenue B and Revenue,100,"In March:

- **Revenue B = 1600**
- **Revenue C = 1700**

**Difference = 1700 - ",True,0.0
line_140,line_chart,Which crop had the lowest production in the year 2002?,Crop B,"In 2002, **Crop B** had the lowest production, at **110 tonnes**.",True,0.0
line_463,line_chart,What percentage of Renewable Energy Consumption was achieved,25%,"In **2021**, the **Renewable Energy Consumption** was **18%**.",False,0.0
line_num_441,line_chart_num,How many million more Online Shopping Users were there in 20,1800 million,Online Shopping Users increased from **200 million** in 2010 to **2000 million**,True,0.0
line_403,line_chart,What was the life expectancy in 2002?,69 years,The life expectancy in **2002** was **69 years**.,True,0.0
rose_208,rose,Which field has the least number of professionals according ,Mathematics,"According to the chart, **Mathematics** has the least number of professionals, w",True,0.0
line_num_491,line_chart_num,In which year did Sculpture A have the lowest value?,2001,Sculpture A had its lowest value in **2001**.,True,0.0
bar_num_490,bar_chart_num,What is the combined GDP of the UK and Germany according to ,$27 billion,"According to the chart, the GDP values are:

- **UK:** 12 billion  
- **Germany:",True,0.0
rings_44,rings,Which domains have the same ratio in 2023?,Artificial Intelligence and Data Science,"In 2023, **Artificial Intelligence** and **Data Science** have the same ratio: *",False,0.0
bubble_96,bubble,Whose artwork was created in the earliest year?,Van Gogh's artwork was created in 1888,"The earliest artwork year shown is **1888**, which belongs to **Vincent van Gogh",True,0.0
area_chart_194,area_chart,How many projects are there in Environmental Science for Oce,10,"In **Oceanography**, the number of **Environmental Science projects** is **10**.",True,0.0
heatmap_100,heatmap,Which platform has the highest Average Comments per Post?,YouTube,"YouTube has the highest **Average Comments per Post**, with **60 comments per po",True,0.0
pie_167,pie_chart,How much greater is the percentage of Renewable Energy compa,35%,"Renewable Energy is **35 percentage points greater** than Natural Gas.

- Renewa",True,0.0
bubble_172,bubble,Which farm has the highest total yield when combining both f,Golden Plains Farm,"To find the highest total yield, add fruit yield and vegetable yield for each fa",True,0.0
area_chart_115,area_chart,Which period shows the highest influence for Psychology?,Medieval,Psychology shows the highest influence during the **Medieval** period.,True,0.0
172,funnel,Which department has the smallest percentage according to th,Production,"The **Conversion** stage has the smallest percentage, at **16%**.",False,0.0
pie_135,pie_chart,What percentage of investment assets is allocated to Commodi,15%,Commodities are allocated **15%** of the investment assets in 2023.,True,0.0
heatmap_213,heatmap,Which region has the highest Crop Yield per Hectare?,Asia,"Asia has the highest **Crop Yield per Hectare**, at **4.0 tonnes per hectare**.",True,0.0
heatmap_279,heatmap,How much cash does the Financial Services sector have accord,45000 million,"According to the heatmap, the **Financial Services** sector has **45,000 million",True,0.0
pie_385,pie_chart,Which mode of transport has the smallest percentage in the U,Others,"The smallest percentage is **Others**, at **5%**.",True,0.0
line_317,line_chart,How much has the average house price increased from 2017 to ,200000,"From the chart, the average house price was about **$500,000 in 2017** and **$70",True,0.0
line_num_111,line_chart_num,What was the increase in total sales from 2009 to 2012?,$1200 million,Total sales increased from **1200 million dollars** in 2009 to **2400 million do,True,0.0
multi-axes_86,multi-axes,How many more volunteers does International Aid have compare,410 volunteers,"International Aid has **420 more volunteers** than Cultural Preservation.

- **I",True,0.0
line_num_94,line_chart_num,How many traffic violations occurred in 2019?,2500,"In 2019, there were **2,500 traffic violations**.",True,0.0
area_chart_241,area_chart,Which mode of transportation has the lowest number of Transp,Sea,The mode of transportation with the lowest number of **Transportation Units** is,True,0.0
line_399,line_chart,What is the average output of A in the first quarter (Januar,141.67 tonnes,"Output A for January to March is:

- January: 100
- February: 150
- March: 175

",True,0.0
rose_238,rose,What is the value assigned to the Immigration policy area?,45,The value assigned to **Immigration** is **45**.,True,0.0
rings_151,rings,What is the combined percentage for Taxation and Employment?,25%,"Taxation is **17%** and Employment is **8%**.

Combined percentage: **25%**.",True,0.0
58,treemap,Which policy area has the highest budget allocation accordin,Defense,"According to the chart, **Investment** has the highest budget/revenue allocation",False,0.0
line_290,line_chart,How much did the average home price increase from 2001 to 20,300 thousand dollars,"From the chart, the average home price went from **$200,000 in 2001** to **$500,",False,0.0
pie_150,pie_chart,What is the combined percentage of international travel dest,25%,"France is **15%** and Italy is **10%**.

Combined: **25%**.",True,0.0
bubble_58,bubble,What was the Production Volume in April?,74,The chart shown is about **revenue and customer satisfaction in the retail secto,False,0.0
line_95,line_chart,Which sports team had the lowest win/loss record in 2018?,Sports Team D,"In **2018**, **Sports Team D** had the lowest win/loss record, with **300 wins**",True,0.0
pie_280,pie_chart,Which sport is the least popular among the ones listed?,"Ice Hockey and Other Sports are the least popular, both at 10%","The least popular sports listed are **Ice Hockey** and **Other Sports**, tied at",True,0.0
line_109,line_chart,What was the energy output in the month with the highest car,87 GWh,"The month with the highest carbon emissions is **July** at **45,000 kg**.

The *",True,0.0
heatmap_232,heatmap,How many more points did the New York Yankees score compared,204 points,"From the chart, the New York Yankees have:

- **Points For:** 950  
- **Points A",True,0.0
pie_391,pie_chart,What percentage of agricultural production do dairy products,15%,Dairy products represent **15%** of agricultural production in the USA in 2023.,True,0.0
bar_num_128,bar_chart_num,Which country has the highest ratio of social media users to,Germany,"From the chart:

- USA: 350 / 350 = 1.00  
- UK: 90 / 90 = 1.00  
- Germany: 80 ",True,0.0
heatmap_298,heatmap,Which region has the lowest electronics production volume?,South America,"South America has the lowest electronics production volume, at 400 billion units",True,0.0
line_394,line_chart,Which product had the lowest production output in April?,Production D,"In April, **Product D** had the lowest production output, with **800 units**.",False,0.0
area_chart_22,area_chart,How many bushels were harvested in October?,950,"In October, the crop yield was **950 bushels**.",True,0.0
rose_143,rose,How much greater is the volume of goods transported by air c,400,"From the chart:

- **Air:** 1000
- **Rail:** 600

Difference:

**1000 - 600 = 40",True,0.0
area_chart_208,area_chart,In which quarter was the total number of residential sales t,4th Quarter,The highest total number of residential sales was in **Single-family Homes (Sale,False,0.0
radar_114,radar,Which subject has the highest classroom participation percen,Physics,The subject with the highest **classroom participation percentage** is **English,False,0.0
line_num_254,line_chart_num,What was the yield of maize in 2005?,1400 tonnes,The yield of maize in **2005** was **1400 tonnes**.,True,0.0
heatmap_255,heatmap,What is the Debt to GDP Ratio (%) for the United Kingdom?,90,The United Kingdom's **Debt to GDP Ratio** is **90.0%**.,True,0.0
bubble_143,bubble,How much is the Revenue per Available Room ($) for the Shera,$91.8,The Sheraton’s Revenue per Available Room is **$135**.,False,0.0
line_179,line_chart,In which age group is the female percentage the highest?,75+,"The **female percentage is highest in the 75+ age group**, at **90%**.",True,0.0
rings_263,rings,What percentage of the Employee Management Analysis is attri,19%,Employee Engagement is **19%** of the Employee Management Analysis.,True,0.0
pie_446,pie_chart,What percentage of the manufacturing sectors does the Metall,15%,Metallurgy represents **13.6%** of the manufacturing sectors in the USA for 2023,True,0.0
bubble_70,bubble,Which material has an environmental impact score of 5?,Silicon,The material with an environmental impact score of **5** is **Silicon**.,True,0.0
329,funnel,What is the value of Shipments during the Project Planning s,666,The value of **Shipments** during the **Project Planning** stage is **666**.,True,0.0
line_num_285,line_chart_num,What is the increase in electricity production from March to,1000 MW,"Electricity production **decreased** from March to April.

- **March:** 5000 MW ",False,0.0
line_206,line_chart,What was the hotel occupancy rate in 2021?,70%,The hotel occupancy rate in **2021** was **70%**.,True,0.0
pie_287,pie_chart,What percentage of online sales does Home Appliances account,8%,Home Appliances accounts for **8%** of online sales.,True,0.0
258,treemap,What percentage of the revenue distribution is made up by Va,23%,"Vacation Rentals and Bed & Breakfasts together make up:

15% + 8% = 23%

So, the",True,0.0
heatmap_21,heatmap,Which country has the highest Average Daily Rate ($)?,France,France has the highest Average Daily Rate at **$150**.,True,0.0
pie_347,pie_chart,What is the combined percentage of healthcare utilization fo,40%,"The age groups **35–44** and **45–54** are each **20%**.

So, their combined hea",True,0.0
area_chart_226,area_chart,How many condominiums were built in 2020?,500,"In **2020**, **500 condominiums** were built.",True,0.0
heatmap_189,heatmap,Which category has the highest Rice Production?,Category 5,"The highest **Rice Production** is in **Category 5**, with about **200 tonnes**.",True,0.0
line_315,line_chart,By how much did the number of international visitors to Lond,150000,"From the chart, international visitors increased from **150,000 in 2018** to **3",True,0.0
radar_196,radar,What was the Production Volume in April?,74,The **Production Volume in April** was **80**.,True,0.0
pie_155,pie_chart,What percentage more of global tourism does Europe have comp,10%,"Europe has **30%** of global tourism, while the Americas have **20%**.

So, Euro",True,0.0
line_209,line_chart,By how much did the donations to Charity A increase from 201,20 million dollars,Donations to **Charity A** increased from **100 million dollars in 2016** to **1,True,0.0
rose_157,rose,What is the quantity value for Organic Farming?,43,The quantity value for **Organic Farming** is **45**.,True,0.0
line_475,line_chart,In which year did the Corn Yield (tons) reach its maximum ac,2006,"According to the chart, **Corn Yield reached its maximum in 2002 and 2006**, at ",True,0.0
line_num_257,line_chart_num,How much higher is the temperature in July compared to Janua,12 degrees Celsius,"From the chart, the temperature is **25** in January and **37** in July.

So, th",True,0.0
line_451,line_chart,In which year did Biodynamic Farming reach double digits for,2019,Biodynamic Farming reached double digits for the first time in 2019.,True,0.0
area_chart_232,area_chart,In which month did Music concerts have the lowest attendance,April,"From the chart, **Music concerts had the lowest attendance in December**.",False,0.0
bar_num_415,bar_chart_num,In which month was the electricity consumption the highest?,April,The electricity consumption was highest in **April**.,True,0.0
line_num_208,line_chart_num,What was the Growth Rate percentage in 2023?,12%,The Growth Rate in **2023** was **12%**.,True,0.0
rings_250,rings,What is the ratio for Chronic Diseases and Mental Health com,32%,"From the chart:

- **Chronic Diseases = 19%**
- **Mental Health = 13%**

Combine",True,0.0
bubble_218,bubble,What is the average salary of the Marketing department?,"$72,000","The average salary of the **Marketing** department is **$72,000**.",True,0.0
pie_272,pie_chart,Which category accounts for the smallest percentage in the s,Animation and Simulation,"The smallest category is **Simulation**, at **4.8%**.  
**Animation** is also **",False,0.0
pie_491,pie_chart,What percentage of people have completed High School?,25%,"According to the chart, **25%** of people have completed **High School**.",True,0.0
line_417,line_chart,How many more people were interested in basketball than foot,2000,"In 2014:

- Basketball: 6,500 thousand
- Football: 4,500 thousand

Difference = ",True,0.0
multi-axes_175,multi-axes,How much did the Median Price (USD) increase from 2016 to 20,"$49,100","From the chart:

- **2016 Median Price** = **$235,000**
- **2020 Median Price** ",True,0.0
