{"rreds":{"0":12.1646671295,"1":11.9288825989,"2":12.341381073,"3":12.8802242279,"4":12.9142904282,"5":12.9991827011,"6":12.6989107132,"7":13.2077112198,"8":12.827337265,"9":12.7077274323,"10":12.5656232834,"11":12.7464475632,"12":13.0709552765,"13":12.724070549,"14":14.1034965515,"15":13.6123447418,"16":13.0417490005,"17":13.233672142,"18":13.2660417557,"19":13.3335828781,"20":12.9150762558,"21":13.0455598831,"22":13.3271551132,"23":13.8276119232,"24":13.6902389526},"rredt":{"0":3.5312321186,"1":3.6236715317,"2":13.5413541794,"3":14.0299539566,"4":13.7485103607,"5":11.5003442764,"6":11.5729370117,"7":12.9806995392,"8":14.1575164795,"9":11.4947385788,"10":10.7604379654,"11":9.5103540421,"12":22.673406601,"13":25.4795036316,"14":24.3415355682,"15":22.1689147949,"16":21.78556633,"17":19.2135620117,"18":21.3944168091,"19":20.5326385498,"20":23.132434845,"21":17.7719192505,"22":19.947177887,"23":19.7932720184,"24":19.4794616699},"rredssn":{"0":5.3120760918,"1":5.1338691711,"2":5.6788620949,"3":5.6531000137,"4":5.4012341499,"5":5.8317871094,"6":5.3546433449,"7":5.6614527702,"8":5.1316199303,"9":5.5873384476,"10":5.2957763672,"11":5.5347037315,"12":5.250477314,"13":3.0304946899,"14":2.7729952335,"15":2.8772771358,"16":2.3983435631,"17":2.4929437637,"18":2.5625193119,"19":2.6227793694,"20":2.1146745682,"21":2.7268993855,"22":2.6903297901,"23":3.0345132351,"24":2.6526546478},"rredtsn":{"0":0.886815846,"1":0.1806565672,"2":3.5150227547,"3":3.7053556442,"4":3.5103373528,"5":2.012663126,"6":2.3015444279,"7":2.1245527267,"8":1.4304332733,"9":3.3157885075,"10":3.2413160801,"11":0.3023299277,"12":4.7127895355,"13":7.5488505363,"14":11.3700056076,"15":7.78428936,"16":3.6950278282,"17":4.4174127579,"18":11.4340438843,"19":7.0243802071,"20":9.2210273743,"21":5.0415267944,"22":8.5631332397,"23":9.1626138687,"24":6.398021698}}