{"base":"/tmp/dist.y4m","comparisons":[{"filename":"/tmp/ref.y4m","apsnr":{"y":32.79963966001906,"u":37.59124524010779,"v":40.731151768811834,"avg":34.04351480538366}}]}
